ticker,n,first_ts,last_ts,dup_ts,ohlc_viol,nonpos,zero_vol,not_minute_aligned,flat_bars,volume,weekend_bars,night_bars
AFLT,335202,2025-09-25 03:59:00+00:00,2026-09-25 15:13:00+00:00,0,0.0,0.0,0.0,0.0,61654.0,677334850.0,78304.0,379.0
ALRS,317385,2025-09-25 03:59:00+00:00,2026-09-25 15:13:00+00:00,0,0.0,0.0,0.0,0.0,71297.0,954945576.0,65229.0,263.0
BRF6,38375,2025-10-12 07:34:00+00:00,2026-01-05 15:49:00+00:00,0,0.0,0.0,0.0,0.0,9571.0,5757243.0,2094.0,0.0
BRG6,36479,2025-11-10 06:00:00+00:00,2026-02-02 15:48:00+00:00,0,0.0,0.0,0.0,0.0,9470.0,7352560.0,2630.0,0.0
BRH6,42620,2025-11-29 08:28:00+00:00,2026-03-02 15:47:00+00:00,0,0.0,0.0,0.0,0.0,8634.0,8676399.0,4484.0,0.0
BRJ6,42583,2025-12-30 06:52:00+00:00,2026-04-01 15:59:00+00:00,0,0.0,0.0,0.0,0.0,8078.0,42139504.0,3783.0,0.0
BRK6,50076,2026-02-11 06:00:00+00:00,2026-05-04 15:59:00+00:00,0,0.0,0.0,0.0,0.0,3682.0,42232258.0,7412.0,0.0
BRM6,54865,2026-03-17 05:59:00+00:00,2026-06-01 15:59:00+00:00,0,0.0,0.0,0.0,0.0,4818.0,32213419.0,8167.0,0.0
BRN6,50822,2026-04-13 05:59:00+00:00,2026-07-01 15:59:00+00:00,0,0.0,0.0,0.0,0.0,6014.0,19635238.0,6496.0,0.0
BRQ6,54731,2026-05-04 05:59:00+00:00,2026-07-31 20:49:00+00:00,0,0.0,0.0,0.0,0.0,6844.0,22175839.0,7179.0,0.0
BRU6,57172,2026-06-02 05:59:00+00:00,2026-08-31 15:59:00+00:00,0,0.0,0.0,0.0,0.0,8500.0,16127786.0,6031.0,0.0
BRV5,4286,2025-09-25 05:59:00+00:00,2025-10-01 15:48:00+00:00,0,0.0,0.0,0.0,0.0,668.0,1214117.0,415.0,0.0
BRV6,50876,2026-07-13 05:59:00+00:00,2026-09-25 15:13:00+00:00,0,0.0,0.0,0.0,0.0,7564.0,18111664.0,3924.0,0.0
BRX5,25792,2025-09-25 06:00:00+00:00,2025-11-01 20:47:00+00:00,0,0.0,0.0,0.0,0.0,2535.0,7575327.0,2443.0,0.0
BRX6,24597,2026-08-10 03:59:00+00:00,2026-09-25 15:12:00+00:00,0,0.0,0.0,0.0,0.0,5193.0,1215776.0,1053.0,0.0
BRZ5,38649,2025-09-25 06:00:00+00:00,2025-12-01 15:49:00+00:00,0,0.0,0.0,0.0,0.0,7240.0,6531432.0,2401.0,0.0
CRH6,78164,2025-10-22 05:59:00+00:00,2026-03-19 10:59:00+00:00,0,0.0,0.0,0.0,0.0,9409.0,429327801.0,348.0,0.0
CRM6,83322,2026-01-16 06:00:00+00:00,2026-06-18 10:59:00+00:00,0,0.0,0.0,0.0,0.0,9158.0,634926285.0,0.0,0.0
CRU6,99628,2026-04-17 06:00:00+00:00,2026-09-17 10:59:00+00:00,0,0.0,0.0,0.0,0.0,11750.0,709054924.0,4808.0,0.0
CRZ5,52033,2025-09-25 05:59:00+00:00,2025-12-18 10:59:00+00:00,0,0.0,0.0,0.0,0.0,2809.0,419232356.0,816.0,0.0
CRZ6,47027,2026-07-15 04:00:00+00:00,2026-09-25 15:11:00+00:00,0,0.0,0.0,0.0,0.0,10596.0,120337097.0,2465.0,0.0
GAZP,360210,2025-09-25 03:59:00+00:00,2026-09-25 15:13:00+00:00,0,0.0,0.0,0.0,0.0,38101.0,1714555480.0,99572.0,663.0
GDH6,100238,2025-09-29 05:59:00+00:00,2026-03-20 10:57:00+00:00,0,0.0,0.0,0.0,0.0,13169.0,16253844.0,7597.0,0.0
GDM6,112300,2025-09-29 05:59:00+00:00,2026-06-19 10:56:00+00:00,0,0.0,0.0,0.0,0.0,20022.0,12875219.0,9767.0,0.0
GDU6,97422,2026-04-07 05:59:00+00:00,2026-09-18 10:59:00+00:00,0,0.0,0.0,0.0,0.0,13536.0,12055500.0,7000.0,0.0
GDZ5,57636,2025-09-25 05:59:00+00:00,2025-12-19 10:58:00+00:00,0,0.0,0.0,0.0,0.0,2844.0,19349189.0,5360.0,0.0
GDZ6,36021,2026-07-13 05:59:00+00:00,2026-09-25 15:09:00+00:00,0,0.0,0.0,0.0,0.0,9373.0,1764328.0,1331.0,0.0
GMKN,325021,2025-09-25 03:59:00+00:00,2026-09-25 15:13:00+00:00,0,0.0,0.0,0.0,0.0,51147.0,577577325.0,68516.0,382.0
GZH6,70426,2025-10-21 05:59:00+00:00,2026-03-19 15:49:00+00:00,0,0.0,0.0,0.0,0.0,14951.0,10789167.0,6077.0,0.0
GZM6,76816,2026-01-12 06:08:00+00:00,2026-06-18 17:13:00+00:00,0,0.0,0.0,0.0,0.0,16888.0,12323814.0,7454.0,0.0
GZU6,85292,2026-04-23 06:00:00+00:00,2026-09-17 15:59:00+00:00,0,0.0,0.0,0.0,0.0,14032.0,25377328.0,7283.0,0.0
GZZ5,55182,2025-09-25 05:59:00+00:00,2025-12-18 15:49:00+00:00,0,0.0,0.0,0.0,0.0,6300.0,14366375.0,5543.0,0.0
GZZ6,42884,2026-06-01 06:00:00+00:00,2026-09-25 15:10:00+00:00,0,0.0,0.0,0.0,0.0,15008.0,5463875.0,2834.0,0.0
LKOH,352217,2025-09-25 03:59:00+00:00,2026-09-25 15:13:00+00:00,0,0.0,0.0,0.0,0.0,47224.0,304129196.0,91994.0,754.0
MGNT,284222,2025-09-25 03:59:00+00:00,2026-09-25 15:13:00+00:00,0,0.0,0.0,0.0,0.0,73183.0,111226394.0,44220.0,134.0
MXH6,75453,2025-10-31 06:01:00+00:00,2026-03-19 15:49:00+00:00,0,0.0,0.0,0.0,0.0,13922.0,7186871.0,7213.0,0.0
MXM6,73186,2026-01-31 07:04:00+00:00,2026-06-18 15:59:00+00:00,0,0.0,0.0,0.0,0.0,14119.0,7409662.0,6490.0,0.0
MXU6,87113,2026-04-27 06:00:00+00:00,2026-09-17 15:59:00+00:00,0,0.0,0.0,0.0,0.0,9807.0,28809700.0,9003.0,0.0
MXZ5,58887,2025-09-25 05:59:00+00:00,2025-12-18 15:49:00+00:00,0,0.0,0.0,0.0,0.0,3872.0,14326652.0,7246.0,0.0
MXZ6,30569,2026-08-05 04:00:00+00:00,2026-09-25 15:05:00+00:00,0,0.0,0.0,0.0,0.0,7873.0,3181340.0,2294.0,0.0
NVTK,342524,2025-09-25 03:59:00+00:00,2026-09-25 15:13:00+00:00,0,0.0,0.0,0.0,0.0,49197.0,856007727.0,84309.0,388.0
PLZL,340379,2025-09-25 03:59:00+00:00,2026-09-25 15:13:00+00:00,0,0.0,0.0,0.0,0.0,51953.0,484541657.0,82040.0,550.0
RIH6,62732,2025-11-03 05:59:00+00:00,2026-03-19 15:49:00+00:00,0,0.0,0.0,0.0,0.0,10975.0,3609628.0,3563.0,0.0
RIM6,64600,2026-02-02 05:59:00+00:00,2026-06-18 15:58:00+00:00,0,0.0,0.0,0.0,0.0,10943.0,3700791.0,3503.0,0.0
RIU6,76583,2026-05-04 06:01:00+00:00,2026-09-17 15:59:00+00:00,0,0.0,0.0,0.0,0.0,10196.0,7124008.0,5366.0,0.0
RIZ5,54558,2025-09-25 05:59:00+00:00,2025-12-18 15:49:00+00:00,0,0.0,0.0,0.0,0.0,4636.0,5485076.0,3881.0,0.0
RIZ6,21488,2026-07-20 04:02:00+00:00,2026-09-25 15:04:00+00:00,0,0.0,0.0,0.0,0.0,7930.0,680077.0,1053.0,0.0
RNH6,32102,2025-10-21 06:00:00+00:00,2026-03-19 15:49:00+00:00,0,0.0,0.0,0.0,0.0,11014.0,744228.0,1571.0,0.0
RNM6,44477,2025-12-09 06:14:00+00:00,2026-06-18 15:53:00+00:00,0,0.0,0.0,0.0,0.0,15970.0,768031.0,2957.0,0.0
RNU6,61244,2026-02-03 08:10:00+00:00,2026-09-17 15:58:00+00:00,0,0.0,0.0,0.0,0.0,17020.0,1975871.0,3534.0,0.0
RNZ5,27567,2025-09-25 06:00:00+00:00,2025-12-18 15:49:00+00:00,0,0.0,0.0,0.0,0.0,9876.0,443396.0,1230.0,0.0
RNZ6,17590,2026-06-30 06:14:00+00:00,2026-09-25 15:06:00+00:00,0,0.0,0.0,0.0,0.0,6834.0,371906.0,911.0,0.0
ROSN,376963,2025-09-25 03:59:00+00:00,2026-09-25 15:13:00+00:00,0,0.0,0.0,0.0,0.0,42193.0,2776106962.0,115431.0,1010.0
SBER,387381,2025-09-25 03:59:00+00:00,2026-09-25 15:13:00+00:00,0,0.0,0.0,0.0,0.0,27725.0,7539293195.0,124717.0,1442.0
SRH6,62177,2025-11-03 05:59:00+00:00,2026-03-19 15:49:00+00:00,0,0.0,0.0,0.0,0.0,12986.0,6577701.0,4909.0,0.0
SRM6,65176,2026-02-01 08:56:00+00:00,2026-06-18 17:12:00+00:00,0,0.0,0.0,0.0,0.0,15735.0,5919165.0,5481.0,0.0
SRU6,86154,2026-02-08 13:27:00+00:00,2026-09-17 15:59:00+00:00,0,0.0,0.0,0.0,0.0,18960.0,12453840.0,7192.0,0.0
SRZ5,54141,2025-09-25 05:59:00+00:00,2025-12-18 15:49:00+00:00,0,0.0,0.0,0.0,0.0,5790.0,8771746.0,4928.0,0.0
SRZ6,21944,2026-07-28 04:00:00+00:00,2026-09-25 15:09:00+00:00,0,0.0,0.0,0.0,0.0,7900.0,1137706.0,938.0,0.0
SiH6,84457,2025-10-13 06:00:00+00:00,2026-03-19 15:49:00+00:00,0,0.0,0.0,0.0,0.0,6323.0,65994528.0,365.0,0.0
SiM6,87459,2026-01-12 06:00:00+00:00,2026-06-18 15:59:00+00:00,0,0.0,0.0,0.0,0.0,5433.0,94280805.0,0.0,0.0
SiU6,106348,2026-04-08 05:59:00+00:00,2026-09-17 15:59:00+00:00,0,0.0,0.0,0.0,0.0,6570.0,102130477.0,5411.0,0.0
SiZ5,52627,2025-09-25 05:59:00+00:00,2025-12-18 15:49:00+00:00,0,0.0,0.0,0.0,0.0,639.0,56852953.0,830.0,0.0
SiZ6,44768,2026-07-18 07:00:00+00:00,2026-09-25 15:03:00+00:00,0,0.0,0.0,0.0,0.0,7304.0,17266576.0,2834.0,0.0
TATN,337687,2025-09-25 03:59:00+00:00,2026-09-25 15:13:00+00:00,0,0.0,0.0,0.0,0.0,63353.0,735071907.0,80552.0,435.0
VTBR,376636,2025-09-25 03:59:00+00:00,2026-09-25 15:13:00+00:00,0,0.0,0.0,0.0,0.0,35486.0,21423278882.0,114586.0,1135.0
