rank,strategy_id,family,instruments,profitable_month_ratio,min_monthly_return,median_monthly_return,monthly_return_std,max_drawdown,longest_losing_month_streak,walk_forward_result,holdout_result,evidence
1,LIB_083,P_TSMOM,ALL,0.9090909090909091,-0.07863589812768623,0.01989120739744976,0.07458376956938978,0.33782983443234116,1.0,(in-sample конфигурация) 2026-01..06: +37.9%,2026-07..09: +7.3%,"library {""n"": 40, ""vn"": 60}"
2,C7_WF_PANEL_SORTINO_K1,candidate,ALL/EQ,0.875,-0.011033642584310306,0.00707616584928835,0.022302943177651503,0.05407986624753337,1.0,"OOS 2026-01..06: Sharpe 2.20, +13.5%, прибыльных мес. 83%","2026-07..09: -0.7%, прибыльных мес. 67%","frozen candidate, vol-target 10%"
3,LIB_404,P_TSMOM_S,ALL,0.8571428571428571,-0.09172115617548116,0.06571807130239904,0.08316886292499866,0.3673787538718898,1.0,(in-sample конфигурация) 2026-01..06: +37.3%,2026-07..09: -0.8%,"library {""n"": 120, ""vn"": 60}"
4,LIB_362,P_BRK_S,EQ,0.75,-0.06011765543371439,0.049099796335212886,0.06535752939714759,0.3201374583877623,1.0,(in-sample конфигурация) 2026-01..06: +35.7%,2026-07..09: +0.5%,"library {""n"": 55, ""vn"": 60}"
5,LIB_012,P_BRK,FUT,0.75,-0.07472338352818042,0.021762940243206685,0.08406338148691274,0.24225129385013133,1.0,(in-sample конфигурация) 2026-01..06: +37.1%,2026-07..09: +7.5%,"library {""n"": 10, ""vn"": 20}"
6,LIB_023,P_EMA,FUT,0.7272727272727273,-0.0563516191978124,0.0235571974189952,0.0765681394113753,0.16027771707740612,2.0,(in-sample конфигурация) 2026-01..06: +39.6%,2026-07..09: +4.0%,"library {""f"": 5, ""s"": 20, ""vn"": 60}"
7,LIB_028,P_BRK,FUT,0.7272727272727273,-0.0660263696918264,0.0358174678258365,0.0794836607661499,0.1977785279523232,1.0,(in-sample конфигурация) 2026-01..06: +40.3%,2026-07..09: +6.8%,"library {""n"": 10, ""vn"": 60}"
8,LIB_389,P_BRK_L,ALL,0.7272727272727273,-0.06772185047157109,0.007296876981854439,0.03619081252037601,0.22236383650670177,3.0,(in-sample конфигурация) 2026-01..06: -0.4%,2026-07..09: +6.1%,"library {""n"": 20, ""vn"": 20}"
9,LIB_060,P_BRK,EQ,0.7272727272727273,-0.0820823484682478,0.014733852120116353,0.05185819317234254,0.3186716725176666,2.0,(in-sample конфигурация) 2026-01..06: +10.4%,2026-07..09: +2.8%,"library {""n"": 10, ""vn"": 60}"
10,LIB_092,P_BRK,ALL,0.7272727272727273,-0.10344717671978287,0.03720527677796781,0.08386835208320699,0.3228189561050385,1.0,(in-sample конфигурация) 2026-01..06: +35.2%,2026-07..09: +6.7%,"library {""n"": 10, ""vn"": 60}"
11,LIB_284,P_TSMOM_S,FUT,0.7142857142857143,-0.04431433021090925,0.04344634944573045,0.0552378655131249,0.16726400368497707,1.0,(in-sample конфигурация) 2026-01..06: +25.9%,2026-07..09: +1.4%,"library {""n"": 120, ""vn"": 60}"
12,LIB_254,P_TSMOM_S,FUT,0.7142857142857143,-0.058860456105321646,0.03396967879962176,0.06166534781151478,0.15731478741508909,1.0,(in-sample конфигурация) 2026-01..06: +27.1%,2026-07..09: -2.3%,"library {""n"": 120, ""vn"": 20}"
13,LIB_344,P_TSMOM_S,EQ,0.7142857142857143,-0.08295834821183234,0.04249480184080312,0.06783964388906012,0.344172551878728,2.0,(in-sample конфигурация) 2026-01..06: +27.0%,2026-07..09: -2.3%,"library {""n"": 120, ""vn"": 60}"
14,LIB_021,P_TSMOM,FUT,0.7142857142857143,-0.08416022307937965,0.04813236043264624,0.05879724676547162,0.1488079183618538,1.0,(in-sample конфигурация) 2026-01..06: +8.4%,2026-07..09: +7.6%,"library {""n"": 120, ""vn"": 60}"
15,LIB_005,P_TSMOM,FUT,0.7142857142857143,-0.09657839790452272,0.05349244503304362,0.06314412190045528,0.11525560484733433,1.0,(in-sample конфигурация) 2026-01..06: +6.9%,2026-07..09: +5.8%,"library {""n"": 120, ""vn"": 20}"
16,LIB_314,P_TSMOM_S,EQ,0.7142857142857143,-0.10310645238496363,0.030002001934917644,0.07519564321892395,0.3127706756349653,2.0,(in-sample конфигурация) 2026-01..06: +26.5%,2026-07..09: -6.6%,"library {""n"": 120, ""vn"": 20}"
17,LIB_374,P_TSMOM_S,ALL,0.7142857142857143,-0.11647437294595875,0.06466528307646513,0.09179461018304276,0.3369002296531107,2.0,(in-sample конфигурация) 2026-01..06: +37.8%,2026-07..09: -6.5%,"library {""n"": 120, ""vn"": 20}"
18,LIB_342,P_TSMOM_S,EQ,0.7,-0.052437003469094634,0.021949215122731403,0.06488709939834739,0.317685395013541,2.0,(in-sample конфигурация) 2026-01..06: +33.1%,2026-07..09: +1.3%,"library {""n"": 60, ""vn"": 60}"
19,LIB_084,P_TSMOM,ALL,0.7,-0.07878890124675308,0.024414563551545143,0.08429765058282342,0.3257995747262612,2.0,(in-sample конфигурация) 2026-01..06: +35.6%,2026-07..09: +1.8%,"library {""n"": 60, ""vn"": 60}"
20,LIB_402,P_TSMOM_S,ALL,0.7,-0.07893820240860805,0.01102096663089469,0.08866106126998721,0.35593854024773464,2.0,(in-sample конфигурация) 2026-01..06: +37.3%,2026-07..09: -0.7%,"library {""n"": 60, ""vn"": 60}"
21,LIB_156,P_XS_MOM,FUT,0.7,-0.07946804747916758,0.002764098724583164,0.04676126065641454,0.21584063695263467,1.0,(in-sample конфигурация) 2026-01..06: -4.5%,2026-07..09: +7.9%,"library {""hold"": 1, ""k"": 1, ""n"": 60}"
22,LIB_160,P_XS_MOM,FUT,0.7,-0.09220300428842165,0.009580108191585168,0.06559748214742253,0.23334784974849754,1.0,(in-sample конфигурация) 2026-01..06: +1.2%,2026-07..09: +8.7%,"library {""hold"": 1, ""k"": 2, ""n"": 60}"
23,LIB_020,P_TSMOM,FUT,0.7,-0.09641011939675082,0.017344153515296057,0.07367139686687305,0.23262781335506588,2.0,(in-sample конфигурация) 2026-01..06: +18.4%,2026-07..09: -0.3%,"library {""n"": 60, ""vn"": 60}"
24,LIB_282,P_TSMOM_S,FUT,0.7,-0.10688896871397446,0.01592979652923532,0.07073392361908225,0.18438531830906868,2.0,(in-sample конфигурация) 2026-01..06: +18.8%,2026-07..09: -2.6%,"library {""n"": 60, ""vn"": 60}"
25,LIB_123,P_XS_REV,FUT,0.6666666666666666,-0.04160770762246102,0.019775000957451994,0.035894402871345016,0.15704372629988939,1.0,(in-sample конфигурация) 2026-01..06: +6.7%,2026-07..09: -1.9%,"library {""hold"": 5, ""k"": 1, ""n"": 5}"
26,LIB_127,P_XS_REV,FUT,0.6666666666666666,-0.057402500677198987,0.011603142585954629,0.032398331759789366,0.1986002739849937,1.0,(in-sample конфигурация) 2026-01..06: -11.3%,2026-07..09: +1.1%,"library {""hold"": 5, ""k"": 2, ""n"": 5}"
27,LIB_007,P_EMA,FUT,0.6666666666666666,-0.06609482457861304,0.015874385106144473,0.08232448648339857,0.311222979028571,3.0,(in-sample конфигурация) 2026-01..06: +34.4%,2026-07..09: +4.1%,"library {""f"": 5, ""s"": 20, ""vn"": 20}"
28,LIB_045,P_BRK,EQ,0.6666666666666666,-0.07867742027156055,0.021951237726170802,0.06088531477434959,0.25282934145059244,3.0,(in-sample конфигурация) 2026-01..06: +21.9%,2026-07..09: +8.6%,"library {""n"": 20, ""vn"": 20}"
29,LIB_209,P_XS_MOM,EQ,0.6666666666666666,-0.08652179170167074,0.006969583355385112,0.03942993891912138,0.14688275821390562,2.0,(in-sample конфигурация) 2026-01..06: +12.8%,2026-07..09: -6.5%,"library {""hold"": 5, ""k"": 3, ""n"": 10}"
30,LIB_101,P_XS_MOM,FUT,0.6666666666666666,-0.1417233650572598,0.01260067117982544,0.06043538133789238,0.1771958097415336,1.0,(in-sample конфигурация) 2026-01..06: +19.8%,2026-07..09: +3.6%,"library {""hold"": 5, ""k"": 2, ""n"": 1}"
31,LIB_105,P_XS_MOM,FUT,0.6666666666666666,-0.14301503852766473,0.02145039930474013,0.06446392651069019,0.21551555152109358,1.0,(in-sample конфигурация) 2026-01..06: +25.5%,2026-07..09: +4.7%,"library {""hold"": 5, ""k"": 3, ""n"": 1}"
32,LIB_076,P_BRK,ALL,0.6666666666666666,-0.15881268517114222,0.027038958849516348,0.10105595650282428,0.41673419601647765,1.0,(in-sample конфигурация) 2026-01..06: +29.8%,2026-07..09: +5.6%,"library {""n"": 10, ""vn"": 20}"
33,LIB_044,P_BRK,EQ,0.6666666666666666,-0.16796951065771282,0.014015962893608958,0.07328370140744145,0.4042783491750015,2.0,(in-sample конфигурация) 2026-01..06: +5.7%,2026-07..09: +0.8%,"library {""n"": 10, ""vn"": 20}"
34,LIB_111,P_XS_REV,FUT,0.6666666666666666,-0.183077800902538,0.020323048447608016,0.0647682685424435,0.2732746594992932,2.0,(in-sample конфигурация) 2026-01..06: -15.8%,2026-07..09: +11.7%,"library {""hold"": 5, ""k"": 1, ""n"": 3}"
35,C2_TREND_ALL_ENS,candidate,ALL/EQ,0.6363636363636364,-0.029693086912511244,0.0019003504070490137,0.02707661333583537,0.08140099040416393,2.0,"OOS 2026-01..06: Sharpe 1.65, +11.9%, прибыльных мес. 83%","2026-07..09: +1.2%, прибыльных мес. 67%","frozen candidate, vol-target 10%"
36,LIB_359,P_BRK_L,EQ,0.6363636363636364,-0.0372959176893346,0.006302235298790038,0.025682182204931094,0.1929072867933428,3.0,(in-sample конфигурация) 2026-01..06: -2.9%,2026-07..09: +3.0%,"library {""n"": 20, ""vn"": 60}"
37,LIB_329,P_BRK_L,EQ,0.6363636363636364,-0.04018826235551387,0.004879672545939684,0.025916232023801663,0.19830088067783436,3.0,(in-sample конфигурация) 2026-01..06: -4.1%,2026-07..09: +5.2%,"library {""n"": 20, ""vn"": 20}"
38,LIB_287,P_EMA_L,FUT,0.6363636363636364,-0.045392786734737456,0.004280706285499036,0.036683812056696255,0.12466480141301872,2.0,(in-sample конфигурация) 2026-01..06: +10.2%,2026-07..09: +4.4%,"library {""f"": 5, ""s"": 20, ""vn"": 60}"
39,LIB_297,P_BRK_L,FUT,0.6363636363636364,-0.045911315639386885,0.022704441100358963,0.03959547124463179,0.14332390853087418,2.0,(in-sample конфигурация) 2026-01..06: +10.5%,2026-07..09: +5.8%,"library {""n"": 10, ""vn"": 60}"
40,LIB_349,P_EMA_L,EQ,0.6363636363636364,-0.047049944589161896,0.005419987952336669,0.026355933535436842,0.19411607708025258,3.0,(in-sample конфигурация) 2026-01..06: -4.9%,2026-07..09: -1.6%,"library {""f"": 10, ""s"": 50, ""vn"": 60}"
41,LIB_059,P_BRK,EQ,0.6363636363636364,-0.0486358606867725,0.004288109252229333,0.0380258406484107,0.20179748395457864,2.0,(in-sample конфигурация) 2026-01..06: -1.4%,2026-07..09: +11.7%,"library {""n"": 5, ""vn"": 60}"
42,LIB_280,P_TSMOM_S,FUT,0.6363636363636364,-0.05496460388530977,0.006750853091944009,0.06076020545330031,0.17071956413565204,2.0,(in-sample конфигурация) 2026-01..06: +24.4%,2026-07..09: -0.1%,"library {""n"": 40, ""vn"": 60}"
43,LIB_061,P_BRK,EQ,0.6363636363636364,-0.060595067392569035,0.027841505652759224,0.060194238467726875,0.28091038670390844,3.0,(in-sample конфигурация) 2026-01..06: +26.8%,2026-07..09: +7.8%,"library {""n"": 20, ""vn"": 60}"
44,LIB_019,P_TSMOM,FUT,0.6363636363636364,-0.06661978106421884,0.01741133537143469,0.06369199133133614,0.16116203926503658,1.0,(in-sample конфигурация) 2026-01..06: +29.7%,2026-07..09: +4.4%,"library {""n"": 40, ""vn"": 60}"
45,LIB_419,P_BRK_L,ALL,0.6363636363636364,-0.06730089039774612,0.00578182129538618,0.03876452775178085,0.2265462898703845,3.0,(in-sample конфигурация) 2026-01..06: +3.2%,2026-07..09: +3.1%,"library {""n"": 20, ""vn"": 60}"
46,LIB_397,P_TSMOM_L,ALL,0.6363636363636364,-0.07484878465766087,0.01791116053937003,0.03828743027511761,0.16554824539616675,2.0,(in-sample конфигурация) 2026-01..06: +1.1%,2026-07..09: -1.4%,"library {""n"": 20, ""vn"": 60}"
47,LIB_249,P_TSMOM_L,FUT,0.6363636363636364,-0.07661469938466325,0.005200295912800357,0.038939629230191494,0.16227008424175438,2.0,(in-sample конфигурация) 2026-01..06: +0.2%,2026-07..09: +7.3%,"library {""n"": 40, ""vn"": 20}"
48,LIB_279,P_TSMOM_L,FUT,0.6363636363636364,-0.07758327177725732,0.009107546793529764,0.03966172050729718,0.16333124511584174,2.0,(in-sample конфигурация) 2026-01..06: +5.3%,2026-07..09: +4.6%,"library {""n"": 40, ""vn"": 60}"
49,LIB_003,P_TSMOM,FUT,0.6363636363636364,-0.08489658427424729,0.012555635417811573,0.07234230269772171,0.20705028528755065,2.0,(in-sample конфигурация) 2026-01..06: +23.4%,2026-07..09: +4.5%,"library {""n"": 40, ""vn"": 20}"
50,LIB_091,P_BRK,ALL,0.6363636363636364,-0.09115288945031352,0.017175641303765588,0.05672670018049882,0.24104600516147912,2.0,(in-sample конфигурация) 2026-01..06: +8.3%,2026-07..09: +8.3%,"library {""n"": 5, ""vn"": 60}"
51,LIB_411,P_EMA_L,ALL,0.6363636363636364,-0.09923063800670207,0.003486891888314858,0.043773431550252505,0.3081439109737403,4.0,(in-sample конфигурация) 2026-01..06: -14.1%,2026-07..09: +2.1%,"library {""f"": 20, ""s"": 100, ""vn"": 60}"
52,LIB_067,P_TSMOM,ALL,0.6363636363636364,-0.10676232044352219,0.022288245265372097,0.08347392085007162,0.2932469211227726,4.0,(in-sample конфигурация) 2026-01..06: +29.4%,2026-07..09: +7.7%,"library {""n"": 40, ""vn"": 20}"
53,LIB_022,P_EMA,FUT,0.6363636363636364,-0.10951848630793393,0.022431302699260414,0.08702421178859898,0.26103700132807717,2.0,(in-sample конфигурация) 2026-01..06: +26.7%,2026-07..09: +8.4%,"library {""f"": 3, ""s"": 10, ""vn"": 60}"
54,LIB_025,P_EMA,FUT,0.6363636363636364,-0.11185379943344742,0.010788031271658838,0.0592937199817454,0.19448645535157993,2.0,(in-sample конфигурация) 2026-01..06: +7.5%,2026-07..09: +1.9%,"library {""f"": 20, ""s"": 100, ""vn"": 60}"
55,LIB_086,P_EMA,ALL,0.6363636363636364,-0.12349274891312234,0.019932245602831244,0.08577122128463455,0.3694199752644636,2.0,(in-sample конфигурация) 2026-01..06: +20.2%,2026-07..09: +7.8%,"library {""f"": 3, ""s"": 10, ""vn"": 60}"
56,LIB_031,P_BUYHOLD,FUT,0.6363636363636364,-0.17380078718997538,0.014254234731197357,0.08192372377795398,0.6283540607255418,4.0,(in-sample конфигурация) 2026-01..06: -20.1%,2026-07..09: +4.6%,"library {""vn"": 60}"
57,LIB_332,P_BRK_S,EQ,0.625,-0.07660518572083674,0.04744166729506105,0.07044318888427804,0.27378244962892495,2.0,(in-sample конфигурация) 2026-01..06: +36.6%,2026-07..09: -2.9%,"library {""n"": 55, ""vn"": 20}"
58,LIB_052,P_TSMOM,EQ,0.6,-0.03544999338919297,0.011212547920877114,0.06252497961131738,0.31479231687262654,1.0,(in-sample конфигурация) 2026-01..06: +28.1%,2026-07..09: +2.6%,"library {""n"": 60, ""vn"": 60}"
59,LIB_229,P_XS_MOM,EQ,0.6,-0.054861731245182455,0.012063993606716394,0.03485434436118876,0.19338507810607553,2.0,(in-sample конфигурация) 2026-01..06: -0.3%,2026-07..09: +5.8%,"library {""hold"": 5, ""k"": 2, ""n"": 60}"
60,LIB_030,P_BRK,FUT,0.6,-0.07219739764695987,0.015680394441005774,0.05886657959762803,0.20186395083510433,2.0,(in-sample конфигурация) 2026-01..06: +9.6%,2026-07..09: -0.5%,"library {""n"": 55, ""vn"": 60}"
61,LIB_094,P_BRK,ALL,0.6,-0.08321267669089139,0.01806950429454446,0.06887777342336254,0.3389998816419393,2.0,(in-sample конфигурация) 2026-01..06: +26.5%,2026-07..09: +0.3%,"library {""n"": 55, ""vn"": 60}"
62,LIB_068,P_TSMOM,ALL,0.6,-0.09145098114095163,0.011282485953415744,0.09637518355787503,0.2751849796040915,2.0,(in-sample конфигурация) 2026-01..06: +27.4%,2026-07..09: -1.9%,"library {""n"": 60, ""vn"": 20}"
63,LIB_252,P_TSMOM_S,FUT,0.6,-0.1328011289006099,0.014347690739668906,0.08023241963534243,0.1904349523683777,2.0,(in-sample конфигурация) 2026-01..06: +17.4%,2026-07..09: -6.3%,"library {""n"": 60, ""vn"": 20}"
64,LIB_004,P_TSMOM,FUT,0.6,-0.1566492573369942,0.01129615651734639,0.08966373548656321,0.32158655499233646,3.0,(in-sample конфигурация) 2026-01..06: +11.8%,2026-07..09: -2.3%,"library {""n"": 60, ""vn"": 20}"
65,LIB_257,P_EMA_L,FUT,0.5833333333333334,-0.04549938510172069,0.0031365732138510793,0.03505584654665462,0.12438817064685281,2.0,(in-sample конфигурация) 2026-01..06: +5.7%,2026-07..09: +7.2%,"library {""f"": 5, ""s"": 20, ""vn"": 20}"
66,LIB_267,P_BRK_L,FUT,0.5833333333333334,-0.05464371015841607,0.02486066467827186,0.041258859919166266,0.13952765367139364,2.0,(in-sample конфигурация) 2026-01..06: +7.0%,2026-07..09: +8.9%,"library {""n"": 10, ""vn"": 20}"
67,LIB_367,P_TSMOM_L,ALL,0.5833333333333334,-0.07062318979296833,0.02179524128587218,0.03390353825477952,0.17655948754691053,2.0,(in-sample конфигурация) 2026-01..06: -3.4%,2026-07..09: +0.4%,"library {""n"": 20, ""vn"": 20}"
68,LIB_133,P_XS_MOM,FUT,0.5833333333333334,-0.0796533528555301,0.008604016322351526,0.058669580564861996,0.18766783791215857,2.0,(in-sample конфигурация) 2026-01..06: +27.1%,2026-07..09: -0.7%,"library {""hold"": 5, ""k"": 1, ""n"": 10}"
69,LIB_116,P_XS_MOM,FUT,0.5833333333333334,-0.08424843032844365,0.007286915410077199,0.05758316744541051,0.23044597264379263,2.0,(in-sample конфигурация) 2026-01..06: +12.5%,2026-07..09: -2.4%,"library {""hold"": 1, ""k"": 3, ""n"": 3}"
70,LIB_381,P_EMA_L,ALL,0.5833333333333334,-0.11055807609227486,0.0037147440925764386,0.0499005805250621,0.347285769872542,4.0,(in-sample конфигурация) 2026-01..06: -20.1%,2026-07..09: +3.8%,"library {""f"": 20, ""s"": 100, ""vn"": 20}"
71,LIB_006,P_EMA,FUT,0.5833333333333334,-0.11151772795710713,0.012458896238968009,0.09223156691909974,0.46631599459851714,3.0,(in-sample конфигурация) 2026-01..06: +25.3%,2026-07..09: +7.8%,"library {""f"": 3, ""s"": 10, ""vn"": 20}"
72,LIB_099,P_XS_REV,FUT,0.5833333333333334,-0.13381376408506185,0.011598129520280054,0.056017158391488256,0.19052486931468593,1.0,(in-sample конфигурация) 2026-01..06: -4.2%,2026-07..09: -3.1%,"library {""hold"": 5, ""k"": 1, ""n"": 1}"
73,LIB_240,P_CARRY,FX,0.5833333333333334,-0.14813053590478376,0.013618383251014166,0.08256810656668644,0.2995355103048496,2.0,(in-sample конфигурация) 2026-01..06: +0.4%,2026-07..09: -9.0%,library {}
74,LIB_150,P_XS_REV,FUT,0.5833333333333334,-0.16661683737765998,0.004598666142555885,0.05691426631971955,0.30705505938385613,3.0,(in-sample конфигурация) 2026-01..06: -19.9%,2026-07..09: +10.3%,"library {""hold"": 1, ""k"": 2, ""n"": 20}"
75,LIB_119,P_XS_REV,FUT,0.5833333333333334,-0.1708177204563981,0.007039945761789568,0.07340544711964778,0.49643362012102443,4.0,(in-sample конфигурация) 2026-01..06: -43.2%,2026-07..09: +8.1%,"library {""hold"": 5, ""k"": 3, ""n"": 3}"
76,LIB_015,P_BUYHOLD,FUT,0.5833333333333334,-0.18916940037161112,0.0010877518798224628,0.08469424021349808,0.6103353709331714,4.0,(in-sample конфигурация) 2026-01..06: -24.5%,2026-07..09: +10.0%,"library {""vn"": 20}"
77,LIB_070,P_EMA,ALL,0.5833333333333334,-0.19896674808114767,0.008557059321901761,0.10396788514122045,0.7043218642065767,3.0,(in-sample конфигурация) 2026-01..06: +17.2%,2026-07..09: +7.8%,"library {""f"": 3, ""s"": 10, ""vn"": 20}"
78,LIB_075,P_BRK,ALL,0.5833333333333334,-0.21910848474362865,0.004828953073229059,0.08587616023580524,0.5787354049971327,3.0,(in-sample конфигурация) 2026-01..06: +5.5%,2026-07..09: +6.3%,"library {""n"": 5, ""vn"": 20}"
79,LIB_079,P_BUYHOLD,ALL,0.5833333333333334,-0.32297765283146873,0.011264374028542079,0.13174669711048353,1.154288629826624,4.0,(in-sample конфигурация) 2026-01..06: -59.7%,2026-07..09: +4.5%,"library {""vn"": 20}"
80,C8_WF_PANEL_FLOOR_K5,candidate,ALL/EQ,0.5555555555555556,-0.03512956900928806,0.004460363671028375,0.024194927081220827,0.09747276299480001,2.0,"OOS 2026-01..06: Sharpe 0.84, +4.9%, прибыльных мес. 67%","2026-07..09: -0.8%, прибыльных мес. 33%","frozen candidate, vol-target 10%"
81,LIB_422,P_BRK_S,ALL,0.5555555555555556,-0.0813759059747099,0.005999869666993618,0.0782230265630823,0.3628342356532812,3.0,(in-sample конфигурация) 2026-01..06: +33.8%,2026-07..09: -1.4%,"library {""n"": 55, ""vn"": 60}"
82,LIB_302,P_BRK_S,FUT,0.5555555555555556,-0.11031495087081566,0.0051993177039548755,0.06363151210548301,0.18870514433365315,3.0,(in-sample конфигурация) 2026-01..06: +8.7%,2026-07..09: -2.7%,"library {""n"": 55, ""vn"": 60}"
83,C5_TREND_FUT_LONGONLY,candidate,FUT,0.5454545454545454,-0.025531412146465773,0.000803256293271065,0.025771504244857694,0.10129023636878702,2.0,"OOS 2026-01..06: Sharpe 0.56, +3.1%, прибыльных мес. 50%","2026-07..09: +5.4%, прибыльных мес. 100%","frozen candidate, vol-target 10%"
84,C1_TREND_FUT_ENS,candidate,FUT,0.5454545454545454,-0.03230143258455752,0.007788584822601186,0.033186523525568015,0.08097642202691559,2.0,"OOS 2026-01..06: Sharpe 1.92, +13.3%, прибыльных мес. 67%","2026-07..09: +0.7%, прибыльных мес. 67%","frozen candidate, vol-target 10%"
85,LIB_298,P_BRK_S,FUT,0.5454545454545454,-0.04037733213044703,0.0087122382792586,0.0699674666886505,0.1597889802287682,2.0,(in-sample конфигурация) 2026-01..06: +29.8%,2026-07..09: +1.0%,"library {""n"": 10, ""vn"": 60}"
86,LIB_347,P_EMA_L,EQ,0.5454545454545454,-0.04900405908119865,0.013275619596242905,0.03072648499062007,0.19917549290767056,3.0,(in-sample конфигурация) 2026-01..06: -5.1%,2026-07..09: -0.7%,"library {""f"": 5, ""s"": 20, ""vn"": 60}"
87,LIB_051,P_TSMOM,EQ,0.5454545454545454,-0.050610453203262296,0.01704009241075255,0.05730481709500591,0.31479231687262654,4.0,(in-sample конфигурация) 2026-01..06: +22.1%,2026-07..09: +5.8%,"library {""n"": 40, ""vn"": 60}"
88,LIB_340,P_TSMOM_S,EQ,0.5454545454545454,-0.05111993984610308,0.0007259317208081484,0.0665072187662725,0.317685395013541,3.0,(in-sample конфигурация) 2026-01..06: +27.2%,2026-07..09: +3.5%,"library {""n"": 40, ""vn"": 60}"
89,LIB_417,P_BRK_L,ALL,0.5454545454545454,-0.05280141840921715,0.01045864334446378,0.044976672959571105,0.18588905217347929,3.0,(in-sample конфигурация) 2026-01..06: +1.9%,2026-07..09: +4.2%,"library {""n"": 10, ""vn"": 60}"
90,LIB_357,P_BRK_L,EQ,0.5454545454545454,-0.05410634441432194,0.006124355248175561,0.035219662258271896,0.19403487580348155,3.0,(in-sample конфигурация) 2026-01..06: -8.0%,2026-07..09: +0.4%,"library {""n"": 10, ""vn"": 60}"
91,LIB_087,P_EMA,ALL,0.5454545454545454,-0.055381875950843096,0.009759761102031916,0.08901941675746065,0.33300033456180245,2.0,(in-sample конфигурация) 2026-01..06: +39.5%,2026-07..09: +3.1%,"library {""f"": 5, ""s"": 20, ""vn"": 60}"
92,LIB_088,P_EMA,ALL,0.5454545454545454,-0.05582232240703888,0.012248584069311619,0.07905934867996611,0.39134685919998446,2.0,(in-sample конфигурация) 2026-01..06: +34.2%,2026-07..09: -4.8%,"library {""f"": 10, ""s"": 50, ""vn"": 60}"
93,LIB_276,P_TSMOM_S,FUT,0.5454545454545454,-0.05668806572793983,0.004431149194715545,0.06796867800840958,0.18435785645306169,4.0,(in-sample конфигурация) 2026-01..06: +24.0%,2026-07..09: +1.0%,"library {""n"": 10, ""vn"": 60}"
94,LIB_407,P_EMA_L,ALL,0.5454545454545454,-0.05705488348030485,0.00010729033238021657,0.04077363019093644,0.187830433174895,3.0,(in-sample конфигурация) 2026-01..06: +3.9%,2026-07..09: +2.4%,"library {""f"": 5, ""s"": 20, ""vn"": 60}"
95,LIB_269,P_BRK_L,FUT,0.5454545454545454,-0.06162998144645826,0.0013546167756430805,0.032215758365727216,0.172203824378812,2.0,(in-sample конфигурация) 2026-01..06: +1.3%,2026-07..09: +3.4%,"library {""n"": 20, ""vn"": 20}"
96,LIB_400,P_TSMOM_S,ALL,0.5454545454545454,-0.06233309576055035,0.004082691157236695,0.0858766556167307,0.351909771328792,4.0,(in-sample конфигурация) 2026-01..06: +36.6%,2026-07..09: +2.5%,"library {""n"": 40, ""vn"": 60}"
97,LIB_299,P_BRK_L,FUT,0.5454545454545454,-0.06348131900085718,0.001554681221023202,0.03625413223718849,0.17694769548324984,2.0,(in-sample конфигурация) 2026-01..06: +5.6%,2026-07..09: +1.3%,"library {""n"": 20, ""vn"": 60}"
98,C4_CARRY_FX,candidate,FUT,0.5454545454545454,-0.06418981736028118,0.0036548476946026594,0.03747736447549857,0.12720551806730065,2.0,"OOS 2026-01..06: Sharpe 0.03, +0.1%, прибыльных мес. 50%","2026-07..09: -3.7%, прибыльных мес. 67%","frozen candidate, vol-target 10%"
99,LIB_356,P_BRK_S,EQ,0.5454545454545454,-0.06691808099276386,0.004366726381704211,0.055118476226270884,0.268276562623214,4.0,(in-sample конфигурация) 2026-01..06: +12.2%,2026-07..09: +7.2%,"library {""n"": 5, ""vn"": 60}"
100,LIB_093,P_BRK,ALL,0.5454545454545454,-0.07053482311312109,0.008852323982864618,0.07572270229463687,0.3141816871793708,3.0,(in-sample конфигурация) 2026-01..06: +42.0%,2026-07..09: +4.5%,"library {""n"": 20, ""vn"": 60}"
101,LIB_290,P_EMA_S,FUT,0.5454545454545454,-0.07338994511474084,0.0006744633428752422,0.06495519177629142,0.19802373200946022,2.0,(in-sample конфигурация) 2026-01..06: +21.1%,2026-07..09: -4.6%,"library {""f"": 10, ""s"": 50, ""vn"": 60}"
102,LIB_346,P_EMA_S,EQ,0.5454545454545454,-0.07387190603185445,0.00020835423492826521,0.059127096733866034,0.30564134571795876,4.0,(in-sample конфигурация) 2026-01..06: +14.0%,2026-07..09: +2.7%,"library {""f"": 3, ""s"": 10, ""vn"": 60}"
103,LIB_289,P_EMA_L,FUT,0.5454545454545454,-0.07392257419996895,0.00019754047389142215,0.03506490123170577,0.19060381930466974,2.0,(in-sample конфигурация) 2026-01..06: +1.9%,2026-07..09: +0.2%,"library {""f"": 10, ""s"": 50, ""vn"": 60}"
104,LIB_024,P_EMA,FUT,0.5454545454545454,-0.07395456999074668,0.004076006182003766,0.06594997486416566,0.19576633063843474,3.0,(in-sample конфигурация) 2026-01..06: +23.0%,2026-07..09: -4.4%,"library {""f"": 10, ""s"": 50, ""vn"": 60}"
105,LIB_035,P_TSMOM,EQ,0.5454545454545454,-0.07408999658582616,0.002858981490135193,0.06160190554042148,0.2732386846146255,4.0,(in-sample конфигурация) 2026-01..06: +16.3%,2026-07..09: +6.3%,"library {""n"": 40, ""vn"": 20}"
106,LIB_409,P_EMA_L,ALL,0.5454545454545454,-0.07455091776500922,0.008092519245110452,0.037029335722270226,0.23947157565271482,5.0,(in-sample конфигурация) 2026-01..06: -0.8%,2026-07..09: -1.1%,"library {""f"": 10, ""s"": 50, ""vn"": 60}"
107,LIB_399,P_TSMOM_L,ALL,0.5454545454545454,-0.07604024122701958,0.0053252356592565775,0.03799831807716405,0.19780428316789767,4.0,(in-sample конфигурация) 2026-01..06: +1.4%,2026-07..09: +4.7%,"library {""n"": 40, ""vn"": 60}"
108,LIB_369,P_TSMOM_L,ALL,0.5454545454545454,-0.07822381117148325,4.425877705216408e-06,0.03976760298884086,0.19581983918828882,4.0,(in-sample конфигурация) 2026-01..06: -3.0%,2026-07..09: +8.1%,"library {""n"": 40, ""vn"": 20}"
109,LIB_354,P_EMA_S,EQ,0.5454545454545454,-0.07927775256393943,0.006621936845476739,0.06812964384347321,0.32929375616367906,3.0,(in-sample конфигурация) 2026-01..06: +18.0%,2026-07..09: -3.1%,"library {""f"": 50, ""s"": 200, ""vn"": 60}"
110,LIB_337,P_TSMOM_L,EQ,0.5454545454545454,-0.07978593336883932,0.0036405107675818726,0.03386113480802078,0.13724059666856192,2.0,(in-sample конфигурация) 2026-01..06: -4.9%,2026-07..09: -1.8%,"library {""n"": 20, ""vn"": 60}"
111,LIB_291,P_EMA_L,FUT,0.5454545454545454,-0.08100166641543183,0.00279928365489468,0.03377769958461531,0.20969633612276084,3.0,(in-sample конфигурация) 2026-01..06: -5.8%,2026-07..09: +3.4%,"library {""f"": 20, ""s"": 100, ""vn"": 60}"
112,LIB_406,P_EMA_S,ALL,0.5454545454545454,-0.08286100201075897,0.002695016773941461,0.08876592841111255,0.37151858769357204,4.0,(in-sample конфигурация) 2026-01..06: +25.6%,2026-07..09: +3.2%,"library {""f"": 3, ""s"": 10, ""vn"": 60}"
113,LIB_027,P_BRK,FUT,0.5454545454545454,-0.08758505439618602,0.00502321826206753,0.05993106865706794,0.18615590210538357,2.0,(in-sample конфигурация) 2026-01..06: +12.5%,2026-07..09: -1.1%,"library {""n"": 5, ""vn"": 60}"
114,LIB_293,P_EMA_L,FUT,0.5454545454545454,-0.08851533889537677,0.004891106466857309,0.033306289794217625,0.20786018471699208,4.0,(in-sample конфигурация) 2026-01..06: -7.9%,2026-07..09: +3.6%,"library {""f"": 50, ""s"": 200, ""vn"": 60}"
115,LIB_016,P_TSMOM,FUT,0.5454545454545454,-0.09308363369200379,0.020227487781085074,0.058464946364983575,0.21514532334549585,2.0,(in-sample конфигурация) 2026-01..06: +21.9%,2026-07..09: -3.9%,"library {""n"": 5, ""vn"": 60}"
116,LIB_415,P_BRK_L,ALL,0.5454545454545454,-0.09664689570126939,0.00929291217471473,0.05385048833220799,0.337019928778318,4.0,(in-sample конфигурация) 2026-01..06: -11.3%,2026-07..09: +4.8%,"library {""n"": 5, ""vn"": 60}"
117,LIB_335,P_TSMOM_L,EQ,0.5454545454545454,-0.09675763817358529,0.002453093151871144,0.04241507967207838,0.20752109914610628,3.0,(in-sample конфигурация) 2026-01..06: -7.7%,2026-07..09: +7.7%,"library {""n"": 10, ""vn"": 60}"
118,LIB_017,P_TSMOM,FUT,0.5454545454545454,-0.09874199969635811,0.018920704256743193,0.09904162355078167,0.20516900179063668,2.0,(in-sample конфигурация) 2026-01..06: +29.0%,2026-07..09: +6.8%,"library {""n"": 10, ""vn"": 60}"
119,LIB_413,P_EMA_L,ALL,0.5454545454545454,-0.09925325459335,0.002368613117141649,0.05046296300548078,0.36306447139941156,5.0,(in-sample конфигурация) 2026-01..06: -18.0%,2026-07..09: -0.1%,"library {""f"": 50, ""s"": 200, ""vn"": 60}"
120,LIB_355,P_BRK_L,EQ,0.5454545454545454,-0.10222435589093948,0.010634301521349698,0.043409358391086034,0.25700806003442267,3.0,(in-sample конфигурация) 2026-01..06: -13.7%,2026-07..09: +4.5%,"library {""n"": 5, ""vn"": 60}"
121,LIB_334,P_TSMOM_S,EQ,0.5454545454545454,-0.11016187103814445,0.01335683191427961,0.05836218257105249,0.31992676949084853,4.0,(in-sample конфигурация) 2026-01..06: +13.9%,2026-07..09: +1.6%,"library {""n"": 5, ""vn"": 60}"
122,LIB_089,P_EMA,ALL,0.5454545454545454,-0.1194724424276501,0.014175106771290302,0.07131371441008273,0.3442185129970312,2.0,(in-sample конфигурация) 2026-01..06: +9.4%,2026-07..09: +0.9%,"library {""f"": 20, ""s"": 100, ""vn"": 60}"
123,LIB_026,P_EMA,FUT,0.5454545454545454,-0.12542107701301575,0.010953231190796942,0.05180772718510744,0.18503464298555627,2.0,(in-sample конфигурация) 2026-01..06: +3.3%,2026-07..09: +2.3%,"library {""f"": 50, ""s"": 200, ""vn"": 60}"
124,LIB_082,P_TSMOM,ALL,0.5454545454545454,-0.1266364295661333,0.010602638823911548,0.1140104048837951,0.41214079321798636,2.0,(in-sample конфигурация) 2026-01..06: +34.5%,2026-07..09: -4.5%,"library {""n"": 20, ""vn"": 60}"
125,LIB_050,P_TSMOM,EQ,0.5454545454545454,-0.13668077043257654,0.022160312670166604,0.09625274804242358,0.35815142234787345,2.0,(in-sample конфигурация) 2026-01..06: +18.0%,2026-07..09: -1.6%,"library {""n"": 20, ""vn"": 60}"
126,LIB_395,P_TSMOM_L,ALL,0.5454545454545454,-0.13694807331921766,0.013315824762685224,0.06512370101660456,0.25996313975338126,3.0,(in-sample конфигурация) 2026-01..06: -1.4%,2026-07..09: +9.8%,"library {""n"": 10, ""vn"": 60}"
127,LIB_081,P_TSMOM,ALL,0.5454545454545454,-0.1479945362370927,0.013311438386153895,0.11985253739469141,0.29652234787499765,2.0,(in-sample конфигурация) 2026-01..06: +28.2%,2026-07..09: +18.1%,"library {""n"": 10, ""vn"": 60}"
128,LIB_090,P_EMA,ALL,0.5454545454545454,-0.16550514319169451,0.009951909072697163,0.06533108381034179,0.3629232950042933,2.0,(in-sample конфигурация) 2026-01..06: +3.0%,2026-07..09: -3.3%,"library {""f"": 50, ""s"": 200, ""vn"": 60}"
129,LIB_095,P_BUYHOLD,ALL,0.5454545454545454,-0.31958093578577973,0.0039985100738704205,0.1282916512961786,1.2134725490177516,5.0,(in-sample конфигурация) 2026-01..06: -56.2%,2026-07..09: -2.5%,"library {""vn"": 60}"
130,LIB_228,P_XS_MOM,EQ,0.5,-0.0329121446411591,-0.001533347851363942,0.02772355970316243,0.1977453991639777,2.0,(in-sample конфигурация) 2026-01..06: -1.1%,2026-07..09: +3.5%,"library {""hold"": 1, ""k"": 2, ""n"": 60}"
131,LIB_146,P_XS_REV,FUT,0.5,-0.03463227317115525,0.0020183066808385774,0.030385563955687672,0.16135036322521046,4.0,(in-sample конфигурация) 2026-01..06: -3.4%,2026-07..09: +13.4%,"library {""hold"": 1, ""k"": 1, ""n"": 20}"
132,C9_META_RP,candidate,ALL/EQ,0.5,-0.046893077591553395,-0.003382746619771445,0.028937763744303187,0.07402711368296885,2.0,"OOS 2026-01..06: Sharpe 1.36, +6.9%, прибыльных мес. 67%","2026-07..09: -2.1%, прибыльных мес. 33%","frozen candidate, vol-target 10%"
133,LIB_268,P_BRK_S,FUT,0.5,-0.049125369609100744,-0.004502266059716931,0.07349035817439122,0.19149418391680229,2.0,(in-sample конфигурация) 2026-01..06: +30.1%,2026-07..09: -1.4%,"library {""n"": 10, ""vn"": 20}"
134,LIB_246,P_TSMOM_S,FUT,0.5,-0.050698954728432,-0.003487424529339478,0.06922351301846419,0.27999736867241154,5.0,(in-sample конфигурация) 2026-01..06: +26.6%,2026-07..09: -2.0%,"library {""n"": 10, ""vn"": 20}"
135,LIB_062,P_BRK,EQ,0.5,-0.05081963614793494,-0.0007469118136214092,0.0556700169260972,0.31957382382825017,2.0,(in-sample конфигурация) 2026-01..06: +23.8%,2026-07..09: +0.8%,"library {""n"": 55, ""vn"": 60}"
136,LIB_036,P_TSMOM,EQ,0.5,-0.052783948194701225,-0.002676592230272945,0.06744022220077546,0.25046879111323506,2.0,(in-sample конфигурация) 2026-01..06: +22.9%,2026-07..09: -0.5%,"library {""n"": 60, ""vn"": 20}"
137,LIB_212,P_XS_MOM,EQ,0.5,-0.0532048000022769,0.000996405412479362,0.04398120726949016,0.11050290711136768,2.0,(in-sample конфигурация) 2026-01..06: +9.3%,2026-07..09: +2.9%,"library {""hold"": 1, ""k"": 4, ""n"": 10}"
138,LIB_013,P_BRK,FUT,0.5,-0.054769163369201124,-0.001134389516664669,0.06201488104224239,0.1547734473424498,3.0,(in-sample конфигурация) 2026-01..06: +25.7%,2026-07..09: -3.3%,"library {""n"": 20, ""vn"": 20}"
139,LIB_312,P_TSMOM_S,EQ,0.5,-0.0670566723565571,0.0168075320252683,0.06718635663149634,0.2672616263735108,3.0,(in-sample конфигурация) 2026-01..06: +30.0%,2026-07..09: -2.2%,"library {""n"": 60, ""vn"": 20}"
140,LIB_161,P_XS_MOM,FUT,0.5,-0.06810965994372964,0.003027543338248506,0.04871394396455692,0.18154638379928656,3.0,(in-sample конфигурация) 2026-01..06: -1.2%,2026-07..09: +3.9%,"library {""hold"": 5, ""k"": 2, ""n"": 60}"
141,LIB_259,P_EMA_L,FUT,0.5,-0.07320309983333573,-0.003577277297154069,0.033554497953671526,0.19322017307422357,2.0,(in-sample конфигурация) 2026-01..06: -3.3%,2026-07..09: +2.2%,"library {""f"": 10, ""s"": 50, ""vn"": 20}"
142,LIB_247,P_TSMOM_L,FUT,0.5,-0.0738785651337821,8.723966311663389e-05,0.03142828393801439,0.15985357055615168,3.0,(in-sample конфигурация) 2026-01..06: +0.0%,2026-07..09: +1.9%,"library {""n"": 20, ""vn"": 20}"
143,LIB_159,P_XS_REV,FUT,0.5,-0.07530445361044258,0.0031152567826211452,0.06197606856824989,0.15961928886645183,2.0,(in-sample конфигурация) 2026-01..06: +1.0%,2026-07..09: -1.2%,"library {""hold"": 5, ""k"": 1, ""n"": 60}"
144,LIB_371,P_TSMOM_L,ALL,0.5,-0.08075369178550318,-0.0027929666903219186,0.05282836866610898,0.2709721906721825,3.0,(in-sample конфигурация) 2026-01..06: -6.6%,2026-07..09: +3.9%,"library {""n"": 60, ""vn"": 20}"
145,LIB_173,P_XS_MOM,EQ,0.5,-0.08107369494246086,-0.00864642105443636,0.04638450482099011,0.15512835588742746,4.0,(in-sample конфигурация) 2026-01..06: +13.4%,2026-07..09: -8.8%,"library {""hold"": 5, ""k"": 3, ""n"": 1}"
146,LIB_237,P_XS_MOM,EQ,0.5,-0.08187195919890655,-0.003446662252827082,0.038826692442350964,0.2568352422094904,2.0,(in-sample конфигурация) 2026-01..06: -9.3%,2026-07..09: -1.2%,"library {""hold"": 5, ""k"": 4, ""n"": 60}"
147,LIB_124,P_XS_MOM,FUT,0.5,-0.08555857057217509,-0.01925134682096541,0.061709919020208316,0.31810151124955155,2.0,(in-sample конфигурация) 2026-01..06: +6.1%,2026-07..09: -3.3%,"library {""hold"": 1, ""k"": 2, ""n"": 5}"
148,LIB_261,P_EMA_L,FUT,0.5,-0.08601146380533464,-0.0015808672542334534,0.03543130851631849,0.23142818854103098,4.0,(in-sample конфигурация) 2026-01..06: -11.4%,2026-07..09: +5.5%,"library {""f"": 20, ""s"": 100, ""vn"": 20}"
149,LIB_377,P_EMA_L,ALL,0.5,-0.08783324994101349,0.0011714540160028264,0.046427124453702014,0.18735580637439853,3.0,(in-sample конфигурация) 2026-01..06: +0.6%,2026-07..09: +4.8%,"library {""f"": 5, ""s"": 20, ""vn"": 20}"
150,LIB_317,P_EMA_L,EQ,0.5,-0.08829519934079144,-0.0034912325363620766,0.039753592258929674,0.20566152265564597,3.0,(in-sample конфигурация) 2026-01..06: -5.7%,2026-07..09: +0.0%,"library {""f"": 5, ""s"": 20, ""vn"": 20}"
151,LIB_330,P_BRK_S,EQ,0.5,-0.0884948237799108,0.003281107230577618,0.07112853286432665,0.3301155008193746,4.0,(in-sample конфигурация) 2026-01..06: +26.0%,2026-07..09: +3.4%,"library {""n"": 20, ""vn"": 20}"
152,LIB_008,P_EMA,FUT,0.5,-0.09248156592366286,-0.003723088579135947,0.07530306585024259,0.2447179371083621,3.0,(in-sample конфигурация) 2026-01..06: +16.4%,2026-07..09: -5.8%,"library {""f"": 10, ""s"": 50, ""vn"": 20}"
153,LIB_132,P_XS_MOM,FUT,0.5,-0.09249036648543552,-0.0006802546049584635,0.04513336730920689,0.24214483431205736,3.0,(in-sample конфигурация) 2026-01..06: +4.6%,2026-07..09: -4.4%,"library {""hold"": 1, ""k"": 1, ""n"": 10}"
154,LIB_100,P_XS_MOM,FUT,0.5,-0.09251919109374285,-0.023835154373955447,0.06824123840058345,0.3116633131976414,3.0,(in-sample конфигурация) 2026-01..06: +5.1%,2026-07..09: -11.5%,"library {""hold"": 1, ""k"": 2, ""n"": 1}"
155,LIB_122,P_XS_REV,FUT,0.5,-0.09420858230441809,-0.00024092243984341621,0.038497665345752635,0.3321479981968878,2.0,(in-sample конфигурация) 2026-01..06: -9.9%,2026-07..09: -4.9%,"library {""hold"": 1, ""k"": 1, ""n"": 5}"
156,LIB_077,P_BRK,ALL,0.5,-0.09508353273849934,0.003080635884543881,0.077688161664242,0.2717802250335808,4.0,(in-sample конфигурация) 2026-01..06: +35.2%,2026-07..09: +4.3%,"library {""n"": 20, ""vn"": 20}"
157,LIB_011,P_BRK,FUT,0.5,-0.09598640620242804,-0.015160664928487222,0.06492125864574622,0.36333736971880626,3.0,(in-sample конфигурация) 2026-01..06: +11.2%,2026-07..09: -1.0%,"library {""n"": 5, ""vn"": 20}"
158,LIB_263,P_EMA_L,FUT,0.5,-0.09627265287417686,0.004612707329215482,0.034569559068913555,0.24130850563233253,4.0,(in-sample конфигурация) 2026-01..06: -13.2%,2026-07..09: +4.7%,"library {""f"": 50, ""s"": 200, ""vn"": 20}"
159,LIB_166,P_XS_REV,FUT,0.5,-0.09748984966427088,-0.0006261757807806134,0.0701442691807631,0.21079320926219225,3.0,(in-sample конфигурация) 2026-01..06: -1.2%,2026-07..09: -4.0%,"library {""hold"": 1, ""k"": 3, ""n"": 60}"
160,LIB_305,P_TSMOM_L,EQ,0.5,-0.09759773710038644,-0.004510453120474267,0.04922036944260828,0.19979559989269546,3.0,(in-sample конфигурация) 2026-01..06: -7.7%,2026-07..09: +7.3%,"library {""n"": 10, ""vn"": 20}"
161,LIB_001,P_TSMOM,FUT,0.5,-0.09781364066293463,-0.002689715267479187,0.09711698445011445,0.3417081786401468,3.0,(in-sample конфигурация) 2026-01..06: +30.5%,2026-07..09: +6.3%,"library {""n"": 10, ""vn"": 20}"
162,LIB_372,P_TSMOM_S,ALL,0.5,-0.09833602234721184,0.004532968818239169,0.09601761228698019,0.31324157485505566,3.0,(in-sample конфигурация) 2026-01..06: +34.0%,2026-07..09: -5.8%,"library {""n"": 60, ""vn"": 20}"
163,LIB_385,P_BRK_L,ALL,0.5,-0.10668020611046813,0.0019154390465700999,0.05990247244942139,0.31276725625502877,4.0,(in-sample конфигурация) 2026-01..06: -11.9%,2026-07..09: +7.1%,"library {""n"": 5, ""vn"": 20}"
164,LIB_325,P_BRK_L,EQ,0.5,-0.10724503902019933,0.00228164489089977,0.052842221786453175,0.2555302918080997,3.0,(in-sample конфигурация) 2026-01..06: -12.1%,2026-07..09: +5.2%,"library {""n"": 5, ""vn"": 20}"
165,LIB_327,P_BRK_L,EQ,0.5,-0.10930494079366326,-0.011621310739428736,0.05004045092465312,0.2181502140210796,3.0,(in-sample конфигурация) 2026-01..06: -8.0%,2026-07..09: +1.4%,"library {""n"": 10, ""vn"": 20}"
166,LIB_066,P_TSMOM,ALL,0.5,-0.11174819816369563,-0.01026571256807074,0.11477077789400343,0.43875560839660466,3.0,(in-sample конфигурация) 2026-01..06: +24.3%,2026-07..09: -7.5%,"library {""n"": 20, ""vn"": 20}"
167,LIB_387,P_BRK_L,ALL,0.5,-0.11538642243249342,0.004811861961570685,0.058829727411954795,0.19294817794070696,3.0,(in-sample конфигурация) 2026-01..06: -0.3%,2026-07..09: +7.0%,"library {""n"": 10, ""vn"": 20}"
168,LIB_139,P_XS_REV,FUT,0.5,-0.12021947634639218,0.0005000955861760303,0.06124683658902891,0.26492729675373994,2.0,(in-sample конфигурация) 2026-01..06: -18.9%,2026-07..09: +5.9%,"library {""hold"": 5, ""k"": 2, ""n"": 10}"
169,LIB_366,P_TSMOM_S,ALL,0.5,-0.12071581050986424,-0.026839313853997737,0.10153167504478962,0.5665093114275805,5.0,(in-sample конфигурация) 2026-01..06: +27.8%,2026-07..09: +3.0%,"library {""n"": 10, ""vn"": 20}"
170,LIB_000,P_TSMOM,FUT,0.5,-0.12114623456727713,-0.006482674914877862,0.06760818738544591,0.33585624559782445,3.0,(in-sample конфигурация) 2026-01..06: +23.7%,2026-07..09: -4.2%,"library {""n"": 5, ""vn"": 20}"
171,LIB_014,P_BRK,FUT,0.5,-0.12154128751717508,0.00018285946498508565,0.06881008135752838,0.2836266989543219,3.0,(in-sample конфигурация) 2026-01..06: -1.1%,2026-07..09: -3.1%,"library {""n"": 55, ""vn"": 20}"
172,LIB_154,P_XS_REV,FUT,0.5,-0.1218410863657482,0.0008661110550747253,0.046851336218644464,0.2798098125276738,2.0,(in-sample конфигурация) 2026-01..06: -19.0%,2026-07..09: +10.8%,"library {""hold"": 1, ""k"": 3, ""n"": 20}"
173,LIB_155,P_XS_REV,FUT,0.5,-0.12451074904674897,0.010145594322239049,0.05359815840641359,0.2349898631000542,2.0,(in-sample конфигурация) 2026-01..06: -19.2%,2026-07..09: +5.6%,"library {""hold"": 5, ""k"": 3, ""n"": 20}"
174,LIB_151,P_XS_REV,FUT,0.5,-0.13586594647495076,0.009673296844994184,0.05411328392397021,0.23456651090964442,2.0,(in-sample конфигурация) 2026-01..06: -19.4%,2026-07..09: +7.2%,"library {""hold"": 5, ""k"": 2, ""n"": 20}"
175,LIB_141,P_XS_MOM,FUT,0.5,-0.1359599072020501,0.002271550241857767,0.0572003642389888,0.2357165682478808,2.0,(in-sample конфигурация) 2026-01..06: +12.6%,2026-07..09: -5.3%,"library {""hold"": 5, ""k"": 3, ""n"": 10}"
176,LIB_365,P_TSMOM_L,ALL,0.5,-0.13708087548729964,0.001483494774220162,0.0687464476255649,0.2545755759747408,3.0,(in-sample конфигурация) 2026-01..06: -2.1%,2026-07..09: +11.1%,"library {""n"": 10, ""vn"": 20}"
177,LIB_145,P_XS_MOM,FUT,0.5,-0.13746974407695234,-0.0008571143698645756,0.04901471327105286,0.2799872971372679,3.0,(in-sample конфигурация) 2026-01..06: -6.6%,2026-07..09: -6.7%,"library {""hold"": 5, ""k"": 1, ""n"": 20}"
178,LIB_164,P_XS_MOM,FUT,0.5,-0.146765714387584,-0.004648363770684227,0.07158910966681985,0.2758256359884399,3.0,(in-sample конфигурация) 2026-01..06: -6.6%,2026-07..09: +2.4%,"library {""hold"": 1, ""k"": 3, ""n"": 60}"
179,LIB_157,P_XS_MOM,FUT,0.5,-0.14805208891630173,-0.005215356010012329,0.06221320645028662,0.2456286856904626,1.0,(in-sample конфигурация) 2026-01..06: -4.5%,2026-07..09: +0.5%,"library {""hold"": 5, ""k"": 1, ""n"": 60}"
180,LIB_242,P_CARRY_TF,FX,0.5,-0.14813053590478376,0.008271655649878085,0.07141362771749846,0.16623822995461524,2.0,(in-sample конфигурация) 2026-01..06: -7.1%,2026-07..09: +1.7%,"library {""f"": 20, ""s"": 100}"
181,LIB_126,P_XS_REV,FUT,0.5,-0.14830081490799785,-0.002898058977734763,0.06250076983496289,0.40129029263334814,2.0,(in-sample конфигурация) 2026-01..06: -21.8%,2026-07..09: -2.6%,"library {""hold"": 1, ""k"": 2, ""n"": 5}"
182,LIB_304,P_TSMOM_S,EQ,0.5,-0.15726998960599303,-0.01220028921670746,0.06982670255693904,0.5048873659361561,5.0,(in-sample конфигурация) 2026-01..06: +12.5%,2026-07..09: -0.2%,"library {""n"": 5, ""vn"": 20}"
183,LIB_165,P_XS_MOM,FUT,0.5,-0.16203797736670822,0.0025694487576402025,0.07187104677170233,0.25226519332136377,3.0,(in-sample конфигурация) 2026-01..06: -2.2%,2026-07..09: +3.0%,"library {""hold"": 5, ""k"": 3, ""n"": 60}"
184,LIB_009,P_EMA,FUT,0.5,-0.17146855004830286,0.0013748508272328763,0.07067901584863508,0.28295088563027093,3.0,(in-sample конфигурация) 2026-01..06: +0.1%,2026-07..09: +0.5%,"library {""f"": 20, ""s"": 100, ""vn"": 20}"
185,LIB_065,P_TSMOM,ALL,0.5,-0.17744401772506535,0.0008095261428024969,0.12351199277516402,0.6042385196051328,3.0,(in-sample конфигурация) 2026-01..06: +25.7%,2026-07..09: +14.1%,"library {""n"": 10, ""vn"": 20}"
186,LIB_073,P_EMA,ALL,0.5,-0.1989953246084042,-0.022077989553508814,0.088508143874099,0.5080346699141955,3.0,(in-sample конфигурация) 2026-01..06: -1.8%,2026-07..09: -2.1%,"library {""f"": 20, ""s"": 100, ""vn"": 20}"
187,LIB_074,P_EMA,ALL,0.5,-0.2361689362442121,-0.010662955231964588,0.08161623205658575,0.4455015257735795,3.0,(in-sample конфигурация) 2026-01..06: -7.5%,2026-07..09: -6.4%,"library {""f"": 50, ""s"": 200, ""vn"": 20}"
188,LIB_339,P_TSMOM_L,EQ,0.45454545454545453,-0.03942803910467774,-0.0003824869345407933,0.021922954016809028,0.17403244261367945,5.0,(in-sample конфигурация) 2026-01..06: -5.1%,2026-07..09: +2.3%,"library {""n"": 40, ""vn"": 60}"
189,LIB_029,P_BRK,FUT,0.45454545454545453,-0.048522047291044146,-0.001151491975178942,0.05960761352875208,0.18890447000740096,2.0,(in-sample конфигурация) 2026-01..06: +30.6%,2026-07..09: -2.1%,"library {""n"": 20, ""vn"": 60}"
190,LIB_018,P_TSMOM,FUT,0.45454545454545453,-0.049333492024743464,-0.025845055817626417,0.08103515577176813,0.22193632627750048,2.0,(in-sample конфигурация) 2026-01..06: +30.1%,2026-07..09: -5.2%,"library {""n"": 20, ""vn"": 60}"
191,LIB_358,P_BRK_S,EQ,0.45454545454545453,-0.05875855192425661,-0.020663823599988973,0.06234878196442476,0.29790164222504245,4.0,(in-sample конфигурация) 2026-01..06: +18.3%,2026-07..09: +2.4%,"library {""n"": 10, ""vn"": 60}"
192,LIB_285,P_EMA_L,FUT,0.45454545454545453,-0.061702231236267835,-0.001594560540979728,0.04589229404765406,0.15953268474549986,2.0,(in-sample конфигурация) 2026-01..06: +3.8%,2026-07..09: +6.6%,"library {""f"": 3, ""s"": 10, ""vn"": 60}"
193,LIB_286,P_EMA_S,FUT,0.45454545454545453,-0.06203731296409387,-0.01556601544143632,0.07053355030307976,0.22208293667063117,5.0,(in-sample конфигурация) 2026-01..06: +22.9%,2026-07..09: +1.8%,"library {""f"": 3, ""s"": 10, ""vn"": 60}"
194,LIB_360,P_BRK_S,EQ,0.45454545454545453,-0.06487694422685308,-0.0025877903681248426,0.06858258692664193,0.2872007889673114,4.0,(in-sample конфигурация) 2026-01..06: +29.8%,2026-07..09: +4.8%,"library {""n"": 20, ""vn"": 60}"
195,LIB_408,P_EMA_S,ALL,0.45454545454545453,-0.06637431477429345,-0.030689003178849816,0.09401224279779238,0.34021565556759015,4.0,(in-sample конфигурация) 2026-01..06: +35.6%,2026-07..09: +0.7%,"library {""f"": 5, ""s"": 20, ""vn"": 60}"
196,LIB_416,P_BRK_S,ALL,0.45454545454545453,-0.06696021766401827,-0.02072106912964955,0.07528859223556633,0.31264093167192186,5.0,(in-sample конфигурация) 2026-01..06: +19.6%,2026-07..09: +3.5%,"library {""n"": 5, ""vn"": 60}"
197,LIB_351,P_EMA_L,EQ,0.45454545454545453,-0.06770695446175523,0.0,0.0321011159865875,0.25307555776817026,6.0,(in-sample конфигурация) 2026-01..06: -16.3%,2026-07..09: -0.2%,"library {""f"": 20, ""s"": 100, ""vn"": 60}"
198,LIB_350,P_EMA_S,EQ,0.45454545454545453,-0.06983494444284588,-0.011766251787776127,0.07220576317815688,0.338608096819371,4.0,(in-sample конфигурация) 2026-01..06: +28.1%,2026-07..09: -0.9%,"library {""f"": 10, ""s"": 50, ""vn"": 60}"
199,LIB_310,P_TSMOM_S,EQ,0.45454545454545453,-0.07096131546131801,-0.0008731887210160494,0.07114169061169062,0.3055912047129823,4.0,(in-sample конфигурация) 2026-01..06: +22.8%,2026-07..09: +2.0%,"library {""n"": 40, ""vn"": 20}"
200,LIB_054,P_EMA,EQ,0.45454545454545453,-0.07140642320155166,-0.011652564629912376,0.04484871107629183,0.2748647888547566,4.0,(in-sample конфигурация) 2026-01..06: +2.2%,2026-07..09: +2.8%,"library {""f"": 3, ""s"": 10, ""vn"": 60}"
201,LIB_348,P_EMA_S,EQ,0.45454545454545453,-0.07328305807095603,-0.028396668531286196,0.06884298667414548,0.3100093891262077,4.0,(in-sample конфигурация) 2026-01..06: +21.7%,2026-07..09: +1.3%,"library {""f"": 5, ""s"": 20, ""vn"": 60}"
202,LIB_420,P_BRK_S,ALL,0.45454545454545453,-0.07588908879552037,-0.008565911095502088,0.0885748037111588,0.33167805382981896,4.0,(in-sample конфигурация) 2026-01..06: +38.8%,2026-07..09: +1.4%,"library {""n"": 20, ""vn"": 60}"
203,LIB_250,P_TSMOM_S,FUT,0.45454545454545453,-0.07788326942682033,-5.791157309431583e-05,0.06960027732234632,0.20439072194130858,4.0,(in-sample конфигурация) 2026-01..06: +23.2%,2026-07..09: -2.9%,"library {""n"": 40, ""vn"": 20}"
204,LIB_345,P_EMA_L,EQ,0.45454545454545453,-0.08021970912159304,-0.01644350914284587,0.03855261029549001,0.26082877324006404,5.0,(in-sample конфигурация) 2026-01..06: -11.9%,2026-07..09: +0.1%,"library {""f"": 3, ""s"": 10, ""vn"": 60}"
205,LIB_352,P_EMA_S,EQ,0.45454545454545453,-0.08038773812586442,-0.002457500682794489,0.0674116794555548,0.32744902302511036,5.0,(in-sample конфигурация) 2026-01..06: +19.6%,2026-07..09: -0.2%,"library {""f"": 20, ""s"": 100, ""vn"": 60}"
206,LIB_056,P_EMA,EQ,0.45454545454545453,-0.08038864680565894,-0.006346261652652174,0.06380822880408939,0.35766424564644694,4.0,(in-sample конфигурация) 2026-01..06: +23.1%,2026-07..09: -2.6%,"library {""f"": 10, ""s"": 50, ""vn"": 60}"
207,LIB_370,P_TSMOM_S,ALL,0.45454545454545453,-0.08342505048494786,-0.007130455283913761,0.09448771900026727,0.3486756335478276,4.0,(in-sample конфигурация) 2026-01..06: +32.4%,2026-07..09: -0.4%,"library {""n"": 40, ""vn"": 20}"
208,LIB_353,P_EMA_L,EQ,0.45454545454545453,-0.08348357700742781,-0.00018819718388840556,0.04445840759127902,0.3397932791413041,6.0,(in-sample конфигурация) 2026-01..06: -20.1%,2026-07..09: -3.2%,"library {""f"": 50, ""s"": 200, ""vn"": 60}"
209,LIB_336,P_TSMOM_S,EQ,0.45454545454545453,-0.08392203850962687,-0.01861692639067769,0.07474679301198342,0.2828610400993057,4.0,(in-sample конфигурация) 2026-01..06: +18.3%,2026-07..09: +10.2%,"library {""n"": 10, ""vn"": 60}"
210,LIB_396,P_TSMOM_S,ALL,0.45454545454545453,-0.09291347303224029,-0.01104645938903559,0.0978175488137793,0.3327008126725559,4.0,(in-sample конфигурация) 2026-01..06: +29.5%,2026-07..09: +8.4%,"library {""n"": 10, ""vn"": 60}"
211,LIB_275,P_TSMOM_L,FUT,0.45454545454545453,-0.1000444893288659,-0.0033537957933731377,0.0599078849843724,0.1797222768946085,2.0,(in-sample конфигурация) 2026-01..06: +5.0%,2026-07..09: +5.8%,"library {""n"": 10, ""vn"": 60}"
212,LIB_338,P_TSMOM_S,EQ,0.45454545454545453,-0.10055297959479503,-0.0013482875074259937,0.08613077377282716,0.32214796415064484,4.0,(in-sample конфигурация) 2026-01..06: +22.9%,2026-07..09: +0.2%,"library {""n"": 20, ""vn"": 60}"
213,LIB_049,P_TSMOM,EQ,0.45454545454545453,-0.11537456652149558,-0.00016098853666335344,0.08381458302735417,0.23735358073099633,4.0,(in-sample конфигурация) 2026-01..06: +10.6%,2026-07..09: +17.9%,"library {""n"": 10, ""vn"": 60}"
214,LIB_414,P_EMA_S,ALL,0.45454545454545453,-0.11776016355725005,-0.007569138309918344,0.08427973385018854,0.3785849396372214,3.0,(in-sample конфигурация) 2026-01..06: +21.0%,2026-07..09: -3.2%,"library {""f"": 50, ""s"": 200, ""vn"": 60}"
215,LIB_394,P_TSMOM_S,ALL,0.45454545454545453,-0.1194116689148359,-0.006876403582282364,0.07827091371738089,0.36558099580724956,5.0,(in-sample конфигурация) 2026-01..06: +23.8%,2026-07..09: -1.6%,"library {""n"": 5, ""vn"": 60}"
216,LIB_294,P_EMA_S,FUT,0.45454545454545453,-0.12149334992864169,-0.003648655841971049,0.059656500909291685,0.20129905367502943,3.0,(in-sample конфигурация) 2026-01..06: +11.2%,2026-07..09: -1.3%,"library {""f"": 50, ""s"": 200, ""vn"": 60}"
217,LIB_048,P_TSMOM,EQ,0.45454545454545453,-0.13210055173840374,-0.02359715208876878,0.06716605792744026,0.2994610659625323,3.0,(in-sample конфигурация) 2026-01..06: -0.4%,2026-07..09: +0.1%,"library {""n"": 5, ""vn"": 60}"
218,LIB_080,P_TSMOM,ALL,0.45454545454545453,-0.15923769178334624,-0.003668250050395727,0.07529439995546057,0.3552872302097967,2.0,(in-sample конфигурация) 2026-01..06: +15.3%,2026-07..09: -2.3%,"library {""n"": 5, ""vn"": 60}"
219,C6_WF_PANEL_SHARPE_K10_SMOOTH,candidate,ALL/EQ,0.4444444444444444,-0.016433037307418904,-0.00046159697557584763,0.02192124714446413,0.057251400321720144,3.0,"OOS 2026-01..06: Sharpe 1.70, +10.3%, прибыльных мес. 67%","2026-07..09: -0.9%, прибыльных мес. 0%","frozen candidate, vol-target 10%"
220,C10_ML_HOURLY_H16_PREMIUM,ml,ALL,0.4444444444444444,-0.03299442875184447,-0.009148767159310843,0.022770820772233993,,,OOS 2026-01..06: Sharpe 1.27 (порог выбран на тех же месяцах),"2026-07..09: -7.3%, 0/3 прибыльных","frozen candidate, 1× номинал"
221,LIB_392,P_BRK_S,ALL,0.4444444444444444,-0.10381828006939031,-0.0015602938874508254,0.08311961705818204,0.3213104497990571,3.0,(in-sample конфигурация) 2026-01..06: +33.0%,2026-07..09: -6.6%,"library {""n"": 55, ""vn"": 20}"
222,LIB_272,P_BRK_S,FUT,0.4444444444444444,-0.1352326745982282,-0.007467460993211716,0.0718251230555943,0.1829006374173332,3.0,(in-sample конфигурация) 2026-01..06: +6.2%,2026-07..09: -6.8%,"library {""n"": 55, ""vn"": 20}"
223,LIB_253,P_TSMOM_L,FUT,0.42857142857142855,-0.0773981133243069,-0.03284535778220743,0.042958042321339124,0.21146883785695536,4.0,(in-sample конфигурация) 2026-01..06: -20.2%,2026-07..09: +8.1%,"library {""n"": 120, ""vn"": 20}"
224,LIB_085,P_TSMOM,ALL,0.42857142857142855,-0.09977581205021124,-0.008728446322493255,0.08003204785520575,0.34106784108735155,3.0,(in-sample конфигурация) 2026-01..06: +3.0%,2026-07..09: +1.6%,"library {""n"": 120, ""vn"": 60}"
225,LIB_069,P_TSMOM,ALL,0.42857142857142855,-0.12215784560248721,-0.022322629316477105,0.08777510583492659,0.30545377028465737,3.0,(in-sample конфигурация) 2026-01..06: -1.1%,2026-07..09: -3.1%,"library {""n"": 120, ""vn"": 20}"
226,LIB_205,P_XS_MOM,EQ,0.4166666666666667,-0.032800932589452714,-0.008190587202989263,0.032754773728005795,0.13037490073475055,3.0,(in-sample конфигурация) 2026-01..06: +4.9%,2026-07..09: +2.0%,"library {""hold"": 5, ""k"": 2, ""n"": 10}"
227,LIB_319,P_EMA_L,EQ,0.4166666666666667,-0.05444351353798993,-0.0039931135543156415,0.031245273223877025,0.20722359547653468,5.0,(in-sample конфигурация) 2026-01..06: -7.2%,2026-07..09: -0.8%,"library {""f"": 10, ""s"": 50, ""vn"": 20}"
228,LIB_270,P_BRK_S,FUT,0.4166666666666667,-0.05556833095033653,-0.01391506107756868,0.06762905027699279,0.19568875361301252,5.0,(in-sample конфигурация) 2026-01..06: +24.4%,2026-07..09: -6.7%,"library {""n"": 20, ""vn"": 20}"
229,LIB_002,P_TSMOM,FUT,0.4166666666666667,-0.05614933976903558,-0.02305737548158504,0.08312717082391964,0.24330152687616646,3.0,(in-sample конфигурация) 2026-01..06: +23.0%,2026-07..09: -6.6%,"library {""n"": 20, ""vn"": 20}"
230,LIB_255,P_EMA_L,FUT,0.4166666666666667,-0.060976087504968746,-0.013624960294691846,0.0458526740444786,0.1843233806612261,3.0,(in-sample конфигурация) 2026-01..06: +1.2%,2026-07..09: +9.1%,"library {""f"": 3, ""s"": 10, ""vn"": 20}"
231,LIB_307,P_TSMOM_L,EQ,0.4166666666666667,-0.06598116352688521,-0.002445993581204675,0.032461541777355774,0.1656237931965734,4.0,(in-sample конфигурация) 2026-01..06: -6.2%,2026-07..09: -1.2%,"library {""n"": 20, ""vn"": 20}"
232,LIB_153,P_XS_MOM,FUT,0.4166666666666667,-0.06655089670675807,-0.016908578691072762,0.05386691056041671,0.1450029363259091,3.0,(in-sample конфигурация) 2026-01..06: +13.6%,2026-07..09: -7.3%,"library {""hold"": 5, ""k"": 3, ""n"": 20}"
233,LIB_172,P_XS_MOM,EQ,0.4166666666666667,-0.06729726518096868,-0.025620017084293067,0.051368152659977004,0.2780671260993586,5.0,(in-sample конфигурация) 2026-01..06: -0.8%,2026-07..09: +6.5%,"library {""hold"": 1, ""k"": 3, ""n"": 1}"
234,LIB_147,P_XS_REV,FUT,0.4166666666666667,-0.0725703833886655,-0.002299099985975772,0.0482990482386138,0.1393467952075298,3.0,(in-sample конфигурация) 2026-01..06: +2.2%,2026-07..09: +5.3%,"library {""hold"": 5, ""k"": 1, ""n"": 20}"
235,LIB_112,P_XS_MOM,FUT,0.4166666666666667,-0.0730512993177399,-0.010323630827770103,0.05363950278104441,0.1884223105153069,3.0,(in-sample конфигурация) 2026-01..06: +9.2%,2026-07..09: -5.4%,"library {""hold"": 1, ""k"": 2, ""n"": 3}"
236,LIB_248,P_TSMOM_S,FUT,0.4166666666666667,-0.07340861321426928,-0.019043469852476846,0.07738076126028201,0.223886811741977,5.0,(in-sample конфигурация) 2026-01..06: +22.9%,2026-07..09: -8.5%,"library {""n"": 20, ""vn"": 20}"
237,LIB_204,P_XS_MOM,EQ,0.4166666666666667,-0.07579895085655153,-0.023134420145652257,0.04833714539072781,0.195319641752576,3.0,(in-sample конфигурация) 2026-01..06: +1.8%,2026-07..09: -4.7%,"library {""hold"": 1, ""k"": 2, ""n"": 10}"
238,LIB_379,P_EMA_L,ALL,0.4166666666666667,-0.0767561755128554,-0.004183575350907631,0.03942669623711573,0.24132718834880507,5.0,(in-sample конфигурация) 2026-01..06: -5.9%,2026-07..09: +0.8%,"library {""f"": 10, ""s"": 50, ""vn"": 20}"
239,LIB_192,P_XS_MOM,EQ,0.4166666666666667,-0.07770109819830395,-0.025852228776784614,0.05384045818193208,0.26555904747510795,5.0,(in-sample конфигурация) 2026-01..06: +5.7%,2026-07..09: -0.1%,"library {""hold"": 1, ""k"": 2, ""n"": 5}"
240,LIB_315,P_EMA_L,EQ,0.4166666666666667,-0.07937488696916262,-0.01628122878173599,0.04465530858189051,0.2592366561293602,5.0,(in-sample конфигурация) 2026-01..06: -10.9%,2026-07..09: +2.5%,"library {""f"": 3, ""s"": 10, ""vn"": 20}"
241,LIB_213,P_XS_MOM,EQ,0.4166666666666667,-0.0832053056328732,-0.007081482842295372,0.04810041210164757,0.16818652972506243,4.0,(in-sample конфигурация) 2026-01..06: +11.5%,2026-07..09: -5.9%,"library {""hold"": 5, ""k"": 4, ""n"": 10}"
242,LIB_218,P_XS_REV,EQ,0.4166666666666667,-0.08422688630525954,-0.017538181113650353,0.03840544461911961,0.325854579154111,5.0,(in-sample конфигурация) 2026-01..06: -22.3%,2026-07..09: -4.2%,"library {""hold"": 1, ""k"": 2, ""n"": 20}"
243,LIB_177,P_XS_MOM,EQ,0.4166666666666667,-0.08547872079452645,-0.0150871415171423,0.05525927213313959,0.17969005891063716,4.0,(in-sample конфигурация) 2026-01..06: +13.5%,2026-07..09: -10.1%,"library {""hold"": 5, ""k"": 4, ""n"": 1}"
244,LIB_149,P_XS_MOM,FUT,0.4166666666666667,-0.0856586874833738,-0.014081790257478133,0.05437318126265689,0.15072145877275034,3.0,(in-sample конфигурация) 2026-01..06: +14.8%,2026-07..09: -8.8%,"library {""hold"": 5, ""k"": 2, ""n"": 20}"
245,LIB_129,P_XS_MOM,FUT,0.4166666666666667,-0.08579809172078967,-0.005818940175231546,0.04927689722866668,0.2661374020271978,3.0,(in-sample конфигурация) 2026-01..06: +14.8%,2026-07..09: -0.1%,"library {""hold"": 5, ""k"": 3, ""n"": 5}"
246,LIB_128,P_XS_MOM,FUT,0.4166666666666667,-0.08838120673317462,-0.017290783202042803,0.0624488779526574,0.3152580376918195,3.0,(in-sample конфигурация) 2026-01..06: +17.2%,2026-07..09: -0.7%,"library {""hold"": 1, ""k"": 3, ""n"": 5}"
247,LIB_131,P_XS_REV,FUT,0.4166666666666667,-0.088666359661147,-0.0034543740330263972,0.048304153539929534,0.3646319042891264,4.0,(in-sample конфигурация) 2026-01..06: -23.5%,2026-07..09: -2.6%,"library {""hold"": 5, ""k"": 3, ""n"": 5}"
248,LIB_375,P_EMA_L,ALL,0.4166666666666667,-0.08978101626917123,-0.016596738395946886,0.05535556606306678,0.25720492830805597,4.0,(in-sample конфигурация) 2026-01..06: -6.3%,2026-07..09: +7.9%,"library {""f"": 3, ""s"": 10, ""vn"": 20}"
249,LIB_096,P_XS_MOM,FUT,0.4166666666666667,-0.09231431625084952,-0.015133564636016672,0.07970688281510042,0.2819891480539809,3.0,(in-sample конфигурация) 2026-01..06: +10.2%,2026-07..09: -10.7%,"library {""hold"": 1, ""k"": 1, ""n"": 1}"
250,LIB_097,P_XS_MOM,FUT,0.4166666666666667,-0.0929592524189502,-0.018700495721532207,0.057152642109242764,0.2389939298027457,3.0,(in-sample конфигурация) 2026-01..06: -0.8%,2026-07..09: +1.5%,"library {""hold"": 5, ""k"": 1, ""n"": 1}"
251,LIB_323,P_EMA_L,EQ,0.4166666666666667,-0.09641018269758206,-0.013684595214726869,0.051492140600125164,0.37520350361592136,5.0,(in-sample конфигурация) 2026-01..06: -23.4%,2026-07..09: -1.8%,"library {""f"": 50, ""s"": 200, ""vn"": 20}"
252,LIB_117,P_XS_MOM,FUT,0.4166666666666667,-0.09652220530551858,-0.016518772368726786,0.07359178539276101,0.22723941742287934,3.0,(in-sample конфигурация) 2026-01..06: +34.9%,2026-07..09: -11.0%,"library {""hold"": 5, ""k"": 3, ""n"": 3}"
253,LIB_143,P_XS_REV,FUT,0.4166666666666667,-0.09776273835450411,-0.008871203288435936,0.05633769150636126,0.27516154665499926,2.0,(in-sample конфигурация) 2026-01..06: -19.7%,2026-07..09: +3.3%,"library {""hold"": 5, ""k"": 3, ""n"": 10}"
254,LIB_183,P_XS_REV,EQ,0.4166666666666667,-0.09840537409763783,-0.00545665311801713,0.03868050877270868,0.2522639883100055,5.0,(in-sample конфигурация) 2026-01..06: -16.7%,2026-07..09: +5.6%,"library {""hold"": 5, ""k"": 2, ""n"": 3}"
255,LIB_245,P_TSMOM_L,FUT,0.4166666666666667,-0.09922215124242939,-0.012902194028356462,0.0587061536388404,0.17771024284593295,3.0,(in-sample конфигурация) 2026-01..06: +3.8%,2026-07..09: +8.3%,"library {""n"": 10, ""vn"": 20}"
256,LIB_320,P_EMA_S,EQ,0.4166666666666667,-0.099692446005065,-0.02891084732254967,0.07918776816528855,0.4343775038178137,5.0,(in-sample конфигурация) 2026-01..06: +22.5%,2026-07..09: -3.9%,"library {""f"": 10, ""s"": 50, ""vn"": 20}"
257,LIB_383,P_EMA_L,ALL,0.4166666666666667,-0.10174396639922634,-0.0018859556585084647,0.056650949118226164,0.4002468694379786,5.0,(in-sample конфигурация) 2026-01..06: -23.7%,2026-07..09: +1.7%,"library {""f"": 50, ""s"": 200, ""vn"": 20}"
258,LIB_390,P_BRK_S,ALL,0.4166666666666667,-0.10238040809053928,-0.009330053197118104,0.09382440025000782,0.3692634953222296,5.0,(in-sample конфигурация) 2026-01..06: +35.6%,2026-07..09: -1.9%,"library {""n"": 20, ""vn"": 20}"
259,LIB_318,P_EMA_S,EQ,0.4166666666666667,-0.11305993012001636,-0.039059007375954025,0.07858886271817044,0.49384544463919156,5.0,(in-sample конфигурация) 2026-01..06: +16.3%,2026-07..09: -1.9%,"library {""f"": 5, ""s"": 20, ""vn"": 20}"
260,LIB_306,P_TSMOM_S,EQ,0.4166666666666667,-0.1155592986906413,-0.027336615647072904,0.07913344846520474,0.5120613544349908,5.0,(in-sample конфигурация) 2026-01..06: +13.7%,2026-07..09: +5.7%,"library {""n"": 10, ""vn"": 20}"
261,LIB_324,P_EMA_S,EQ,0.4166666666666667,-0.1164922337338794,-0.02593092233655625,0.07714020708053287,0.4547189506411087,4.0,(in-sample конфигурация) 2026-01..06: +13.0%,2026-07..09: -5.7%,"library {""f"": 50, ""s"": 200, ""vn"": 20}"
262,LIB_368,P_TSMOM_S,ALL,0.4166666666666667,-0.11875389656051993,-0.02917173418973107,0.1135818624112265,0.4815788931264251,5.0,(in-sample конфигурация) 2026-01..06: +27.7%,2026-07..09: -7.9%,"library {""n"": 20, ""vn"": 20}"
263,LIB_137,P_XS_MOM,FUT,0.4166666666666667,-0.1254433272370079,-0.007806912326486781,0.06206555739354135,0.2323648088167829,3.0,(in-sample конфигурация) 2026-01..06: +12.6%,2026-07..09: -8.2%,"library {""hold"": 5, ""k"": 2, ""n"": 10}"
264,LIB_072,P_EMA,ALL,0.4166666666666667,-0.12821358075598255,-0.0307634287601104,0.09155260387795064,0.3780604293860961,3.0,(in-sample конфигурация) 2026-01..06: +24.0%,2026-07..09: -7.4%,"library {""f"": 10, ""s"": 50, ""vn"": 20}"
265,LIB_221,P_XS_MOM,EQ,0.4166666666666667,-0.12987516674911603,-0.005005397135391831,0.05134530844115002,0.3636137292996864,3.0,(in-sample конфигурация) 2026-01..06: -15.6%,2026-07..09: -8.7%,"library {""hold"": 5, ""k"": 3, ""n"": 20}"
266,LIB_241,P_CARRY_TF,FX,0.4166666666666667,-0.1323271135916002,0.0,0.06049360840096136,0.1504348076414317,4.0,(in-sample конфигурация) 2026-01..06: -1.3%,2026-07..09: +0.0%,"library {""f"": 10, ""s"": 50}"
267,LIB_040,P_EMA,EQ,0.4166666666666667,-0.1342285959981382,-0.018347315868595615,0.07447289783825159,0.42241362150525674,5.0,(in-sample конфигурация) 2026-01..06: +15.3%,2026-07..09: -4.7%,"library {""f"": 10, ""s"": 50, ""vn"": 20}"
268,LIB_308,P_TSMOM_S,EQ,0.4166666666666667,-0.1349713651870843,-0.00793141072790604,0.08944573366826812,0.4483118175267009,5.0,(in-sample конфигурация) 2026-01..06: +16.8%,2026-07..09: -3.1%,"library {""n"": 20, ""vn"": 20}"
269,LIB_303,P_TSMOM_L,EQ,0.4166666666666667,-0.13523094533957192,-0.013617047748994082,0.0520861043943355,0.3247941360841651,4.0,(in-sample конфигурация) 2026-01..06: -11.9%,2026-07..09: +1.0%,"library {""n"": 5, ""vn"": 20}"
270,LIB_264,P_EMA_S,FUT,0.4166666666666667,-0.13555200546397828,-0.006727025684085675,0.06314886630398035,0.2371439887001543,4.0,(in-sample конфигурация) 2026-01..06: +9.8%,2026-07..09: -5.8%,"library {""f"": 50, ""s"": 200, ""vn"": 20}"
271,LIB_217,P_XS_MOM,EQ,0.4166666666666667,-0.137487722793594,-0.0063961998239392415,0.05729130922290039,0.31981731271662284,3.0,(in-sample конфигурация) 2026-01..06: -9.7%,2026-07..09: -9.8%,"library {""hold"": 5, ""k"": 2, ""n"": 20}"
272,LIB_034,P_TSMOM,EQ,0.4166666666666667,-0.13929378904867917,-0.010159687837585807,0.09483585970512007,0.40749430654977914,3.0,(in-sample конфигурация) 2026-01..06: +10.5%,2026-07..09: -4.2%,"library {""n"": 20, ""vn"": 20}"
273,LIB_135,P_XS_REV,FUT,0.4166666666666667,-0.14308304595761,-0.014159104975988157,0.05800104669274174,0.3828022326233622,5.0,(in-sample конфигурация) 2026-01..06: -31.0%,2026-07..09: -1.2%,"library {""hold"": 5, ""k"": 1, ""n"": 10}"
274,LIB_384,P_EMA_S,ALL,0.4166666666666667,-0.15131945227039978,-0.04141702922061086,0.09304482251608479,0.49067277618451044,4.0,(in-sample конфигурация) 2026-01..06: +16.3%,2026-07..09: -8.1%,"library {""f"": 50, ""s"": 200, ""vn"": 20}"
275,LIB_115,P_XS_REV,FUT,0.4166666666666667,-0.15305480093229562,-0.0014313370047602803,0.0727043928787933,0.3757292226637219,4.0,(in-sample конфигурация) 2026-01..06: -33.6%,2026-07..09: +13.9%,"library {""hold"": 5, ""k"": 2, ""n"": 3}"
276,LIB_033,P_TSMOM,EQ,0.4166666666666667,-0.15550988051109016,-0.014818719871982466,0.09148575933272461,0.5279403159947833,5.0,(in-sample конфигурация) 2026-01..06: +6.0%,2026-07..09: +13.0%,"library {""n"": 10, ""vn"": 20}"
277,LIB_142,P_XS_REV,FUT,0.4166666666666667,-0.15617348882369697,-0.007461556466296315,0.060812688995204964,0.3292322015240643,4.0,(in-sample конфигурация) 2026-01..06: -21.7%,2026-07..09: -4.8%,"library {""hold"": 1, ""k"": 3, ""n"": 10}"
278,LIB_010,P_EMA,FUT,0.4166666666666667,-0.16194949677446857,-0.00403183167509269,0.05695644191878584,0.20736634357035655,3.0,(in-sample конфигурация) 2026-01..06: -3.4%,2026-07..09: -1.1%,"library {""f"": 50, ""s"": 200, ""vn"": 20}"
279,LIB_114,P_XS_REV,FUT,0.4166666666666667,-0.16803161532152444,-0.011060120130423456,0.05485326679432535,0.44752722846897086,3.0,(in-sample конфигурация) 2026-01..06: -28.3%,2026-07..09: -1.4%,"library {""hold"": 1, ""k"": 2, ""n"": 3}"
280,LIB_195,P_XS_REV,EQ,0.4166666666666667,-0.17955357756000012,-0.009347055169200758,0.05452668802662413,0.27846419296520253,3.0,(in-sample конфигурация) 2026-01..06: -19.7%,2026-07..09: +1.9%,"library {""hold"": 5, ""k"": 2, ""n"": 5}"
281,LIB_038,P_EMA,EQ,0.4166666666666667,-0.1821961086243391,-0.021046129942988046,0.06763864578547107,0.5470521297247615,5.0,(in-sample конфигурация) 2026-01..06: -0.7%,2026-07..09: +3.4%,"library {""f"": 3, ""s"": 10, ""vn"": 20}"
282,LIB_032,P_TSMOM,EQ,0.4166666666666667,-0.18632483680266887,-0.025126984022790566,0.07624319481574877,0.5180498250338132,3.0,(in-sample конфигурация) 2026-01..06: +0.6%,2026-07..09: +0.8%,"library {""n"": 5, ""vn"": 20}"
283,LIB_071,P_EMA,ALL,0.4166666666666667,-0.19546845136210322,-0.0056283004796569,0.10658074654163958,0.5695839069776412,5.0,(in-sample конфигурация) 2026-01..06: +31.7%,2026-07..09: +1.3%,"library {""f"": 5, ""s"": 20, ""vn"": 20}"
284,LIB_102,P_XS_REV,FUT,0.4166666666666667,-0.20191888861882035,-0.02353565947851166,0.0677035416539742,0.443019791819097,4.0,(in-sample конфигурация) 2026-01..06: -34.0%,2026-07..09: +0.2%,"library {""hold"": 1, ""k"": 2, ""n"": 1}"
285,LIB_064,P_TSMOM,ALL,0.4166666666666667,-0.2180326537345536,-0.011915727416635491,0.09088692535741127,0.5955883663264103,3.0,(in-sample конфигурация) 2026-01..06: +17.3%,2026-07..09: -2.1%,"library {""n"": 5, ""vn"": 20}"
286,LIB_043,P_BRK,EQ,0.4166666666666667,-0.2256594360806048,-0.008631630946183577,0.07323982022682533,0.4805820049077738,3.0,(in-sample конфигурация) 2026-01..06: -3.8%,2026-07..09: +9.0%,"library {""n"": 5, ""vn"": 20}"
287,LIB_098,P_XS_REV,FUT,0.4166666666666667,-0.2464591016760096,-0.01761057057592552,0.07843739849264024,0.40714123501675203,4.0,(in-sample конфигурация) 2026-01..06: -31.3%,2026-07..09: +2.7%,"library {""hold"": 1, ""k"": 1, ""n"": 1}"
288,LIB_232,P_XS_MOM,EQ,0.4,-0.03505141720233951,-0.016130848900502315,0.025161983406740102,0.18461428222528298,4.0,(in-sample конфигурация) 2026-01..06: -8.5%,2026-07..09: +3.5%,"library {""hold"": 1, ""k"": 3, ""n"": 60}"
289,LIB_046,P_BRK,EQ,0.4,-0.06609265874431003,-0.012241550284670666,0.06079506231551402,0.2657848842936801,2.0,(in-sample конфигурация) 2026-01..06: +22.1%,2026-07..09: -2.1%,"library {""n"": 55, ""vn"": 20}"
290,LIB_401,P_TSMOM_L,ALL,0.4,-0.07225371597451158,-0.003434732640016591,0.04399295027023949,0.23773643656386412,4.0,(in-sample конфигурация) 2026-01..06: -1.7%,2026-07..09: +2.5%,"library {""n"": 60, ""vn"": 60}"
291,LIB_301,P_BRK_L,FUT,0.4,-0.09484391803562175,-0.007878943731157051,0.0549783551884022,0.23809655298100552,4.0,(in-sample конфигурация) 2026-01..06: +0.9%,2026-07..09: +2.2%,"library {""n"": 55, ""vn"": 60}"
292,LIB_271,P_BRK_L,FUT,0.4,-0.09547829712391831,-0.005637169233523309,0.05405744186518978,0.26402191451052204,4.0,(in-sample конфигурация) 2026-01..06: -7.2%,2026-07..09: +3.7%,"library {""n"": 55, ""vn"": 20}"
293,LIB_078,P_BRK,ALL,0.4,-0.10189025406725705,-0.008923930719902273,0.075141706724159,0.2848263554624282,4.0,(in-sample конфигурация) 2026-01..06: +18.8%,2026-07..09: -3.6%,"library {""n"": 55, ""vn"": 20}"
294,LIB_167,P_XS_REV,FUT,0.4,-0.10360817989567295,-0.007445572889082541,0.07098540731587655,0.23906029166391818,3.0,(in-sample конфигурация) 2026-01..06: -2.2%,2026-07..09: -4.2%,"library {""hold"": 5, ""k"": 3, ""n"": 60}"
295,LIB_421,P_BRK_L,ALL,0.4,-0.10613892969558947,-0.001643658739340026,0.05530889082116463,0.30620708737842506,4.0,(in-sample конфигурация) 2026-01..06: -7.3%,2026-07..09: +1.7%,"library {""n"": 55, ""vn"": 60}"
296,LIB_288,P_EMA_S,FUT,0.36363636363636365,-0.02966083119645191,-0.01379948989733748,0.06979751384600708,0.16264598426596422,5.0,(in-sample конфигурация) 2026-01..06: +29.4%,2026-07..09: -0.4%,"library {""f"": 5, ""s"": 20, ""vn"": 60}"
297,LIB_273,P_TSMOM_L,FUT,0.36363636363636365,-0.04015238309511915,-0.021234455809462816,0.03634545672560337,0.20681909506674856,4.0,(in-sample конфигурация) 2026-01..06: +1.5%,2026-07..09: +0.5%,"library {""n"": 5, ""vn"": 60}"
298,LIB_300,P_BRK_S,FUT,0.36363636363636365,-0.04429513250943273,-0.007800265040714294,0.06199571432885723,0.18859810996218584,5.0,(in-sample конфигурация) 2026-01..06: +24.9%,2026-07..09: -3.4%,"library {""n"": 20, ""vn"": 60}"
299,LIB_278,P_TSMOM_S,FUT,0.36363636363636365,-0.05283776723081246,-0.018011790234595537,0.07216199508743346,0.2139069537370233,5.0,(in-sample конфигурация) 2026-01..06: +24.6%,2026-07..09: -5.0%,"library {""n"": 20, ""vn"": 60}"
300,C3_XSMOM_EQ_ENS,candidate,ALL/EQ,0.36363636363636365,-0.0530560103831132,-0.008758502227257905,0.026190884916456613,0.18593639594989553,5.0,"OOS 2026-01..06: Sharpe -0.09, -0.7%, прибыльных мес. 33%","2026-07..09: -1.0%, прибыльных мес. 67%","frozen candidate, vol-target 10%"
301,LIB_410,P_EMA_S,ALL,0.36363636363636365,-0.06696635426487774,-0.027261552400887012,0.09106930494750436,0.38176708726678044,5.0,(in-sample конфигурация) 2026-01..06: +35.0%,2026-07..09: -3.7%,"library {""f"": 10, ""s"": 50, ""vn"": 60}"
302,LIB_057,P_EMA,EQ,0.36363636363636365,-0.06820472789695486,-0.0057752844877541065,0.050337859505159996,0.3266862296150066,3.0,(in-sample конфигурация) 2026-01..06: +3.2%,2026-07..09: -0.4%,"library {""f"": 20, ""s"": 100, ""vn"": 60}"
303,LIB_418,P_BRK_S,ALL,0.36363636363636365,-0.0708504596259445,-0.02357093751197681,0.0897633202841655,0.3291419221495744,5.0,(in-sample конфигурация) 2026-01..06: +33.4%,2026-07..09: +2.5%,"library {""n"": 10, ""vn"": 60}"
304,LIB_277,P_TSMOM_L,FUT,0.36363636363636365,-0.07470501131319907,-0.003825686886557378,0.037009645357972146,0.16162340439041145,2.0,(in-sample конфигурация) 2026-01..06: +5.5%,2026-07..09: -0.2%,"library {""n"": 20, ""vn"": 60}"
305,LIB_055,P_EMA,EQ,0.36363636363636365,-0.077651078812778,-0.007593343209009618,0.06113746218419277,0.3299979868461378,4.0,(in-sample конфигурация) 2026-01..06: +16.7%,2026-07..09: +0.6%,"library {""f"": 5, ""s"": 20, ""vn"": 60}"
306,LIB_398,P_TSMOM_S,ALL,0.36363636363636365,-0.08021278645901475,-0.026162157708313316,0.10811644110639146,0.3795828335278202,5.0,(in-sample конфигурация) 2026-01..06: +33.4%,2026-07..09: -3.1%,"library {""n"": 20, ""vn"": 60}"
307,LIB_295,P_BRK_L,FUT,0.36363636363636365,-0.08214112227142323,-0.007483341032639146,0.04254386018040342,0.23735252873666468,4.0,(in-sample конфигурация) 2026-01..06: -3.3%,2026-07..09: +1.9%,"library {""n"": 5, ""vn"": 60}"
308,LIB_405,P_EMA_L,ALL,0.36363636363636365,-0.08467972210200969,-0.01764619696768932,0.05010892714937583,0.28038408915745094,4.0,(in-sample конфигурация) 2026-01..06: -5.4%,2026-07..09: +4.6%,"library {""f"": 3, ""s"": 10, ""vn"": 60}"
309,LIB_412,P_EMA_S,ALL,0.36363636363636365,-0.09330786411010195,-0.003503366886434378,0.08651315949237029,0.36448969622142613,5.0,(in-sample конфигурация) 2026-01..06: +23.5%,2026-07..09: -1.2%,"library {""f"": 20, ""s"": 100, ""vn"": 60}"
310,LIB_292,P_EMA_S,FUT,0.36363636363636365,-0.11465308690094389,-0.002513802428438794,0.0625761065585981,0.18492230551782995,5.0,(in-sample конфигурация) 2026-01..06: +13.3%,2026-07..09: -1.5%,"library {""f"": 20, ""s"": 100, ""vn"": 60}"
311,LIB_058,P_EMA,EQ,0.36363636363636365,-0.11735065917309839,-0.014948609634302557,0.05699732155046048,0.32390525366645306,3.0,(in-sample конфигурация) 2026-01..06: -2.1%,2026-07..09: -6.3%,"library {""f"": 50, ""s"": 200, ""vn"": 60}"
312,LIB_393,P_TSMOM_L,ALL,0.36363636363636365,-0.13138728284684476,-0.018806698499247432,0.06033268051244248,0.40235579530417453,4.0,(in-sample конфигурация) 2026-01..06: -8.5%,2026-07..09: -0.6%,"library {""n"": 5, ""vn"": 60}"
313,LIB_333,P_TSMOM_L,EQ,0.36363636363636365,-0.15213876856432762,-0.010467824176885188,0.05503213558984832,0.36805878356972244,4.0,(in-sample конфигурация) 2026-01..06: -14.3%,2026-07..09: -1.6%,"library {""n"": 5, ""vn"": 60}"
314,LIB_063,P_BUYHOLD,EQ,0.36363636363636365,-0.27927569951862097,-0.03443559817969799,0.10720089485437008,1.0876688902499154,7.0,(in-sample конфигурация) 2026-01..06: -60.9%,2026-07..09: -8.4%,"library {""vn"": 60}"
315,LIB_258,P_EMA_S,FUT,0.3333333333333333,-0.04521239466203042,-0.02548316634783987,0.07525589327414116,0.2681604611302646,6.0,(in-sample конфигурация) 2026-01..06: +28.7%,2026-07..09: -3.1%,"library {""f"": 5, ""s"": 20, ""vn"": 20}"
316,LIB_243,P_TSMOM_L,FUT,0.3333333333333333,-0.04648930573603138,-0.0194798366210307,0.03533198722732151,0.18148009329888737,4.0,(in-sample конфигурация) 2026-01..06: +0.6%,2026-07..09: +3.1%,"library {""n"": 5, ""vn"": 20}"
317,LIB_208,P_XS_MOM,EQ,0.3333333333333333,-0.051514315156964585,-0.010291438302374445,0.03783280882842051,0.13594896158610936,5.0,(in-sample конфигурация) 2026-01..06: +7.0%,2026-07..09: -2.7%,"library {""hold"": 1, ""k"": 3, ""n"": 10}"
318,LIB_256,P_EMA_S,FUT,0.3333333333333333,-0.05690365836198907,-0.024949891536380164,0.07526794092130637,0.35098063063196605,6.0,(in-sample конфигурация) 2026-01..06: +24.1%,2026-07..09: -1.3%,"library {""f"": 3, ""s"": 10, ""vn"": 20}"
319,LIB_125,P_XS_MOM,FUT,0.3333333333333333,-0.05845479761410388,-0.021638828606228344,0.03261229292201967,0.25309707322958275,3.0,(in-sample конфигурация) 2026-01..06: +3.6%,2026-07..09: -3.8%,"library {""hold"": 5, ""k"": 2, ""n"": 5}"
320,LIB_220,P_XS_MOM,EQ,0.3333333333333333,-0.06296191635374271,-0.009138975554378703,0.025908679460675977,0.27809029136551544,6.0,(in-sample конфигурация) 2026-01..06: -2.6%,2026-07..09: -3.9%,"library {""hold"": 1, ""k"": 3, ""n"": 20}"
321,LIB_216,P_XS_MOM,EQ,0.3333333333333333,-0.07001563228550367,-0.020292463086661883,0.03528156355691671,0.3112566709241946,6.0,(in-sample конфигурация) 2026-01..06: -8.6%,2026-07..09: -2.7%,"library {""hold"": 1, ""k"": 2, ""n"": 20}"
322,LIB_148,P_XS_MOM,FUT,0.3333333333333333,-0.07182859502790961,-0.019763338481425308,0.056581233835198044,0.193299389546155,3.0,(in-sample конфигурация) 2026-01..06: +10.2%,2026-07..09: -13.3%,"library {""hold"": 1, ""k"": 2, ""n"": 20}"
323,LIB_196,P_XS_MOM,EQ,0.3333333333333333,-0.07218896993435919,-0.022190395204233937,0.05032826751507089,0.30100092326756567,6.0,(in-sample конфигурация) 2026-01..06: +0.3%,2026-07..09: +1.1%,"library {""hold"": 1, ""k"": 3, ""n"": 5}"
324,LIB_169,P_XS_MOM,EQ,0.3333333333333333,-0.07311707298504189,-0.01270539197139442,0.029285661761220962,0.13408001019979565,5.0,(in-sample конфигурация) 2026-01..06: -1.3%,2026-07..09: -7.9%,"library {""hold"": 5, ""k"": 2, ""n"": 1}"
325,LIB_388,P_BRK_S,ALL,0.3333333333333333,-0.07370449366317189,-0.036903617987263715,0.09525451655990747,0.4164630779869185,6.0,(in-sample конфигурация) 2026-01..06: +30.1%,2026-07..09: -1.3%,"library {""n"": 10, ""vn"": 20}"
326,LIB_152,P_XS_MOM,FUT,0.3333333333333333,-0.07420017704498605,-0.017318531987257302,0.046709730900345275,0.208625829374796,3.0,(in-sample конфигурация) 2026-01..06: +8.7%,2026-07..09: -14.0%,"library {""hold"": 1, ""k"": 3, ""n"": 20}"
327,LIB_328,P_BRK_S,EQ,0.3333333333333333,-0.07530102983582765,-0.029990343074587145,0.0674441852750511,0.40372112896056933,6.0,(in-sample конфигурация) 2026-01..06: +13.7%,2026-07..09: -0.5%,"library {""n"": 10, ""vn"": 20}"
328,LIB_223,P_XS_REV,EQ,0.3333333333333333,-0.07566854583274107,-0.023178266506874934,0.05313540729567334,0.2642949575038074,2.0,(in-sample конфигурация) 2026-01..06: -15.5%,2026-07..09: +2.4%,"library {""hold"": 5, ""k"": 3, ""n"": 20}"
329,LIB_321,P_EMA_L,EQ,0.3333333333333333,-0.07835314304975327,-0.002319065490155481,0.038200476145343464,0.30371275103243534,7.0,(in-sample конфигурация) 2026-01..06: -19.6%,2026-07..09: +0.3%,"library {""f"": 20, ""s"": 100, ""vn"": 20}"
330,LIB_265,P_BRK_L,FUT,0.3333333333333333,-0.08209600103145931,-0.01673396695696283,0.040940429476537775,0.22909440760486177,4.0,(in-sample конфигурация) 2026-01..06: -5.8%,2026-07..09: +4.7%,"library {""n"": 5, ""vn"": 20}"
331,LIB_380,P_EMA_S,ALL,0.3333333333333333,-0.0855873815016821,-0.04275259777932661,0.09970706242556167,0.4359851177650853,6.0,(in-sample конфигурация) 2026-01..06: +29.9%,2026-07..09: -8.2%,"library {""f"": 10, ""s"": 50, ""vn"": 20}"
332,LIB_144,P_XS_MOM,FUT,0.3333333333333333,-0.08685634017456323,-0.015046117303427309,0.030380875534592913,0.2997677409694006,3.0,(in-sample конфигурация) 2026-01..06: -3.7%,2026-07..09: -16.4%,"library {""hold"": 1, ""k"": 1, ""n"": 20}"
333,LIB_180,P_XS_MOM,EQ,0.3333333333333333,-0.089849048119504,-0.013591066861408763,0.03724277236195426,0.2917644719937016,8.0,(in-sample конфигурация) 2026-01..06: -19.7%,2026-07..09: +10.8%,"library {""hold"": 1, ""k"": 2, ""n"": 3}"
334,LIB_225,P_XS_MOM,EQ,0.3333333333333333,-0.09543112124083564,-0.013058732551144203,0.0381959753860075,0.34097591023601126,4.0,(in-sample конфигурация) 2026-01..06: -14.9%,2026-07..09: -7.0%,"library {""hold"": 5, ""k"": 4, ""n"": 20}"
335,LIB_260,P_EMA_S,FUT,0.3333333333333333,-0.09994971277683362,-0.007644694564078236,0.07212398883308638,0.2141452932910397,6.0,(in-sample конфигурация) 2026-01..06: +19.7%,2026-07..09: -8.0%,"library {""f"": 10, ""s"": 50, ""vn"": 20}"
336,LIB_134,P_XS_REV,FUT,0.3333333333333333,-0.10365952416759683,-0.01469700458983425,0.04394483906257762,0.23681930149177788,2.0,(in-sample конфигурация) 2026-01..06: -14.6%,2026-07..09: +0.4%,"library {""hold"": 1, ""k"": 1, ""n"": 10}"
337,LIB_140,P_XS_MOM,FUT,0.3333333333333333,-0.10508122446481138,-0.00825230430928059,0.06320865999374399,0.2933592634362867,5.0,(in-sample конфигурация) 2026-01..06: +7.8%,2026-07..09: +1.0%,"library {""hold"": 1, ""k"": 3, ""n"": 10}"
338,LIB_316,P_EMA_S,EQ,0.3333333333333333,-0.10582042469832231,-0.019553377015654405,0.0695403396200666,0.520440272277483,6.0,(in-sample конфигурация) 2026-01..06: +10.2%,2026-07..09: +0.9%,"library {""f"": 3, ""s"": 10, ""vn"": 20}"
339,LIB_378,P_EMA_S,ALL,0.3333333333333333,-0.10763520770706236,-0.04684460544376634,0.10401420646808339,0.5373588935472071,6.0,(in-sample конфигурация) 2026-01..06: +31.1%,2026-07..09: -3.5%,"library {""f"": 5, ""s"": 20, ""vn"": 20}"
340,LIB_110,P_XS_REV,FUT,0.3333333333333333,-0.10900912204670021,-0.005481288186274469,0.03728867681588454,0.2370659924345091,4.0,(in-sample конфигурация) 2026-01..06: -9.3%,2026-07..09: -1.2%,"library {""hold"": 1, ""k"": 1, ""n"": 3}"
341,LIB_386,P_BRK_S,ALL,0.3333333333333333,-0.11242827377282083,-0.042219268798362464,0.08849263546427971,0.5606641966005554,6.0,(in-sample конфигурация) 2026-01..06: +17.4%,2026-07..09: -0.9%,"library {""n"": 5, ""vn"": 20}"
342,LIB_322,P_EMA_S,EQ,0.3333333333333333,-0.1148945036547957,-0.0317837306211004,0.07540573362759798,0.45486904282370233,6.0,(in-sample конфигурация) 2026-01..06: +14.2%,2026-07..09: -3.5%,"library {""f"": 20, ""s"": 100, ""vn"": 20}"
343,LIB_363,P_TSMOM_L,ALL,0.3333333333333333,-0.11491616106650326,-0.0217088343197247,0.05864630002770737,0.35468533444509376,4.0,(in-sample конфигурация) 2026-01..06: -7.2%,2026-07..09: +2.9%,"library {""n"": 5, ""vn"": 20}"
344,LIB_376,P_EMA_S,ALL,0.3333333333333333,-0.11649592034518719,-0.02636809724936029,0.09892128377240483,0.617485970906273,6.0,(in-sample конфигурация) 2026-01..06: +23.5%,2026-07..09: -0.2%,"library {""f"": 3, ""s"": 10, ""vn"": 20}"
345,LIB_326,P_BRK_S,EQ,0.3333333333333333,-0.11841439678391907,-0.024930506700911792,0.0686853608983814,0.490500670777692,6.0,(in-sample конфигурация) 2026-01..06: +8.3%,2026-07..09: +3.8%,"library {""n"": 5, ""vn"": 20}"
346,LIB_113,P_XS_MOM,FUT,0.3333333333333333,-0.11954871495254338,-0.008364300494577037,0.07337418649690254,0.23668416323926067,3.0,(in-sample конфигурация) 2026-01..06: +26.8%,2026-07..09: -16.5%,"library {""hold"": 5, ""k"": 2, ""n"": 3}"
347,LIB_136,P_XS_MOM,FUT,0.3333333333333333,-0.12107972404919565,-0.012759198085404932,0.06957258974648424,0.26105880172690377,3.0,(in-sample конфигурация) 2026-01..06: +14.5%,2026-07..09: -5.0%,"library {""hold"": 1, ""k"": 2, ""n"": 10}"
348,LIB_104,P_XS_MOM,FUT,0.3333333333333333,-0.12237196008209139,-0.0239078308804892,0.08261908969828592,0.31680883917579195,4.0,(in-sample конфигурация) 2026-01..06: +8.7%,2026-07..09: -1.9%,"library {""hold"": 1, ""k"": 3, ""n"": 1}"
349,LIB_382,P_EMA_S,ALL,0.3333333333333333,-0.13241412519710138,-0.03564381500473246,0.09577649937505109,0.48263806832255796,6.0,(in-sample конфигурация) 2026-01..06: +18.3%,2026-07..09: -5.9%,"library {""f"": 20, ""s"": 100, ""vn"": 20}"
350,LIB_103,P_XS_REV,FUT,0.3333333333333333,-0.13653598766541108,-0.021527608958422206,0.06002724510453341,0.3688452948408667,5.0,(in-sample конфигурация) 2026-01..06: -27.4%,2026-07..09: -6.4%,"library {""hold"": 5, ""k"": 2, ""n"": 1}"
351,LIB_262,P_EMA_S,FUT,0.3333333333333333,-0.1401499598432565,-0.010535562156292144,0.06901323075724344,0.24187376834015595,6.0,(in-sample конфигурация) 2026-01..06: +11.5%,2026-07..09: -5.0%,"library {""f"": 20, ""s"": 100, ""vn"": 20}"
352,LIB_187,P_XS_REV,EQ,0.3333333333333333,-0.14532688386680093,-0.00554650895173836,0.06458222773600517,0.3962095792157925,5.0,(in-sample конфигурация) 2026-01..06: -31.8%,2026-07..09: +11.8%,"library {""hold"": 5, ""k"": 3, ""n"": 3}"
353,LIB_206,P_XS_REV,EQ,0.3333333333333333,-0.15226422960404307,-0.026805175963090733,0.05004683266129148,0.45088273867804674,5.0,(in-sample конфигурация) 2026-01..06: -36.1%,2026-07..09: -3.0%,"library {""hold"": 1, ""k"": 2, ""n"": 10}"
354,LIB_130,P_XS_REV,FUT,0.3333333333333333,-0.15484962344635278,-0.010464837432664353,0.062153311102111745,0.4777861984111951,4.0,(in-sample конфигурация) 2026-01..06: -33.6%,2026-07..09: -5.2%,"library {""hold"": 1, ""k"": 3, ""n"": 5}"
355,LIB_138,P_XS_REV,FUT,0.3333333333333333,-0.15882453962694854,-0.006011483128531836,0.06693986208678565,0.32821468427209766,2.0,(in-sample конфигурация) 2026-01..06: -26.9%,2026-07..09: +0.6%,"library {""hold"": 1, ""k"": 2, ""n"": 10}"
356,LIB_107,P_XS_REV,FUT,0.3333333333333333,-0.16378219246689696,-0.030917299154680222,0.06516173087466276,0.46081436554231914,5.0,(in-sample конфигурация) 2026-01..06: -34.9%,2026-07..09: -7.7%,"library {""hold"": 5, ""k"": 3, ""n"": 1}"
357,LIB_364,P_TSMOM_S,ALL,0.3333333333333333,-0.16775937302736565,-0.035636081902339356,0.09101228221742926,0.5531899612469715,6.0,(in-sample конфигурация) 2026-01..06: +24.5%,2026-07..09: -4.9%,"library {""n"": 5, ""vn"": 20}"
358,LIB_042,P_EMA,EQ,0.3333333333333333,-0.17919552736566402,-0.04426515330669645,0.07333331488194395,0.5220460653144983,3.0,(in-sample конфигурация) 2026-01..06: -10.4%,2026-07..09: -7.4%,"library {""f"": 50, ""s"": 200, ""vn"": 20}"
359,LIB_039,P_EMA,EQ,0.3333333333333333,-0.20135513248533243,-0.014169787249556975,0.08187147688127516,0.504325791123847,5.0,(in-sample конфигурация) 2026-01..06: +10.7%,2026-07..09: -1.9%,"library {""f"": 5, ""s"": 20, ""vn"": 20}"
360,LIB_199,P_XS_REV,EQ,0.3333333333333333,-0.21754833904560655,-0.017370365269016474,0.06032745874802847,0.44381536995933857,3.0,(in-sample конфигурация) 2026-01..06: -34.0%,2026-07..09: -0.5%,"library {""hold"": 5, ""k"": 3, ""n"": 5}"
361,LIB_106,P_XS_REV,FUT,0.3333333333333333,-0.2584974007913843,-0.029554483044194058,0.08214018783519124,0.6171874078572728,5.0,(in-sample конфигурация) 2026-01..06: -43.1%,2026-07..09: -10.5%,"library {""hold"": 1, ""k"": 3, ""n"": 1}"
362,LIB_047,P_BUYHOLD,EQ,0.3333333333333333,-0.2704595341347158,-0.026757722516776994,0.10889803536793088,1.0358667580294423,7.0,(in-sample конфигурация) 2026-01..06: -61.7%,2026-07..09: -3.8%,"library {""vn"": 20}"
363,LIB_281,P_TSMOM_L,FUT,0.3,-0.05330220493488014,-0.0033157452271552756,0.03554997809599618,0.1759275197327952,4.0,(in-sample конфигурация) 2026-01..06: -0.3%,2026-07..09: +2.2%,"library {""n"": 60, ""vn"": 60}"
364,LIB_341,P_TSMOM_L,EQ,0.3,-0.05570474465639563,-0.005607322931609815,0.030608875924375903,0.18153592749149539,5.0,(in-sample конфигурация) 2026-01..06: -5.0%,2026-07..09: +1.3%,"library {""n"": 60, ""vn"": 60}"
365,LIB_251,P_TSMOM_L,FUT,0.3,-0.058116959833569126,-0.009545341934426688,0.04120340512662849,0.21300562521901156,5.0,(in-sample конфигурация) 2026-01..06: -5.6%,2026-07..09: +4.0%,"library {""n"": 60, ""vn"": 20}"
366,LIB_311,P_TSMOM_L,EQ,0.3,-0.06287465913919732,-0.004803953735972755,0.03880997576248209,0.20451749619678594,5.0,(in-sample конфигурация) 2026-01..06: -7.1%,2026-07..09: +1.7%,"library {""n"": 60, ""vn"": 20}"
367,LIB_158,P_XS_REV,FUT,0.3,-0.07179812388494611,-0.012430309579940513,0.045542295269749046,0.16223861528851558,4.0,(in-sample конфигурация) 2026-01..06: -1.6%,2026-07..09: -9.0%,"library {""hold"": 1, ""k"": 1, ""n"": 60}"
368,LIB_233,P_XS_MOM,EQ,0.3,-0.0825871147972066,-0.01340474976313999,0.03430044786375267,0.26280565741762985,6.0,(in-sample конфигурация) 2026-01..06: -9.8%,2026-07..09: -1.5%,"library {""hold"": 5, ""k"": 3, ""n"": 60}"
369,LIB_163,P_XS_REV,FUT,0.3,-0.08818248112220317,-0.007246460125315934,0.048248046263585725,0.17019933531992137,3.0,(in-sample конфигурация) 2026-01..06: -3.2%,2026-07..09: -4.7%,"library {""hold"": 5, ""k"": 2, ""n"": 60}"
370,LIB_162,P_XS_REV,FUT,0.3,-0.10627904484863393,-0.016331336861185264,0.06425848256437235,0.2599564720876515,3.0,(in-sample конфигурация) 2026-01..06: -7.7%,2026-07..09: -9.5%,"library {""hold"": 1, ""k"": 2, ""n"": 60}"
371,LIB_391,P_BRK_L,ALL,0.3,-0.11302364811126608,-0.0032754560511421005,0.05957825272811138,0.3387958147068275,6.0,(in-sample конфигурация) 2026-01..06: -14.3%,2026-07..09: +3.0%,"library {""n"": 55, ""vn"": 20}"
372,LIB_283,P_TSMOM_L,FUT,0.2857142857142857,-0.06519434577785432,-0.028252185875317082,0.03596988514510646,0.18384298640012275,4.0,(in-sample конфигурация) 2026-01..06: -17.4%,2026-07..09: +6.2%,"library {""n"": 120, ""vn"": 60}"
373,LIB_053,P_TSMOM,EQ,0.2857142857142857,-0.09156797570176423,-0.03580773068824783,0.06775926214609992,0.35419819492381066,3.0,(in-sample конфигурация) 2026-01..06: -4.9%,2026-07..09: -4.5%,"library {""n"": 120, ""vn"": 60}"
374,LIB_403,P_TSMOM_L,ALL,0.2857142857142857,-0.10277539596427232,-0.06350079116236884,0.04883066619231349,0.3591178167407634,4.0,(in-sample конфигурация) 2026-01..06: -34.3%,2026-07..09: +2.4%,"library {""n"": 120, ""vn"": 60}"
375,LIB_037,P_TSMOM,EQ,0.2857142857142857,-0.11302550043910742,-0.03655366110615432,0.07866050710995758,0.32808350055711344,3.0,(in-sample конфигурация) 2026-01..06: -9.1%,2026-07..09: -9.2%,"library {""n"": 120, ""vn"": 20}"
376,LIB_373,P_TSMOM_L,ALL,0.2857142857142857,-0.11874737613834441,-0.06246693938737735,0.05719732975725262,0.4023138442862546,4.0,(in-sample конфигурация) 2026-01..06: -38.9%,2026-07..09: +3.4%,"library {""n"": 120, ""vn"": 20}"
377,LIB_309,P_TSMOM_L,EQ,0.2727272727272727,-0.04330152564216405,-0.003128682030364871,0.024220751162756793,0.1885081967120641,5.0,(in-sample конфигурация) 2026-01..06: -6.5%,2026-07..09: +4.3%,"library {""n"": 40, ""vn"": 20}"
378,LIB_296,P_BRK_S,FUT,0.2727272727272727,-0.051086932769976556,-0.01835951377870515,0.05745960963959059,0.18128397723194212,5.0,(in-sample конфигурация) 2026-01..06: +15.8%,2026-07..09: -3.0%,"library {""n"": 5, ""vn"": 60}"
379,LIB_274,P_TSMOM_S,FUT,0.2727272727272727,-0.05520036902453285,-0.011559273581951857,0.061024134083262724,0.19930750296043698,5.0,(in-sample конфигурация) 2026-01..06: +20.4%,2026-07..09: -4.4%,"library {""n"": 5, ""vn"": 60}"
380,LIB_266,P_BRK_S,FUT,0.25,-0.04914311035827268,-0.027481484255986288,0.06299435965067739,0.29428699861455243,6.0,(in-sample конфигурация) 2026-01..06: +17.0%,2026-07..09: -5.7%,"library {""n"": 5, ""vn"": 20}"
381,LIB_108,P_XS_MOM,FUT,0.25,-0.05218318075640127,-0.015516083891270682,0.034764986781765365,0.1488561898804619,3.0,(in-sample конфигурация) 2026-01..06: -5.9%,2026-07..09: -3.9%,"library {""hold"": 1, ""k"": 1, ""n"": 3}"
382,LIB_168,P_XS_MOM,EQ,0.25,-0.060784295201301575,-0.022639278900896898,0.03913794220261071,0.3092454003453895,8.0,(in-sample конфигурация) 2026-01..06: -12.9%,2026-07..09: +7.0%,"library {""hold"": 1, ""k"": 2, ""n"": 1}"
383,LIB_120,P_XS_MOM,FUT,0.25,-0.06180944771767827,-0.01875788795587141,0.040587534077904545,0.381904875201144,6.0,(in-sample конфигурация) 2026-01..06: -3.5%,2026-07..09: +0.3%,"library {""hold"": 1, ""k"": 1, ""n"": 5}"
384,LIB_176,P_XS_MOM,EQ,0.25,-0.07259248830087017,-0.037076679451274686,0.04962399316704365,0.30543126894917805,5.0,(in-sample конфигурация) 2026-01..06: -7.4%,2026-07..09: +1.8%,"library {""hold"": 1, ""k"": 4, ""n"": 1}"
385,LIB_244,P_TSMOM_S,FUT,0.25,-0.07465692890400533,-0.02223522235362907,0.06770476547012023,0.28353196260286495,6.0,(in-sample конфигурация) 2026-01..06: +23.1%,2026-07..09: -7.3%,"library {""n"": 5, ""vn"": 20}"
386,LIB_109,P_XS_MOM,FUT,0.25,-0.08091292530298233,-0.02915155600385333,0.06585617418931931,0.2339566973496403,5.0,(in-sample конфигурация) 2026-01..06: +11.2%,2026-07..09: -14.1%,"library {""hold"": 5, ""k"": 1, ""n"": 3}"
387,LIB_227,P_XS_REV,EQ,0.25,-0.0812816249745083,-0.026639063347829506,0.0401719904344685,0.30606321936284075,3.0,(in-sample конфигурация) 2026-01..06: -21.7%,2026-07..09: -0.0%,"library {""hold"": 5, ""k"": 4, ""n"": 20}"
388,LIB_121,P_XS_MOM,FUT,0.25,-0.08821175654884428,-0.027680084453095333,0.03683724738288152,0.39879048423244967,6.0,(in-sample конфигурация) 2026-01..06: -11.4%,2026-07..09: -0.0%,"library {""hold"": 5, ""k"": 1, ""n"": 5}"
389,LIB_224,P_XS_MOM,EQ,0.25,-0.08835006580784466,-0.013278160684421891,0.02853667349763633,0.27087319967404255,6.0,(in-sample конфигурация) 2026-01..06: -10.0%,2026-07..09: -7.0%,"library {""hold"": 1, ""k"": 4, ""n"": 20}"
390,LIB_219,P_XS_REV,EQ,0.25,-0.09207416826393455,-0.023938352737786772,0.0598770678722946,0.2620495360533823,5.0,(in-sample конфигурация) 2026-01..06: -15.2%,2026-07..09: +4.4%,"library {""hold"": 5, ""k"": 2, ""n"": 20}"
391,LIB_184,P_XS_MOM,EQ,0.25,-0.09935069811763242,-0.0150256478736992,0.034964697462755434,0.3674289716018393,8.0,(in-sample конфигурация) 2026-01..06: -23.5%,2026-07..09: +3.6%,"library {""hold"": 1, ""k"": 3, ""n"": 3}"
392,LIB_188,P_XS_MOM,EQ,0.25,-0.10024857098323992,-0.019678505705087446,0.039726081085864215,0.44760690896509914,8.0,(in-sample конфигурация) 2026-01..06: -28.2%,2026-07..09: +3.5%,"library {""hold"": 1, ""k"": 4, ""n"": 3}"
393,LIB_191,P_XS_REV,EQ,0.25,-0.14093602483626455,-0.01583892194321379,0.05708406929726428,0.33773698200639046,7.0,(in-sample конфигурация) 2026-01..06: -23.9%,2026-07..09: +8.1%,"library {""hold"": 5, ""k"": 4, ""n"": 3}"
394,LIB_185,P_XS_MOM,EQ,0.25,-0.14738022279925644,-0.029785583101329394,0.05684952711212262,0.3141954369348241,5.0,(in-sample конфигурация) 2026-01..06: -2.2%,2026-07..09: -19.5%,"library {""hold"": 5, ""k"": 3, ""n"": 3}"
395,LIB_179,P_XS_REV,EQ,0.25,-0.15670284914085642,-0.037831849040230736,0.06275899062605551,0.6286312109114078,7.0,(in-sample конфигурация) 2026-01..06: -53.3%,2026-07..09: +1.4%,"library {""hold"": 5, ""k"": 4, ""n"": 1}"
396,LIB_118,P_XS_REV,FUT,0.25,-0.18543254214455374,-0.03145075935753994,0.058030727679166144,0.5214447797188768,5.0,(in-sample конфигурация) 2026-01..06: -33.4%,2026-07..09: -4.6%,"library {""hold"": 1, ""k"": 3, ""n"": 3}"
397,LIB_361,P_BRK_L,EQ,0.2,-0.0684149840453756,-0.007100993301719427,0.03125264415735025,0.22903391395811923,7.0,(in-sample конфигурация) 2026-01..06: -11.9%,2026-07..09: +0.4%,"library {""n"": 55, ""vn"": 60}"
398,LIB_239,P_XS_REV,EQ,0.2,-0.075023098870588,-0.04879217738925945,0.03898447918910807,0.3264916175558028,3.0,(in-sample конфигурация) 2026-01..06: -25.8%,2026-07..09: -5.3%,"library {""hold"": 5, ""k"": 4, ""n"": 60}"
399,LIB_331,P_BRK_L,EQ,0.2,-0.07673600479029119,-0.0188275869586505,0.03711128564534613,0.2673653964593541,7.0,(in-sample конфигурация) 2026-01..06: -14.6%,2026-07..09: +0.8%,"library {""n"": 55, ""vn"": 20}"
400,LIB_236,P_XS_MOM,EQ,0.2,-0.07799266879737843,-0.014297307687229477,0.03780363461098898,0.24032029211593908,8.0,(in-sample конфигурация) 2026-01..06: -12.5%,2026-07..09: +2.9%,"library {""hold"": 1, ""k"": 4, ""n"": 60}"
401,LIB_231,P_XS_REV,EQ,0.2,-0.09086018602101831,-0.03852283088781405,0.033102592352231716,0.36302376150160853,3.0,(in-sample конфигурация) 2026-01..06: -23.3%,2026-07..09: -10.8%,"library {""hold"": 5, ""k"": 2, ""n"": 60}"
402,LIB_200,P_XS_MOM,EQ,0.16666666666666666,-0.05801863022497855,-0.03313635534777859,0.05023334259155665,0.3045185699575086,6.0,(in-sample конфигурация) 2026-01..06: -2.0%,2026-07..09: -3.1%,"library {""hold"": 1, ""k"": 4, ""n"": 5}"
403,LIB_197,P_XS_MOM,EQ,0.16666666666666666,-0.061878210166469216,-0.024725991057493957,0.05527507505811067,0.237751117138032,5.0,(in-sample конфигурация) 2026-01..06: -1.9%,2026-07..09: -7.0%,"library {""hold"": 5, ""k"": 3, ""n"": 5}"
404,LIB_201,P_XS_MOM,EQ,0.16666666666666666,-0.08175400283653289,-0.021255582105368376,0.048694376406163795,0.24422397783200722,6.0,(in-sample конфигурация) 2026-01..06: -7.3%,2026-07..09: -1.4%,"library {""hold"": 5, ""k"": 4, ""n"": 5}"
405,LIB_222,P_XS_REV,EQ,0.16666666666666666,-0.08870745141757652,-0.035248536136350594,0.03333454561138569,0.4343464440535172,7.0,(in-sample конфигурация) 2026-01..06: -33.3%,2026-07..09: -4.1%,"library {""hold"": 1, ""k"": 3, ""n"": 20}"
406,LIB_181,P_XS_MOM,EQ,0.16666666666666666,-0.08877026321715675,-0.023043558539939113,0.03274422723769805,0.29207040068104106,5.0,(in-sample конфигурация) 2026-01..06: -10.8%,2026-07..09: -11.7%,"library {""hold"": 5, ""k"": 2, ""n"": 3}"
407,LIB_041,P_EMA,EQ,0.16666666666666666,-0.12177571927531972,-0.015180441812844947,0.06461124669749188,0.48030583667059545,8.0,(in-sample конфигурация) 2026-01..06: -5.4%,2026-07..09: -3.2%,"library {""f"": 20, ""s"": 100, ""vn"": 20}"
408,LIB_203,P_XS_REV,EQ,0.16666666666666666,-0.198247705004178,-0.02364978009063634,0.05352818593377118,0.4836283674449078,6.0,(in-sample конфигурация) 2026-01..06: -34.2%,2026-07..09: -6.8%,"library {""hold"": 5, ""k"": 4, ""n"": 5}"
409,LIB_194,P_XS_REV,EQ,0.16666666666666666,-0.20385175554838497,-0.03812858785386197,0.05962061577834787,0.5586873512020247,8.0,(in-sample конфигурация) 2026-01..06: -43.4%,2026-07..09: -8.3%,"library {""hold"": 1, ""k"": 2, ""n"": 5}"
410,LIB_235,P_XS_REV,EQ,0.1,-0.0719473637336705,-0.0338753965406795,0.035411299419815384,0.26458266645295225,7.0,(in-sample конфигурация) 2026-01..06: -20.2%,2026-07..09: -4.3%,"library {""hold"": 5, ""k"": 3, ""n"": 60}"
411,LIB_234,P_XS_REV,EQ,0.1,-0.07814124107244425,-0.03792389205773361,0.025980795420147074,0.3791573134767532,7.0,(in-sample конфигурация) 2026-01..06: -26.4%,2026-07..09: -10.0%,"library {""hold"": 1, ""k"": 3, ""n"": 60}"
412,LIB_238,P_XS_REV,EQ,0.1,-0.08021627020298183,-0.048731291681178845,0.03634171901418067,0.3853761939853939,7.0,(in-sample конфигурация) 2026-01..06: -27.4%,2026-07..09: -9.8%,"library {""hold"": 1, ""k"": 4, ""n"": 60}"
413,LIB_230,P_XS_REV,EQ,0.1,-0.0865777488797903,-0.029300993549441046,0.029268260303487885,0.37396495571192645,7.0,(in-sample конфигурация) 2026-01..06: -26.5%,2026-07..09: -9.0%,"library {""hold"": 1, ""k"": 2, ""n"": 60}"
414,LIB_226,P_XS_REV,EQ,0.08333333333333333,-0.07716323400381953,-0.03290413611102849,0.03418574284412824,0.4090219033823814,9.0,(in-sample конфигурация) 2026-01..06: -31.6%,2026-07..09: -1.7%,"library {""hold"": 1, ""k"": 4, ""n"": 20}"
415,LIB_182,P_XS_REV,EQ,0.08333333333333333,-0.07878065964905545,-0.0465010116022313,0.024741655350795918,0.5500500997350173,8.0,(in-sample конфигурация) 2026-01..06: -23.2%,2026-07..09: -20.8%,"library {""hold"": 1, ""k"": 2, ""n"": 3}"
416,LIB_193,P_XS_MOM,EQ,0.08333333333333333,-0.07943859587976476,-0.032186687691137195,0.05158750580885068,0.2808286746585509,6.0,(in-sample конфигурация) 2026-01..06: -8.8%,2026-07..09: -8.0%,"library {""hold"": 5, ""k"": 2, ""n"": 5}"
417,LIB_171,P_XS_REV,EQ,0.08333333333333333,-0.09648276236839592,-0.03042271545928088,0.03376767272594564,0.3717051112180343,9.0,(in-sample конфигурация) 2026-01..06: -26.7%,2026-07..09: +1.7%,"library {""hold"": 5, ""k"": 2, ""n"": 1}"
418,LIB_190,P_XS_REV,EQ,0.08333333333333333,-0.09877428779873298,-0.0481054558786127,0.030697576139759444,0.5934737720763223,11.0,(in-sample конфигурация) 2026-01..06: -31.5%,2026-07..09: -16.4%,"library {""hold"": 1, ""k"": 4, ""n"": 3}"
419,LIB_170,P_XS_REV,EQ,0.08333333333333333,-0.13162346533499658,-0.06372204999206588,0.03774808447230816,0.780890761383489,11.0,(in-sample конфигурация) 2026-01..06: -46.4%,2026-07..09: -21.0%,"library {""hold"": 1, ""k"": 2, ""n"": 1}"
420,LIB_175,P_XS_REV,EQ,0.08333333333333333,-0.1317385691218078,-0.03242279372352641,0.05424306502402711,0.5450361919538409,9.0,(in-sample конфигурация) 2026-01..06: -47.3%,2026-07..09: +1.4%,"library {""hold"": 5, ""k"": 3, ""n"": 1}"
421,LIB_211,P_XS_REV,EQ,0.08333333333333333,-0.145788096007891,-0.03901166938885581,0.04781904841616612,0.5697368325127172,9.0,(in-sample конфигурация) 2026-01..06: -44.3%,2026-07..09: -0.3%,"library {""hold"": 5, ""k"": 3, ""n"": 10}"
422,LIB_189,P_XS_MOM,EQ,0.08333333333333333,-0.14751362788956612,-0.036141477612545714,0.050771529244768306,0.4526106004996109,6.0,(in-sample конфигурация) 2026-01..06: -17.4%,2026-07..09: -16.8%,"library {""hold"": 5, ""k"": 4, ""n"": 3}"
423,LIB_210,P_XS_REV,EQ,0.08333333333333333,-0.14906994759803638,-0.04244150187878404,0.04649206432183507,0.6192008388534305,9.0,(in-sample конфигурация) 2026-01..06: -47.5%,2026-07..09: -5.8%,"library {""hold"": 1, ""k"": 3, ""n"": 10}"
424,LIB_215,P_XS_REV,EQ,0.08333333333333333,-0.1567037187924143,-0.044605512488487875,0.057131962204961244,0.6295822663802255,9.0,(in-sample конфигурация) 2026-01..06: -49.0%,2026-07..09: -1.5%,"library {""hold"": 5, ""k"": 4, ""n"": 10}"
425,LIB_178,P_XS_REV,EQ,0.08333333333333333,-0.19893169865645177,-0.07260893050261075,0.06028590318437865,1.0529698295049457,11.0,(in-sample конфигурация) 2026-01..06: -73.6%,2026-07..09: -20.5%,"library {""hold"": 1, ""k"": 4, ""n"": 1}"
426,LIB_198,P_XS_REV,EQ,0.08333333333333333,-0.21632042596684187,-0.04283628113626037,0.05538094810832784,0.6431512587914767,11.0,(in-sample конфигурация) 2026-01..06: -47.2%,2026-07..09: -11.1%,"library {""hold"": 1, ""k"": 3, ""n"": 5}"
427,LIB_174,P_XS_REV,EQ,0.08333333333333333,-0.22899531217990443,-0.0763904586492572,0.05975908877572259,1.0387605609557795,11.0,(in-sample конфигурация) 2026-01..06: -70.8%,2026-07..09: -23.4%,"library {""hold"": 1, ""k"": 3, ""n"": 1}"
428,LIB_186,P_XS_REV,EQ,0.0,-0.0899868061781035,-0.04602569442795357,0.02756381032515397,0.5676816562929616,12.0,(in-sample конфигурация) 2026-01..06: -29.8%,2026-07..09: -15.6%,"library {""hold"": 1, ""k"": 3, ""n"": 3}"
429,LIB_343,P_TSMOM_L,EQ,0.0,-0.1069491652015131,-0.0500389676890336,0.03900805829635446,0.3428958251934091,7.0,(in-sample конфигурация) 2026-01..06: -31.9%,2026-07..09: -2.2%,"library {""n"": 120, ""vn"": 60}"
430,LIB_207,P_XS_REV,EQ,0.0,-0.1148000672692433,-0.021903377579292282,0.03412887967020917,0.4537160874906476,12.0,(in-sample конфигурация) 2026-01..06: -30.8%,2026-07..09: -7.8%,"library {""hold"": 5, ""k"": 2, ""n"": 10}"
431,LIB_313,P_TSMOM_L,EQ,0.0,-0.12331607821397483,-0.04253894096473232,0.04566792244188993,0.38304663883536705,7.0,(in-sample конфигурация) 2026-01..06: -35.6%,2026-07..09: -2.5%,"library {""n"": 120, ""vn"": 20}"
432,LIB_214,P_XS_REV,EQ,0.0,-0.200641960487701,-0.05097352793018217,0.04935359306823201,0.815604009287199,12.0,(in-sample конфигурация) 2026-01..06: -55.1%,2026-07..09: -12.2%,"library {""hold"": 1, ""k"": 4, ""n"": 10}"
433,LIB_202,P_XS_REV,EQ,0.0,-0.22632922339835204,-0.04369759192195488,0.05727466411001134,0.6691171481215861,12.0,(in-sample конфигурация) 2026-01..06: -51.6%,2026-07..09: -8.3%,"library {""hold"": 1, ""k"": 4, ""n"": 5}"
