construction,haircut,scale,risk_per_trade,growth_12m_p50,growth_12m_p05,growth_12m_p95,monthly_p50,p_dd_gt_25,p_halt_30,maxdd_p50,maxdd_p95,p_loss_12m,worst_month_p50,half_kelly
A_ema_only,0.5,0.5,0.0025,0.021699094617964265,-0.022327828409849815,0.068605390497809,0.0017905194409157943,0.0,0.0,-0.023947519129055128,-0.04409664201962342,0.214,-0.010474665225352675,4.45
A_ema_only,0.5,1.0,0.005,0.04270924287651079,-0.04535103908232718,0.14034031434566607,0.003491277623521638,0.0,0.0,-0.04765339071891467,-0.08685185180144615,0.22075,-0.020954978074225694,4.45
A_ema_only,0.5,1.5,0.0075,0.06265910208513681,-0.06961106567802111,0.21519625002002551,0.005077375886017643,0.0,0.0,-0.07106495805721358,-0.12846716136834868,0.22825,-0.03140730284238974,4.45
A_ema_only,0.5,2.0,0.01,0.08094635688104801,-0.10162292066623257,0.29319877667237715,0.006507491797104636,0.0,0.0,-0.09423205622824832,-0.16716933512098148,0.2435,-0.041802623400249594,4.45
A_ema_only,0.5,2.5,0.0125,0.09695658840789934,-0.13585833918557344,0.3740127506619828,0.007741445189311191,0.00025,0.0,-0.11700851327578349,-0.1909944197414125,0.2645,-0.05220698308368826,4.45
A_ema_only,0.5,3.0,0.015,0.1032976235227594,-0.15221670965199174,0.45687796884410403,0.008225607161208792,0.0045,0.0,-0.1395035710357112,-0.21324352232831797,0.29475,-0.06219869713446102,4.45
A_ema_only,0.5,3.5,0.0175,0.10113629081230568,-0.16792457491666957,0.5381958562650462,0.008060868447121505,0.02175,0.0005,-0.16451680694609266,-0.2348257165173779,0.326,-0.07115496678335415,4.45
A_ema_only,0.5,4.0,0.02,0.09003523732095142,-0.17903011295012083,0.6113169408030559,0.0072100366771348234,0.0625,0.004,-0.18565619875505263,-0.25477138646966974,0.3555,-0.08022763003254568,4.45
A_ema_only,0.5,4.5,0.0225,0.07946606761417829,-0.19639311527636183,0.6852664732439329,0.006392557152874234,0.12125,0.01475,-0.20264208633156855,-0.27335528036388745,0.374,-0.08785055818403209,4.45
A_ema_only,0.5,5.0,0.025,0.07405881442135742,-0.21429812437412077,0.7512561517043392,0.005971488392931379,0.20425,0.038,-0.21661213280092345,-0.2925533945036312,0.38675,-0.09442898160123658,4.45
A_ema_only,0.5,5.5,0.0275,0.04657465148886608,-0.23090967087089453,0.7278310653045397,0.003800754183070687,0.329,0.07675,-0.23206641707390768,-0.30188460777401566,0.43875,-0.10194748220909033,4.45
A_ema_only,0.5,6.0,0.03,0.04031227332046772,-0.2493700433069621,0.7820328941280561,0.0032988401439331128,0.43375,0.12675,-0.24288760250834912,-0.3050522628385494,0.4425,-0.1069119419486872,4.45
A_ema_only,0.5,6.5,0.0325,0.028792905951176007,-0.2672389332870754,0.7800898996805257,0.0023683149559772243,0.5475,0.18675,-0.254460508157839,-0.3089214526224768,0.45675,-0.1121169282456912,4.45
A_ema_only,0.5,7.0,0.035,0.015401498607301889,-0.27788782942892587,0.8000178635586686,0.0012744864191556182,0.65775,0.2625,-0.266837608313992,-0.3113923131769471,0.4815,-0.11837446187738482,4.45
A_ema_only,0.5,7.5,0.0375,0.012485924889627853,-0.2852790434314981,0.8991646826607556,0.0010345863621563645,0.73775,0.3325,-0.27712741160310955,-0.3140745577388193,0.48075,-0.12281311295097275,4.45
A_ema_only,0.5,8.0,0.04,-0.005164659967719087,-0.2927942300309708,0.9253311066480827,-0.0004314104926239626,0.82375,0.42,-0.2892379660386148,-0.3175445635274241,0.50725,-0.12849891958208132,4.45
A_ema_only,0.5,8.5,0.0425,-0.027036757846934267,-0.2982835241384578,0.8982408360510985,-0.002281474751121171,0.88675,0.51675,-0.300232317212103,-0.3218292179602619,0.538,-0.1335650993663236,4.45
A_ema_only,0.5,9.0,0.045,-0.03620647155983492,-0.30121964099213194,0.9190291271407629,-0.003068465060835246,0.9295,0.60275,-0.301423120361045,-0.32618640513278474,0.55125,-0.13725451512342624,4.45
A_ema_only,0.5,9.5,0.0475,-0.04786289185629522,-0.3015640467364844,0.9386505222376604,-0.004078844939463422,0.97075,0.68325,-0.30244456791168267,-0.3286373518560784,0.57175,-0.1419501445878522,4.45
A_ema_only,0.5,10.0,0.05,-0.05442867815436436,-0.3022353217390249,0.996938087658618,-0.004652971297903319,0.97525,0.74575,-0.3030629565562566,-0.3310213939498259,0.571,-0.14482025508763502,4.45
A_ema_only,0.5,10.5,0.0525,-0.05727637004690711,-0.3031642044516787,0.9239061142435354,-0.004903116508406025,0.9815,0.807,-0.3040954593226065,-0.3329886558809135,0.5775,-0.15011770677103176,4.45
A_ema_only,0.5,11.0,0.055,-0.0646697666881405,-0.3047138463419571,0.9385546984515651,-0.005555810858355881,0.98975,0.86475,-0.30577896039634744,-0.3357304238323118,0.589,-0.15315944635500855,4.45
A_ema_only,0.5,11.5,0.0575,-0.07954975574999612,-0.30562251679672636,0.8166669495770797,-0.00688389111339871,0.996,0.925,-0.30348091382225295,-0.33008423804622117,0.613,-0.15572702463196336,4.45
A_ema_only,0.5,12.0,0.06,-0.08386942119204899,-0.30826661140645517,0.8182745161673937,-0.0072731195161239715,0.99675,0.93975,-0.31559225799208723,-0.33343439260108687,0.613,-0.15798817876240678,4.45
A_ema_only,0.5,12.5,0.0625,-0.09069259483995296,-0.3103940182364654,0.8202181401318165,-0.007891370227336103,0.99775,0.9565,-0.3170527784927927,-0.3392317652514873,0.6265,-0.16387763270137679,4.45
A_ema_only,0.5,13.0,0.065,-0.09718924783800964,-0.31397586840783986,0.7852752400008158,-0.008483999708888246,0.99875,0.965,-0.31791408314656655,-0.3459844685259082,0.634,-0.16721814287191905,4.45
A_ema_only,0.5,13.5,0.0675,-0.10524152954219179,-0.3161577402278194,0.780898568999064,-0.009223984181549572,0.9995,0.9745,-0.3176892540685475,-0.35212174345859976,0.647,-0.16894554105738946,4.45
A_ema_only,0.5,14.0,0.07,-0.11543527772127016,-0.3169109261956419,0.6957154198031517,-0.010169569502735065,0.99925,0.988,-0.3119273003135932,-0.3631347361962052,0.654,-0.1696344552834071,4.45
A_ema_only,0.5,14.5,0.0725,-0.12223951129147659,-0.32154474150178913,0.6647785041814891,-0.01080631391540754,0.99925,0.9895,-0.3114059148713946,-0.3747946311284297,0.65625,-0.17424810664000856,4.45
A_ema_only,0.5,15.0,0.075,-0.129391203772818,-0.3224657063762012,0.6613647738208999,-0.011480469503442059,1.0,0.99325,-0.321181037594068,-0.3863642362131323,0.66525,-0.17786415188911314,4.45
A_ema_only,0.5,15.5,0.0775,-0.12788393271706255,-0.3278811281848053,0.688478667273585,-0.011337965210994727,0.99975,0.99575,-0.31153537717149693,-0.397843551450313,0.6605,-0.17923441030192505,4.45
A_ema_only,0.5,16.0,0.08,-0.09872686980645873,-0.31616699738073073,0.8060487764940045,-0.008624834704616946,1.0,0.99075,-0.3144341338194957,-0.36312891452841783,0.61625,-0.17143659051803306,4.45
A_ema_only,0.5,16.5,0.0825,-0.10028436980405897,-0.3216676320265651,0.7856234495458645,-0.008767715101360096,1.0,0.99275,-0.31956786824565625,-0.36776436982852806,0.6185,-0.1722817056199203,4.45
A_ema_only,0.5,17.0,0.085,-0.0992744633590743,-0.3266154065918918,0.7752988405636461,-0.008675043483746703,1.0,0.99425,-0.32127203511418184,-0.37245838047557117,0.6135,-0.17205763038636068,4.45
A_ema_only,0.5,17.5,0.08750000000000001,-0.0997824895351842,-0.3288803127115366,0.7162149772265283,-0.00872164936267894,1.0,0.998,-0.313036407612851,-0.36919495865947505,0.62425,-0.17057503406716512,4.45
A_ema_only,0.5,18.0,0.09,-0.10748396764338253,-0.33188920158446356,0.7251398038839794,-0.00943114530581346,1.0,0.99925,-0.3142820033299855,-0.3730607881946315,0.629,-0.1743026014509949,4.45
A_ema_only,0.5,18.5,0.0925,-0.11957300330529574,-0.3377650551085706,0.7126723844972722,-0.01055624309889791,1.0,0.9995,-0.3206790407889001,-0.3780510740113815,0.639,-0.1782197225279275,4.45
A_ema_only,0.5,19.0,0.095,-0.12481316547491361,-0.34136143298276844,0.7235889029536904,-0.011048338001343527,1.0,0.9995,-0.3284882883398442,-0.3827861343648601,0.6445,-0.18179950249654137,4.45
A_ema_only,0.5,19.5,0.0975,-0.13851709714225335,-0.34933890725149985,0.6871767443155432,-0.012348134071979766,1.0,1.0,-0.3362523909670273,-0.3862339074355219,0.656,-0.18321136301443108,4.45
A_ema_only,0.5,20.0,0.1,-0.14200120614597345,-0.35079926582926624,0.6915087437852074,-0.012681617362808928,1.0,0.99975,-0.3439713486704493,-0.38852530296556254,0.65875,-0.18420888843098665,4.45
A_ema_only,1.0,0.5,0.0025,0.04468634891131229,-0.00032722414463270955,0.09264367878718271,0.0036497019832650857,0.0,0.0,-0.019455498852469777,-0.03370152010003133,0.0505,-0.008637167172140359,8.575000000000001
A_ema_only,1.0,1.0,0.005,0.09015127622194585,-0.0019000896955483348,0.19220570915676616,0.0072189713916266385,0.0,0.0,-0.03873790852865905,-0.06666109519128664,0.0545,-0.017313770849769428,8.575000000000001
A_ema_only,1.0,1.5,0.0075,0.13599430744772656,-0.004567009976223391,0.2990132232921614,0.010682345588132636,0.0,0.0,-0.057873528114467054,-0.09908899038335912,0.05725,-0.025996306453256735,8.575000000000001
A_ema_only,1.0,2.0,0.01,0.1821110975465876,-0.010440942732991676,0.41343970924606843,0.014039465960260067,0.0,0.0,-0.0768571797130071,-0.13076747074878334,0.06075,-0.03472214671547058,8.575000000000001
A_ema_only,1.0,2.5,0.0125,0.22813298772807267,-0.024101377522106726,0.5354745297879864,0.01727205975140711,0.0,0.0,-0.09567564305057397,-0.16399859036881959,0.07075,-0.04348140236100484,8.575000000000001
A_ema_only,1.0,3.0,0.015,0.2726481012089055,-0.048937081710188846,0.6662980020397644,0.020294849904165524,0.00025,0.0,-0.11427408015301194,-0.18852360153457867,0.08575,-0.05234244274462885,8.575000000000001
A_ema_only,1.0,3.5,0.0175,0.30709737174927443,-0.07278111055166181,0.8016888676165725,0.022568307398084686,0.0025,0.0,-0.13260982699447454,-0.20520745416203226,0.10575,-0.061322728823712924,8.575000000000001
A_ema_only,1.0,4.0,0.02,0.33643854707713183,-0.09061348469697739,0.9393969407171996,0.02446175362652747,0.0095,0.0,-0.15096209129270405,-0.22302002289441467,0.1185,-0.07021667743144483,8.575000000000001
A_ema_only,1.0,4.5,0.0225,0.3545626259794261,-0.10143228370373714,1.0781368629330412,0.02561238682367306,0.03,0.001,-0.17147693698781902,-0.24070766622360174,0.1325,-0.07858233567124301,8.575000000000001
A_ema_only,1.0,5.0,0.025,0.3581248250495439,-0.1183741661345249,1.215367840278371,0.02583687744919927,0.0665,0.005,-0.1876498413593492,-0.25618531892882523,0.148,-0.08650019472882031,8.575000000000001
A_ema_only,1.0,5.5,0.0275,0.3690604587865369,-0.13066064475249073,1.35508283201656,0.026522687470030393,0.11875,0.013,-0.2015535690612152,-0.2707346296139994,0.154,-0.09306713529389382,8.575000000000001
A_ema_only,1.0,6.0,0.03,0.31868792749524566,-0.15399138201459595,1.3662319178781166,0.023320880530970367,0.20325,0.03225,-0.2208579389736804,-0.28890960934106535,0.18925,-0.10117301343733215,8.575000000000001
A_ema_only,1.0,6.5,0.0325,0.3001883910097023,-0.1646014224943836,1.4061520264729,0.022116793061638162,0.296,0.058,-0.2323849447301083,-0.30056213773591717,0.2015,-0.10667938932046389,8.575000000000001
A_ema_only,1.0,7.0,0.035,0.32225759717065694,-0.18115932333842333,1.5600287944248739,0.023551437554137244,0.39375,0.08925,-0.2407312215961332,-0.30376131292844727,0.2055,-0.11185321684975164,8.575000000000001
A_ema_only,1.0,7.5,0.0375,0.3441693319603538,-0.20002647495445847,1.7304881150054627,0.02495429235042046,0.49925,0.13275,-0.24991618917410263,-0.30674070802705533,0.20925,-0.11685523266591369,8.575000000000001
A_ema_only,1.0,8.0,0.04,0.31862488334015726,-0.2233668681729345,1.7640127719179235,0.023316803510380346,0.607,0.19075,-0.26012670927316134,-0.3103053875122446,0.23825,-0.12320871826236851,8.575000000000001
A_ema_only,1.0,8.5,0.0425,0.3105924208783366,-0.24374148385801953,1.876192166944771,0.022795882509323295,0.71775,0.25575,-0.2704115098826909,-0.3147138680895131,0.255,-0.12681512362156455,8.575000000000001
A_ema_only,1.0,9.0,0.045,0.25888901541177756,-0.2569252072969035,1.8551973753147277,0.019371030008436874,0.80425,0.3485,-0.2822466350760063,-0.31908650249211573,0.2885,-0.1337696620643773,8.575000000000001
A_ema_only,1.0,9.5,0.0475,0.23013544407701692,-0.26876054101512215,1.9359160576124514,0.01741017740657158,0.918,0.433,-0.2924716379767814,-0.32421725395757667,0.30475,-0.13804936611867508,8.575000000000001
A_ema_only,1.0,10.0,0.05,0.20234378558406263,-0.27589734518588505,1.9949805453226452,0.01547457745015235,0.938,0.51575,-0.3002635343110747,-0.32914619785771415,0.3325,-0.1407492834190543,8.575000000000001
A_ema_only,1.0,10.5,0.0525,0.15674173475604292,-0.2808739057044076,1.9364303620471692,0.012207848458510862,0.95525,0.627,-0.3017971761183195,-0.33182143403946207,0.361,-0.1460228997724926,8.575000000000001
A_ema_only,1.0,11.0,0.055,0.1323123426946966,-0.2864029887898014,2.106566515790779,0.010408955398478081,0.9555,0.69575,-0.3032519710164434,-0.33320373157147426,0.383,-0.1486849663223485,8.575000000000001
A_ema_only,1.0,11.5,0.0575,0.07282780946861767,-0.293473962355299,1.7866309090834451,0.005875357183166452,0.9705,0.85075,-0.3000796909030393,-0.3274181170198706,0.4345,-0.1506409740615221,8.575000000000001
A_ema_only,1.0,12.0,0.06,0.06779734573210461,-0.300160641173014,1.7602455910189163,0.005481466172993166,0.991,0.876,-0.312073132809662,-0.3302342035866794,0.442,-0.15363129398343472,8.575000000000001
A_ema_only,1.0,12.5,0.0625,0.051505894769599436,-0.3026426322362247,1.8640361476235228,0.004194047352759522,0.99125,0.9,-0.3239787829516081,-0.3346510860352532,0.45425,-0.15773347916388636,8.575000000000001
A_ema_only,1.0,13.0,0.065,0.027840729265204534,-0.30364172622409635,1.7931579534146453,0.0022909721428139296,0.99325,0.9205,-0.32764679028854404,-0.34092515811426505,0.47325,-0.16169990228145825,8.575000000000001
A_ema_only,1.0,13.5,0.0675,0.01611535317664714,-0.3072044385767615,1.7713283195092808,0.001333127767743969,0.99525,0.93275,-0.3262371788239614,-0.3478096565731341,0.4845,-0.1678117289181919,8.575000000000001
A_ema_only,1.0,14.0,0.07,0.01520634354347461,-0.3089360864510007,1.7247238118969448,0.0012584483460647,0.996,0.94925,-0.3258796933672421,-0.3591689827893878,0.48575,-0.16947263591356637,8.575000000000001
A_ema_only,1.0,14.5,0.0725,-0.013652779110958524,-0.3092812650797234,1.3346113625740332,-0.0011449136995379527,0.99725,0.9795,-0.3138645213373509,-0.37072346587262817,0.51425,-0.16544529366133154,8.575000000000001
A_ema_only,1.0,15.0,0.075,-0.025450845268083166,-0.31593160853094304,1.277521327309882,-0.0021460539538005197,0.9985,0.98175,-0.31593160853094315,-0.38219015719119176,0.52475,-0.1694443459136844,8.575000000000001
A_ema_only,1.0,15.5,0.0775,-0.023568806736137815,-0.31769412207631587,1.3078347037165203,-0.001985608878235401,0.999,0.986,-0.3131028571430195,-0.3935690567450789,0.52175,-0.17051037980562467,8.575000000000001
A_ema_only,1.0,16.0,0.08,-0.029620028726050185,-0.3209497812729223,1.302826945588122,-0.0025024936311615065,0.99925,0.989,-0.31297407052221915,-0.4048601645342895,0.52575,-0.17288588876409094,8.575000000000001
A_ema_only,1.0,16.5,0.0825,0.03232663015756354,-0.3156894561980955,1.7359574991240247,0.0026547776204968176,0.9995,0.97475,-0.31873769324421886,-0.36831294648543045,0.46525,-0.1640423426939469,8.575000000000001
A_ema_only,1.0,17.0,0.085,0.02506677421031811,-0.31870386826277985,1.7653398765112187,0.0020652760874415588,0.9995,0.97875,-0.3254166770234307,-0.37111667586462493,0.4725,-0.164317228764639,8.575000000000001
A_ema_only,1.0,17.5,0.08750000000000001,0.007723054641621152,-0.3205287687273223,1.3585739662539114,0.0006413209350444316,0.99975,0.9945,-0.3137555539488448,-0.3704099569344627,0.48825,-0.15996011373997887,8.575000000000001
A_ema_only,1.0,18.0,0.09,0.005449013618130216,-0.3216784336300834,1.3496845947657246,0.0004529543407032488,0.99975,0.9945,-0.31384044368497593,-0.3747379000960417,0.4905,-0.162857184128118,8.575000000000001
A_ema_only,1.0,18.5,0.0925,0.003352396948681502,-0.32993828757765165,1.3369735112996515,0.00027893807876377963,1.0,0.9955,-0.3166331595630414,-0.3785778062002204,0.4965,-0.16608145019929127,8.575000000000001
A_ema_only,1.0,19.0,0.095,-0.0011823682008127445,-0.33010166057389745,1.378104963593711,-9.858411939667189e-05,1.0,0.996,-0.32435679075977775,-0.38291365933587274,0.5015,-0.1675726578629761,8.575000000000001
A_ema_only,1.0,19.5,0.0975,-0.012575997216798807,-0.33319176481851176,1.3985579281775413,-0.001054089421640203,1.0,0.99575,-0.332036526074176,-0.38864015535169866,0.51225,-0.17138642881107996,8.575000000000001
A_ema_only,1.0,20.0,0.1,-0.022782041401033126,-0.3396723655062359,1.3648248655485165,-0.0019186206031313047,1.0,0.997,-0.3396723655062359,-0.39087028805889434,0.523,-0.17497865523299516,8.575000000000001
B_equal_risk,0.5,0.5,0.0025,0.013590437861045856,-0.023968873812019953,0.05264853879515563,0.0011255426266687518,0.0,0.0,-0.02212252833669165,-0.040888931057203745,0.285,-0.009849395562839258,3.875
B_equal_risk,0.5,1.0,0.005,0.02647559098019414,-0.04831267369144432,0.10698449825763734,0.002179970881772464,0.0,0.0,-0.04396484683101487,-0.08061504131579253,0.2915,-0.019675009904159935,3.875
B_equal_risk,0.5,1.5,0.0075,0.03861467853403022,-0.07318191716154854,0.16291038101358524,0.0031623050142763898,0.0,0.0,-0.06562677138438916,-0.11919066245590705,0.2975,-0.029507876431941416,3.875
B_equal_risk,0.5,2.0,0.01,0.05005177475286704,-0.10254603714534316,0.2204156461597151,0.004078249538789214,0.0,0.0,-0.08690921049772776,-0.15623165285430665,0.3055,-0.03935241181813637,3.875
B_equal_risk,0.5,2.5,0.0125,0.06023517447025206,-0.13434141712671843,0.27951624089872174,0.004886127229389858,0.0,0.0,-0.1079661294142526,-0.1829692193193344,0.3205,-0.048940563922438396,3.875
B_equal_risk,0.5,3.0,0.015,0.06394259277644343,-0.15279889678886527,0.33935416596686574,0.00517848183507974,0.00125,0.0,-0.12894881644955214,-0.20374947849448785,0.3465,-0.05834456747101552,3.875
B_equal_risk,0.5,3.5,0.0175,0.061262204439603174,-0.16549824948351965,0.4012816995704611,0.004967209102310743,0.01075,0.0,-0.14952680578485283,-0.22269983685919245,0.374,-0.06711533928762736,3.875
B_equal_risk,0.5,4.0,0.02,0.05450792439954588,-0.17943454347136523,0.4584068407276076,0.00443264822899514,0.036,0.00075,-0.16954787558319223,-0.24252561962140395,0.4025,-0.07552534085780183,3.875
B_equal_risk,0.5,4.5,0.0225,0.04413945947017428,-0.19308825076740066,0.5122072521745549,0.003605907565406463,0.07625,0.00725,-0.18876245027609845,-0.2615691885722721,0.42375,-0.08300888785560284,3.875
B_equal_risk,0.5,5.0,0.025,0.03584031537100296,-0.20875431746445983,0.5659525259163081,0.002938725965270894,0.14375,0.02225,-0.20301215131107914,-0.27844072218980115,0.4425,-0.08962241569868695,3.875
B_equal_risk,0.5,5.5,0.0275,0.028273035564915894,-0.22620790641062982,0.6069004275811036,0.002326095385761562,0.22425,0.0435,-0.21589128946663855,-0.2963785522174387,0.456,-0.09550268818192026,3.875
B_equal_risk,0.5,6.0,0.03,0.019065148998221648,-0.23943911054217193,0.653764444134558,0.0015750462881987115,0.31175,0.0775,-0.22876454201268132,-0.3019457405148116,0.471,-0.10242257826516599,3.875
B_equal_risk,0.5,6.5,0.0325,0.005240748852645805,-0.2568479828076432,0.6844714071629128,0.0004356835425511907,0.41475,0.1245,-0.24124719000369343,-0.30498583568343146,0.4935,-0.10777798392265081,3.875
B_equal_risk,0.5,7.0,0.035,-0.009135975314313649,-0.2676328508144893,0.6960385596442153,-0.0007645379478571357,0.53425,0.18425,-0.25351586622558825,-0.30812989007086117,0.5165,-0.11325349875008872,3.875
B_equal_risk,0.5,7.5,0.0375,-0.010057246090123484,-0.2806080664912812,0.7014984815463001,-0.0008419921470802505,0.61275,0.23425,-0.2619673043033194,-0.3104319617674526,0.51575,-0.11639199077000706,3.875
B_equal_risk,0.5,8.0,0.04,-0.026812267052861438,-0.29067117806464016,0.7113573752220308,-0.0022622932332700962,0.69825,0.317,-0.27379699204849883,-0.31274471680212346,0.53975,-0.12110561565697148,3.875
B_equal_risk,0.5,8.5,0.0425,-0.03810945579614211,-0.29672859845585187,0.7395508565272904,-0.0032326482219304786,0.7615,0.3865,-0.2841371704921475,-0.3163247738257042,0.551,-0.12655458502600747,3.875
B_equal_risk,0.5,9.0,0.045,-0.044568870506956015,-0.3000741389526751,0.7833198938868704,-0.003792174466358933,0.81425,0.458,-0.29372823170542706,-0.32018324775589674,0.5535,-0.1298130614511535,3.875
B_equal_risk,0.5,9.5,0.0475,-0.0563607580543658,-0.3003240901411456,0.815568876780046,-0.0048226124176896645,0.8625,0.5315,-0.3003808695199082,-0.32305703131718555,0.5745,-0.13442742482464137,3.875
B_equal_risk,0.5,10.0,0.05,-0.06586822053659946,-0.30062545763891146,0.8165759967412172,-0.005662056394446391,0.89425,0.60225,-0.3014957000668013,-0.32640510785333915,0.58675,-0.13882719366111101,3.875
B_equal_risk,0.5,10.5,0.0525,-0.07188539147947648,-0.3020462979939703,0.8207698520965321,-0.006197387585693992,0.93275,0.67275,-0.30233720947252307,-0.3304203400303367,0.60325,-0.14180231960237671,3.875
B_equal_risk,0.5,11.0,0.055,-0.07205670492673977,-0.30319113943217035,0.8300774110923375,-0.006212675402781809,0.95325,0.726,-0.3036129362346438,-0.33165171195754406,0.60675,-0.14473819579410058,3.875
B_equal_risk,0.5,11.5,0.0575,-0.07847680404389179,-0.3038210490705475,0.8090133554473615,-0.006787471204297457,0.973,0.78475,-0.30438857251379026,-0.3353416351106791,0.62575,-0.14712599590200598,3.875
B_equal_risk,0.5,12.0,0.06,-0.08909437522504249,-0.30581291094454977,0.7215117830009741,-0.0077461744106721575,0.9805,0.85275,-0.30603154873319854,-0.3377015948193694,0.65525,-0.1493110013801432,3.875
B_equal_risk,0.5,12.5,0.0625,-0.08802953936781077,-0.3065939348617177,0.6929117398538305,-0.007649565264900127,0.9835,0.89775,-0.3043239664128358,-0.337493506682204,0.65275,-0.15369601325489335,3.875
B_equal_risk,0.5,13.0,0.065,-0.1003299943353102,-0.30734942307145763,0.676252756646073,-0.008771903976710127,0.99125,0.91975,-0.30981869513827726,-0.3390975043161132,0.66275,-0.15634547017617445,3.875
B_equal_risk,0.5,13.5,0.0675,-0.10281399352028475,-0.307485248924681,0.6856148025146536,-0.009000259106117903,0.99275,0.93875,-0.309527617895893,-0.33755397711191754,0.667,-0.159248349986632,3.875
B_equal_risk,0.5,14.0,0.07,-0.10615708169785143,-0.30755526335811323,0.6761298327813972,-0.009308507253486531,0.99475,0.95425,-0.3088594915674517,-0.3373485970969033,0.661,-0.1644538162151709,3.875
B_equal_risk,0.5,14.5,0.0725,-0.10917734699399706,-0.310646423900931,0.7071993497479274,-0.009587899659878163,0.99475,0.96225,-0.31299143709001315,-0.3436577185735916,0.6575,-0.16491386080331016,3.875
B_equal_risk,0.5,15.0,0.075,-0.10111751580161243,-0.31041742092854463,0.712001964279467,-0.00884423853232752,0.99625,0.96525,-0.3072826770478171,-0.34530487624865946,0.626,-0.16148563308208952,3.875
B_equal_risk,0.5,15.5,0.0775,-0.10373597394387324,-0.31024128559765596,0.6557415433221516,-0.009085164668358736,0.997,0.98225,-0.3082776755746746,-0.3425079225273562,0.62575,-0.1626548421840126,3.875
B_equal_risk,0.5,16.0,0.08,-0.10338417616460571,-0.3157406717000636,0.6725368502644999,-0.009052758021656615,0.9975,0.985,-0.3115388990379896,-0.3448226282171524,0.62425,-0.16667801753054579,3.875
B_equal_risk,0.5,16.5,0.0825,-0.10780838699647255,-0.32008094836838585,0.6538444841082136,-0.009461155341674021,0.99725,0.989,-0.32042009023371365,-0.34459858591649156,0.623,-0.16660638006357698,3.875
B_equal_risk,0.5,17.0,0.085,-0.11114238953043643,-0.3228107539521252,0.6887879941325876,-0.009770144346538556,0.99825,0.98925,-0.32500081027478767,-0.3472585736037102,0.626,-0.1684945321063525,3.875
B_equal_risk,0.5,17.5,0.08750000000000001,-0.11267891387079088,-0.325736664295316,0.6675902870430557,-0.009912904285660384,0.9985,0.991,-0.3234639372484944,-0.35062617074808344,0.6265,-0.1721159670477418,3.875
B_equal_risk,0.5,18.0,0.09,-0.11734006235565297,-0.3289524252644569,0.6945178532822265,-0.010347366665874658,0.99925,0.9935,-0.32415565426729837,-0.3554954890547226,0.63075,-0.17459620821762073,3.875
B_equal_risk,0.5,18.5,0.0925,-0.11977178057576832,-0.3333867364297757,0.6795713638489733,-0.010574860891289006,0.99925,0.99475,-0.3286058427010605,-0.3645548878476047,0.633,-0.17511639982477584,3.875
B_equal_risk,0.5,19.0,0.095,-0.12842847398477986,-0.33799516149825104,0.6654047228031672,-0.011389422563685137,1.0,0.996,-0.3370422546900128,-0.37357020686194187,0.64575,-0.17905352343960468,3.875
B_equal_risk,0.5,19.5,0.0975,-0.09501689578773176,-0.33595374288790125,0.839258465285845,-0.008285402345785342,1.0,0.99125,-0.32261629241530826,-0.3825414460977338,0.604,-0.17503954394293525,3.875
B_equal_risk,0.5,20.0,0.1,-0.09706627592992179,-0.3436577683116395,0.8224790877170072,-0.008472745873494225,1.0,0.99325,-0.3227566949935984,-0.39146860555498086,0.60825,-0.17672552071208658,3.875
B_equal_risk,1.0,0.5,0.0025,0.027902988871298717,-0.010184594421433935,0.06751038124252884,0.002296031333645532,0.0,0.0,-0.018625348772394135,-0.03382235578858849,0.1175,-0.008691129904021155,7.575000000000001
B_equal_risk,1.0,1.0,0.005,0.05566714761159397,-0.021239728364286115,0.13845600503933153,0.004524616511502044,0.0,0.0,-0.03706119596608526,-0.0669227349044984,0.1215,-0.017379089298974526,7.575000000000001
B_equal_risk,1.0,1.5,0.0075,0.08323023712836353,-0.03325331763098427,0.21284258805590306,0.006684537238502042,0.0,0.0,-0.0553416853044964,-0.09905815870144853,0.12475,-0.026094970091529945,7.575000000000001
B_equal_risk,1.0,2.0,0.01,0.11055430942135835,-0.04663719268146438,0.29076519839373716,0.008776562528542309,0.0,0.0,-0.07346681264514338,-0.13059098237316302,0.129,-0.03484648236714599,7.575000000000001
B_equal_risk,1.0,2.5,0.0125,0.13784256213215418,-0.06546295200952279,0.3723467448459046,0.01081927459368992,0.0,0.0,-0.09147752860731884,-0.1612299962324429,0.139,-0.04361819708950343,7.575000000000001
B_equal_risk,1.0,3.0,0.015,0.16227443699847788,-0.0946015183842619,0.4576135692270207,0.012610416359164489,0.0,0.0,-0.10910016568250036,-0.18455736634100262,0.157,-0.052261526867621366,7.575000000000001
B_equal_risk,1.0,3.5,0.0175,0.1838858086777706,-0.1152953502528532,0.5460207380202364,0.014166244088852809,0.00175,0.0,-0.12684681730292985,-0.20256039458585393,0.17525,-0.06101063365489601,7.575000000000001
B_equal_risk,1.0,4.0,0.02,0.19700524964492816,-0.12894792279622003,0.6354336278941248,0.015098075925073617,0.00925,0.0,-0.1443774978865905,-0.21998473732327228,0.19875,-0.06918790733082308,7.575000000000001
B_equal_risk,1.0,4.5,0.0225,0.20431310847150153,-0.1379247992931314,0.725167083723457,0.015613077607151915,0.0245,0.00075,-0.1626858601836627,-0.2363616314263138,0.2185,-0.0772112250665174,7.575000000000001
B_equal_risk,1.0,5.0,0.025,0.20735507691579969,-0.1492614719530817,0.8177948017654517,0.015826608180187662,0.0535,0.004,-0.17886665186505996,-0.2516132158094536,0.23625,-0.08452539374854762,7.575000000000001
B_equal_risk,1.0,5.5,0.0275,0.2058696522502128,-0.16367110044208777,0.903666291101141,0.015722400680394433,0.09975,0.011,-0.19493172947073917,-0.266722354702009,0.24825,-0.09132649499436568,7.575000000000001
B_equal_risk,1.0,6.0,0.03,0.1996064025793347,-0.17845901561214994,0.9908299241388832,0.015281714716561146,0.164,0.02475,-0.20730550388431002,-0.28122207751876366,0.26125,-0.09738704747005705,7.575000000000001
B_equal_risk,1.0,6.5,0.0325,0.1928747424947752,-0.1919730006518302,1.0455624342468322,0.014805713252976194,0.24025,0.0445,-0.21994753500921566,-0.2961082716244546,0.27625,-0.10373251668022293,7.575000000000001
B_equal_risk,1.0,7.0,0.035,0.1818829340477366,-0.20842179706916042,1.0982337281424113,0.014023154234618529,0.3265,0.0745,-0.2309346325786481,-0.3023106537253902,0.29025,-0.10937634866213364,7.575000000000001
B_equal_risk,1.0,7.5,0.0375,0.159837893697244,-0.22945576304668902,1.108461104126425,0.012433346666034018,0.419,0.11725,-0.24171834867978986,-0.30556871970375765,0.31425,-0.11254904461948606,7.575000000000001
B_equal_risk,1.0,8.0,0.04,0.1490683656713898,-0.23920966080177175,1.1410732466354947,0.011646590941581714,0.523,0.1645,-0.2522486684586319,-0.30874177228521277,0.33525,-0.11880644692374681,7.575000000000001
B_equal_risk,1.0,8.5,0.0425,0.15499991774362476,-0.24677968168766085,1.2257927994851294,0.012080745841227092,0.58725,0.21275,-0.26023157823184523,-0.3104488185217558,0.3435,-0.12293868199121238,7.575000000000001
B_equal_risk,1.0,9.0,0.045,0.15226887938241607,-0.25845154960242256,1.2970917204405277,0.011881104313228308,0.66975,0.2675,-0.26898127410482014,-0.31348327509436685,0.352,-0.12749051155076185,7.575000000000001
B_equal_risk,1.0,9.5,0.0475,0.1477821120453795,-0.2721534757462677,1.3686010051802953,0.011552173715232872,0.735,0.3255,-0.27736067046067325,-0.31677760249692133,0.36875,-0.13023189522115286,7.575000000000001
B_equal_risk,1.0,10.0,0.05,0.13161132875406567,-0.27982285824831277,1.4057184186153373,0.010356811965799073,0.79125,0.40375,-0.28736144084593335,-0.32100075667907485,0.38875,-0.13482209022486896,7.575000000000001
B_equal_risk,1.0,10.5,0.0525,0.10172700597882223,-0.28338620312541285,1.4313616503999396,0.008105922700368584,0.84,0.48175,-0.2978112964561042,-0.3243245964890418,0.41075,-0.1398845047352379,7.575000000000001
B_equal_risk,1.0,11.0,0.055,0.07544223021178187,-0.29012018165488473,1.4784395439937423,0.00607940116336847,0.8975,0.5525,-0.3011538325426278,-0.32969532338068425,0.428,-0.14475927171046482,7.575000000000001
B_equal_risk,1.0,11.5,0.0575,0.051522011912345844,-0.2937465834668882,1.4892166256846902,0.00419533000725103,0.9495,0.62625,-0.30219712762406575,-0.3314591327670886,0.44875,-0.1482136935152829,7.575000000000001
B_equal_risk,1.0,12.0,0.06,0.01804596722003593,-0.30052014934578575,1.352766031363755,0.001491533860890959,0.958,0.70075,-0.30383081675835844,-0.3358738271146835,0.47875,-0.14765570905384356,7.575000000000001
B_equal_risk,1.0,12.5,0.0625,0.008614536137385276,-0.30037753063686523,1.382296863082387,0.0007150590953783897,0.9655,0.768,-0.30522876679455835,-0.336779308029598,0.48875,-0.15019359337197435,7.575000000000001
B_equal_risk,1.0,13.0,0.065,-0.0017212105735402439,-0.3016889550700209,1.3142820159193493,-0.000143547492605145,0.986,0.8445,-0.3033766366661881,-0.3362626041823282,0.50075,-0.15802226321071733,7.575000000000001
B_equal_risk,1.0,13.5,0.0675,-0.014764436908754064,-0.3033175992742273,1.2363480036355035,-0.0012387750885152204,0.989,0.88125,-0.3104096320729597,-0.3389960323777999,0.5225,-0.16154153428427226,7.575000000000001
B_equal_risk,1.0,14.0,0.07,-0.02685575680577812,-0.30304967430557295,1.2462096486359395,-0.0022660088794261846,0.98725,0.91125,-0.3089157496411306,-0.3362833917237146,0.53975,-0.16399935313220348,7.575000000000001
B_equal_risk,1.0,14.5,0.0725,-0.02740439090129687,-0.30680665958484943,1.2715320536748789,-0.0023128957604993117,0.99,0.926,-0.31070675795764724,-0.3400855123058947,0.53725,-0.16566548249925994,7.575000000000001
B_equal_risk,1.0,15.0,0.075,-0.02935266104553169,-0.30627994461940666,1.3058419508194743,-0.002479593244316347,0.99175,0.939,-0.3158503139232751,-0.34596752758320704,0.53925,-0.1672588159470147,7.575000000000001
B_equal_risk,1.0,15.5,0.0775,-0.010621064778745803,-0.3066547252242412,1.3680002179129782,-0.0008894267980238402,0.992,0.933,-0.3077173440171114,-0.3490648565009398,0.51075,-0.16090768648535037,7.575000000000001
B_equal_risk,1.0,16.0,0.08,-0.018781888809847436,-0.30857629934617936,1.2270389479466557,-0.0015787947705300232,0.993,0.96625,-0.30857629934617936,-0.3460075713781304,0.5165,-0.16084130919127537,7.575000000000001
B_equal_risk,1.0,16.5,0.0825,-0.021652344573006133,-0.3131045708561696,1.225459311438791,-0.001822520207500955,0.9945,0.972,-0.31738420644242216,-0.34844983314356426,0.518,-0.16528441098028934,7.575000000000001
B_equal_risk,1.0,17.0,0.085,-0.027932674767056187,-0.31623515226263366,1.1484451265277293,-0.0023580664061293444,0.9945,0.9805,-0.3261415012805846,-0.34825834639967335,0.52975,-0.1650530585889527,7.575000000000001
B_equal_risk,1.0,17.5,0.08750000000000001,-0.030727799717020443,-0.32022970888682123,1.156997931846358,-0.002597437314767581,0.9955,0.9835,-0.33484818386066684,-0.35104297807215873,0.53,-0.1685263506290679,7.575000000000001
B_equal_risk,1.0,18.0,0.09,-0.030983733206181974,-0.32191394316584765,1.1565721311022252,-0.0026193867403372373,0.9955,0.987,-0.3339243549368831,-0.35518705334758344,0.53275,-0.1700608473457989,7.575000000000001
B_equal_risk,1.0,18.5,0.0925,-0.034382075348605934,-0.32591911864045264,1.1637966918638822,-0.002911340982150179,0.99625,0.98925,-0.3358003336004849,-0.3612455017857542,0.5325,-0.17210188871557835,7.575000000000001
B_equal_risk,1.0,19.0,0.095,-0.04531470095575052,-0.3292031532701196,1.1670587456077661,-0.0038570028000783907,0.999,0.99,-0.3364612198944189,-0.3701938192473184,0.541,-0.17526629465079496,7.575000000000001
B_equal_risk,1.0,19.5,0.0975,-0.05091265385197197,-0.3354738366838306,1.1613645204541796,-0.004345069784550293,0.99925,0.99175,-0.3354738366838309,-0.37909923805211476,0.544,-0.17553370884958308,7.575000000000001
B_equal_risk,1.0,20.0,0.1,-0.0037460664231399043,-0.33473785225228814,1.5325326104760868,-0.0003127094713819556,0.9995,0.9835,-0.3256569396258687,-0.3879617582001431,0.50375,-0.17240646736475562,7.575000000000001
C_inverse_vol,0.5,0.5,0.0025,0.013440618009346483,-0.024437459968996822,0.05245111527541524,0.0011132103409550176,0.0,0.0,-0.0222274778728761,-0.04128523744252997,0.29025,-0.009903829193138702,3.8000000000000003
C_inverse_vol,0.5,1.0,0.005,0.026236852074368322,-0.049064126118107954,0.10658787614956244,0.002160544794053809,0.0,0.0,-0.04417479745847036,-0.08121113803969764,0.29525,-0.01979320613008173,3.8000000000000003
C_inverse_vol,0.5,1.5,0.0075,0.03817192014272308,-0.07406299063093913,0.16224181934428672,0.0031266609536797496,0.0,0.0,-0.06589974445589175,-0.11986549497849489,0.3005,-0.029681504752787413,3.8000000000000003
C_inverse_vol,0.5,2.0,0.01,0.04908860947132876,-0.10429927146059048,0.21957251307607661,0.00400146760083353,0.0,0.0,-0.08736927803921679,-0.15702685316436776,0.30875,-0.03953769656740386,3.8000000000000003
C_inverse_vol,0.5,2.5,0.0125,0.058764207147730785,-0.13635558677083826,0.27854166978419537,0.004769871934498182,0.0,0.0,-0.10862517666549337,-0.1842121740018814,0.3255,-0.04926338020318721,3.8000000000000003
C_inverse_vol,0.5,3.0,0.015,0.06160842752672946,-0.15368264118374975,0.3381968008029297,0.004994526482243966,0.00125,0.0,-0.12956098766131247,-0.20419735782962734,0.35125,-0.05870372379165595,3.8000000000000003
C_inverse_vol,0.5,3.5,0.0175,0.060040737161630275,-0.16718020025750124,0.398199382677789,0.004870768704556161,0.0115,0.0,-0.1501711347497428,-0.22348875987592906,0.38,-0.06732073066688832,3.8000000000000003
C_inverse_vol,0.5,4.0,0.02,0.051984299435256176,-0.18124341606790428,0.4549583178317753,0.004232112678057343,0.03775,0.00075,-0.16987392058226514,-0.2427243924100419,0.40575,-0.0759524766602957,3.8000000000000003
C_inverse_vol,0.5,4.5,0.0225,0.042029781954787904,-0.19359275328419667,0.5100626056911162,0.0034367692329326793,0.081,0.00875,-0.18969077281012714,-0.2616018110118134,0.42575,-0.08347404068540931,3.8000000000000003
C_inverse_vol,0.5,5.0,0.025,0.03209446206735933,-0.20989949628401072,0.564184525678016,0.002635984437174832,0.146,0.0235,-0.2034097137421313,-0.279379499418085,0.44325,-0.090170721361364,3.8000000000000003
C_inverse_vol,0.5,5.5,0.0275,0.025444687155510515,-0.22551660499240012,0.6024074584576549,0.002096056965562365,0.22825,0.0455,-0.21666626773425218,-0.2967490637787125,0.46175,-0.09614465261799104,3.8000000000000003
C_inverse_vol,0.5,6.0,0.03,0.01718668195620321,-0.24183933019891224,0.6540383676020423,0.0014210638918414897,0.31475,0.081,-0.22864546603800695,-0.3023687884516904,0.4745,-0.10281176251640933,3.8000000000000003
C_inverse_vol,0.5,6.5,0.0325,0.002726542664724274,-0.25570040162965746,0.6762719248824856,0.00022692844352212305,0.41825,0.128,-0.2414395673255404,-0.30525843845009,0.49675,-0.10807830593721252,3.8000000000000003
C_inverse_vol,0.5,7.0,0.035,-0.00995108258113997,-0.26829886325813745,0.7011934423946322,-0.0008330632716259112,0.538,0.18825,-0.2542966555676679,-0.3084308910330182,0.5175,-0.11332416304930398,3.8000000000000003
C_inverse_vol,0.5,7.5,0.0375,-0.0130210616960309,-0.2824022887030637,0.6958344877312641,-0.00109161865712315,0.6195,0.2395,-0.26278913805931325,-0.3106412323856238,0.5225,-0.11686605900128416,3.8000000000000003
C_inverse_vol,0.5,8.0,0.04,-0.030046364867598374,-0.29125282426214005,0.716101289694917,-0.0025390218392330466,0.702,0.31975,-0.27468933460876704,-0.31247961289590237,0.54,-0.12123297728904331,3.8000000000000003
C_inverse_vol,0.5,8.5,0.0425,-0.040268373085636466,-0.29561826332747165,0.7415725154878152,-0.0034192733336585457,0.76275,0.388,-0.2844396621360881,-0.3152704114517361,0.555,-0.12688559306730807,3.8000000000000003
C_inverse_vol,0.5,9.0,0.045,-0.04938033200866365,-0.3001025164357983,0.7869280205654217,-0.004211209960081175,0.81625,0.4625,-0.2944326679196155,-0.32046184889612317,0.5605,-0.13000253966572822,3.8000000000000003
C_inverse_vol,0.5,9.5,0.0475,-0.05964873742781451,-0.30071424863549445,0.7813031599420777,-0.005112037992581198,0.86225,0.537,-0.30052008851003625,-0.3233597724730613,0.578,-0.13487278129941122,3.8000000000000003
C_inverse_vol,0.5,10.0,0.05,-0.06739036807624088,-0.3006987501260402,0.800347179320859,-0.005797178354430499,0.8945,0.607,-0.3015449186846775,-0.32684308072199086,0.58875,-0.13858598393017046,3.8000000000000003
C_inverse_vol,0.5,10.5,0.0525,-0.07217791526509831,-0.3021321667598933,0.8105981472056303,-0.006223493638365496,0.936,0.67475,-0.30252852349270026,-0.33055330737603766,0.6055,-0.14221201320875493,3.8000000000000003
C_inverse_vol,0.5,11.0,0.055,-0.07320939939471272,-0.30359762694448544,0.8368399472185335,-0.006315607866183348,0.95175,0.723,-0.30349306846925195,-0.3323595152054484,0.60725,-0.14394988649787677,3.8000000000000003
C_inverse_vol,0.5,11.5,0.0575,-0.07715536573977544,-0.3035101356525607,0.7922468036876356,-0.006668862572457912,0.9725,0.78575,-0.3043624146315831,-0.3347445437300194,0.6245,-0.1474197126045782,3.8000000000000003
C_inverse_vol,0.5,12.0,0.06,-0.08773904640213503,-0.30557365565354055,0.7362884130124401,-0.0076232277211011334,0.98,0.85175,-0.306063333116,-0.33753012991791653,0.656,-0.14972027571254565,3.8000000000000003
C_inverse_vol,0.5,12.5,0.0625,-0.09199090270809562,-0.30634389260367945,0.6982895800647637,-0.00800949182556876,0.982,0.89675,-0.30436641945042053,-0.33732842248637995,0.653,-0.15331104406045415,3.8000000000000003
C_inverse_vol,0.5,13.0,0.065,-0.10153179778691812,-0.3083036185624656,0.6905103818414788,-0.008882314026807392,0.991,0.9155,-0.30947219759575967,-0.33950749264386465,0.6645,-0.15620577130125235,3.8000000000000003
C_inverse_vol,0.5,13.5,0.0675,-0.10304946733869613,-0.30824351593097565,0.6925668593179726,-0.009021936380678497,0.99175,0.93375,-0.30957480739768783,-0.33913433563443124,0.6615,-0.15936838849827362,3.8000000000000003
C_inverse_vol,0.5,14.0,0.07,-0.09816935302179641,-0.3065263223448461,0.7603848527108479,-0.008573744785779769,0.99425,0.93975,-0.306423947534962,-0.3418337424154691,0.63375,-0.15825536359614384,3.8000000000000003
C_inverse_vol,0.5,14.5,0.0725,-0.09954786209389088,-0.30989240673815255,0.7508302115521239,-0.008700121850214293,0.99375,0.9535,-0.3092753922640857,-0.3425900311874326,0.625,-0.16048102255282348,3.8000000000000003
C_inverse_vol,0.5,15.0,0.075,-0.10271518394970958,-0.309841397276581,0.7118968520635154,-0.008991164437183952,0.99575,0.96375,-0.3081611420903845,-0.34489752569863147,0.626,-0.16003253325625172,3.8000000000000003
C_inverse_vol,0.5,15.5,0.0775,-0.10082131319223286,-0.31090410373581023,0.6878576464479904,-0.008817025242762844,0.997,0.979,-0.30973697152269253,-0.34487675317828675,0.62075,-0.16259863018337006,3.8000000000000003
C_inverse_vol,0.5,16.0,0.08,-0.1009645920062997,-0.3144454787706604,0.6490186791105856,-0.008830187800259681,0.9975,0.9875,-0.3079924885577908,-0.3407989703539854,0.61575,-0.16521362647701776,3.8000000000000003
C_inverse_vol,0.5,16.5,0.0825,-0.10386410821388137,-0.318038887692507,0.6761980617488339,-0.009096970942879534,0.99725,0.98925,-0.31678116345613105,-0.34357325501470287,0.619,-0.167238108977603,3.8000000000000003
C_inverse_vol,0.5,17.0,0.085,-0.10918015376313883,-0.32152974351506014,0.6774513616709916,-0.009588159706226507,0.99825,0.99025,-0.3236033113161161,-0.34459506036604465,0.6205,-0.1688111132182224,3.8000000000000003
C_inverse_vol,0.5,17.5,0.08750000000000001,-0.11246405854664365,-0.3261242903110816,0.6813380741203707,-0.009892928251197919,0.9985,0.99125,-0.32347123380818127,-0.34938275079844,0.62575,-0.17190734629847987,3.8000000000000003
C_inverse_vol,0.5,18.0,0.09,-0.11321438584573662,-0.3276673489066295,0.6888983700323108,-0.009962708747249027,0.999,0.99275,-0.3239717018817596,-0.3558009655982294,0.62775,-0.17372996474328795,3.8000000000000003
C_inverse_vol,0.5,18.5,0.0925,-0.11907943168507296,-0.33336208244722654,0.6917820049291954,-0.010510031059785985,0.99875,0.994,-0.33218138081934045,-0.3648665960528682,0.631,-0.1756095194254908,3.8000000000000003
C_inverse_vol,0.5,19.0,0.095,-0.12530774560924973,-0.3382447963259759,0.6713690217153987,-0.011094922585574651,1.0,0.99475,-0.34830755567769556,-0.37388802490205475,0.64175,-0.17911976718213535,3.8000000000000003
C_inverse_vol,0.5,19.5,0.0975,-0.12704126326775678,-0.34381111055768687,0.6878367290898573,-0.011258393752604734,1.0,0.996,-0.35253358979086225,-0.3828652521457888,0.64875,-0.1818444548541896,3.8000000000000003
C_inverse_vol,0.5,20.0,0.1,-0.08927315497332322,-0.34094450361298356,0.8463982156168781,-0.0077624046731660234,1.0,0.9935,-0.3225587687836826,-0.3917982777840707,0.5935,-0.17536282669311043,3.8000000000000003
C_inverse_vol,1.0,0.5,0.0025,0.027426636300797114,-0.010972128388592406,0.06697330846358751,0.00225731596389922,0.0,0.0,-0.01880639224339198,-0.03420394588453191,0.12425,-0.008771718458622957,7.4750000000000005
C_inverse_vol,1.0,1.0,0.005,0.05475544470860627,-0.022630058396525876,0.1373300793474297,0.004452293311062894,0.0,0.0,-0.03742613012923823,-0.06759561856774125,0.12925,-0.017549292391595306,7.4750000000000005
C_inverse_vol,1.0,1.5,0.0075,0.0817437414117217,-0.03501881713524169,0.21099861412043275,0.006569343639290182,0.0,0.0,-0.05590649607545006,-0.10018904980180768,0.13175,-0.026346136263817377,7.4750000000000005
C_inverse_vol,1.0,2.0,0.01,0.10816188735810228,-0.05073170020531981,0.2882464474750426,0.008595286272726321,0.0,0.0,-0.07423539609408941,-0.13197234861968174,0.1355,-0.03514835844672387,7.4750000000000005
C_inverse_vol,1.0,2.5,0.0125,0.134203079645959,-0.06871428784713507,0.3691399545666778,0.010549446449553024,0.0,0.0,-0.09237985472047533,-0.16291969250747526,0.146,-0.043948264051702934,7.4750000000000005
C_inverse_vol,1.0,3.0,0.015,0.15880385118824103,-0.09783326425373295,0.4535062037996762,0.012358097130855006,0.0,0.0,-0.11030355883375653,-0.18447325870449333,0.162,-0.05275656987642546,7.4750000000000005
C_inverse_vol,1.0,3.5,0.0175,0.17817750539453714,-0.11774802645822435,0.5410497373912295,0.013757843093446631,0.002,0.0,-0.128182824835741,-0.2036279786395983,0.18175,-0.061360938883150085,7.4750000000000005
C_inverse_vol,1.0,4.0,0.02,0.1914177167607951,-0.13019430575945434,0.6273831854514933,0.014702361632999095,0.01025,0.0,-0.1457481042606743,-0.22127577809760599,0.20925,-0.06983873517703965,7.4750000000000005
C_inverse_vol,1.0,4.5,0.0225,0.1963080199687115,-0.14286950282470257,0.7179810858571034,0.015048790042479832,0.02625,0.00075,-0.16408753910208346,-0.23738760384936666,0.225,-0.07793171315693553,7.4750000000000005
C_inverse_vol,1.0,5.0,0.025,0.19794758635584397,-0.15426961575174225,0.8094077010808076,0.015164646171090146,0.05675,0.00575,-0.1795580695998386,-0.25366600652482807,0.241,-0.08508461882731272,7.4750000000000005
C_inverse_vol,1.0,5.5,0.0275,0.19859496595149206,-0.16754724243595587,0.8892052267710167,0.015210351715229997,0.106,0.0125,-0.19615262845688075,-0.26842652581799675,0.2565,-0.09182726135055436,7.4750000000000005
C_inverse_vol,1.0,6.0,0.03,0.1959755036769404,-0.1800182094654138,0.9671107748980348,0.015025275803955518,0.166,0.027,-0.20835835986668932,-0.28256084626633426,0.2645,-0.09784399025208873,7.4750000000000005
C_inverse_vol,1.0,6.5,0.0325,0.18368966623190897,-0.1974590178149499,1.0259330642969609,0.014152241038271507,0.24775,0.0475,-0.2204093642475674,-0.298918036100856,0.2845,-0.10434488633872369,7.4750000000000005
C_inverse_vol,1.0,7.0,0.035,0.17056103933689126,-0.21114900473409148,1.081266516746339,0.013210088561357747,0.3355,0.0815,-0.2314123466682736,-0.30314428937929433,0.296,-0.10988970628412792,7.4750000000000005
C_inverse_vol,1.0,7.5,0.0375,0.17798375187816573,-0.2272931298527705,1.1796729351197217,0.013743949180152537,0.4045,0.1135,-0.24001258377586043,-0.30571811700958357,0.303,-0.11352236934303728,7.4750000000000005
C_inverse_vol,1.0,8.0,0.04,0.1421767486990153,-0.2426751992869699,1.1280627031159902,0.011139577340536055,0.53075,0.17025,-0.25296160911831694,-0.30930299100116687,0.3435,-0.1189365229401092,7.4750000000000005
C_inverse_vol,1.0,8.5,0.0425,0.149344521224001,-0.2509925002330291,1.213410900058543,0.011666849458777495,0.5955,0.21775,-0.26123519480333135,-0.3112209548326581,0.3475,-0.12379793525579191,7.4750000000000005
C_inverse_vol,1.0,9.0,0.045,0.14345589033231487,-0.26446721473192825,1.2938347014032368,0.011233894858670546,0.67425,0.2755,-0.2704033138616266,-0.31270617763406017,0.3575,-0.12749993549915462,7.4750000000000005
C_inverse_vol,1.0,9.5,0.0475,0.1390067271698494,-0.2754509233937965,1.3503512092926284,0.010905417808404927,0.7355,0.33625,-0.27836611520797633,-0.31713304340972626,0.37325,-0.13109670245708516,7.4750000000000005
C_inverse_vol,1.0,10.0,0.05,0.12031099454674221,-0.2814811998844158,1.3695865706441448,0.009512149003165327,0.79125,0.412,-0.2888875954921805,-0.3209965781988169,0.3915,-0.13588604844299312,7.4750000000000005
C_inverse_vol,1.0,10.5,0.0525,0.09708357398111156,-0.2864204072375811,1.4309420572207854,0.007751166163173062,0.8445,0.4865,-0.2983917386763342,-0.3247547665459411,0.4135,-0.1402697591644328,7.4750000000000005
C_inverse_vol,1.0,11.0,0.055,0.06986770670868325,-0.29204584266754974,1.4400308101006685,0.005643783328483254,0.897,0.56525,-0.30121193352889025,-0.33042883071733364,0.43125,-0.14485635232701238,7.4750000000000005
C_inverse_vol,1.0,11.5,0.0575,0.04776994437694215,-0.2940768796207598,1.4445351753705427,0.003896240944703866,0.94975,0.62775,-0.30231977501081264,-0.33229844438063283,0.45425,-0.14864234763163148,7.4750000000000005
C_inverse_vol,1.0,12.0,0.06,0.01361063086283254,-0.2989736930733665,1.3438394791956818,0.0011272046675787628,0.95675,0.7095,-0.30406154448742273,-0.33613983429766275,0.48025,-0.14851207513766929,7.4750000000000005
C_inverse_vol,1.0,12.5,0.0625,0.005010278200117568,-0.30026807685988866,1.35670415227582,0.0004165674504272854,0.96525,0.7755,-0.3056221730557275,-0.3362544515263209,0.494,-0.15040606925119643,7.4750000000000005
C_inverse_vol,1.0,13.0,0.065,-0.003298576515394558,-0.30178278795766666,1.3019959903315415,-0.0002752978329360056,0.98575,0.84475,-0.30616515175105574,-0.33652884337492794,0.504,-0.15959162541765043,7.4750000000000005
C_inverse_vol,1.0,13.5,0.0675,-0.02021856213437423,-0.3037080368478132,1.225486388313017,-0.0017006984020966343,0.988,0.88125,-0.3104594731251344,-0.3389617947953758,0.52975,-0.1618540837819365,7.4750000000000005
C_inverse_vol,1.0,14.0,0.07,-0.026112487725264533,-0.30250563157708354,1.222686048723149,-0.002202526910701219,0.9885,0.90825,-0.30896192932466016,-0.33648107478331785,0.54275,-0.16450296115947288,7.4750000000000005
C_inverse_vol,1.0,14.5,0.0725,-0.029221824414760622,-0.30623582986971887,1.2709412026315565,-0.00246838902510349,0.9905,0.92375,-0.3109567238892954,-0.34198450949910164,0.537,-0.1654573130381244,7.4750000000000005
C_inverse_vol,1.0,15.0,0.075,-0.0006523623688172719,-0.3069072574751105,1.451764637659013,-5.437979217681743e-05,0.991,0.9155,-0.31145883345611075,-0.34686411217723284,0.50075,-0.16089324753890594,7.4750000000000005
C_inverse_vol,1.0,15.5,0.0775,-0.008534765787110765,-0.3069927453418708,1.4587764812159865,-0.0007140279162149987,0.992,0.933,-0.30699274534187093,-0.3493666037618823,0.508,-0.16119234577538283,7.4750000000000005
C_inverse_vol,1.0,16.0,0.08,-0.018715494315598047,-0.30806907487162805,1.2325155172144582,-0.0015731650661146013,0.99325,0.96775,-0.30701605000450033,-0.3445183758517248,0.51875,-0.16068420010451218,7.4750000000000005
C_inverse_vol,1.0,16.5,0.0825,-0.023623659722699974,-0.31269802844115935,1.140502975327356,-0.001990281120713311,0.9945,0.9775,-0.3138060951232544,-0.3425294649000427,0.52325,-0.16141566451665235,7.4750000000000005
C_inverse_vol,1.0,17.0,0.085,-0.028386624759693557,-0.31661089279491184,1.1641273091838098,-0.0023968991511728044,0.99475,0.98125,-0.32247314304649277,-0.34877012702897114,0.528,-0.16572951781151085,7.4750000000000005
C_inverse_vol,1.0,17.5,0.08750000000000001,-0.029981666037363075,-0.3182044059713649,1.1561154757516832,-0.0025334775376573138,0.9955,0.98325,-0.33109064816463973,-0.3505652751645311,0.529,-0.16925232251739136,7.4750000000000005
C_inverse_vol,1.0,18.0,0.09,-0.03111148196331137,-0.3219346805026956,1.1528535047460493,-0.0026303447463732477,0.99575,0.98675,-0.33283961895316166,-0.3537881509358636,0.5305,-0.17039782469118014,7.4750000000000005
C_inverse_vol,1.0,18.5,0.0925,-0.03434096120776586,-0.3257830825098521,1.1574268329969901,-0.0029078032092099138,0.99625,0.98875,-0.33532030366351895,-0.36163261441947625,0.5325,-0.17336652461292557,7.4750000000000005
C_inverse_vol,1.0,19.0,0.095,-0.04468535860636602,-0.3311229550071948,1.1717660873103668,-0.0038022966717448092,0.99875,0.99,-0.3343109938121552,-0.37058859903404984,0.54025,-0.17531720668802098,7.4750000000000005
C_inverse_vol,1.0,19.5,0.0975,-0.04971854552590549,-0.3372882016666705,1.147328756934812,-0.004240738432585989,0.99925,0.99175,-0.3394330502986137,-0.37950153786813945,0.541,-0.1757006017177914,7.4750000000000005
C_inverse_vol,1.0,20.0,0.1,-0.009523474269701682,-0.3379576355307867,1.513572014334803,-0.0007971081852221618,0.99925,0.98275,-0.3251613179195534,-0.388371430921745,0.50775,-0.17665692322987475,7.4750000000000005
