code,secid,strategy,tag,direction,signal_id,entry_ts,exit_ts,trading_day,entry_ref,entry_price,exit_ref,exit_price,qty,entry_atr,initial_stop,final_stop,risk_money,gross_pnl,commission,spread_cost,slippage_cost,net_pnl,net_pnl_check,R,gross_R,exit_reason,bars_held,mae_R,mfe_R,partial
MX,MXH6,TF_DONCHIAN,BREAKOUT,LONG,2025-12-29|MX|MXH6|BREAKOUT|1|1,2025-12-29 00:00:00+00:00,2026-01-05 00:00:00+00:00,2025-12-29,288175.0,288250.0,278425.0,278350.0,0.49411386854100525,4905.577074791763,278425.0,278425.0,5000.0,-4817.610218274801,69.99122947883339,12.352846713525132,61.76423356762566,-4961.718528034788,-4961.718528034785,-0.9923437056069575,-0.9635220436549602,INITIAL_STOP,1,0.859758131261349,0.024705693427050264,False
MX,MXH6,TF_DONCHIAN,BREAKOUT,LONG,2026-01-29|MX|MXH6|BREAKOUT|1|2,2026-01-29 00:00:00+00:00,2026-02-05 00:00:00+00:00,2026-01-29,288500.0,288575.0,280825.0,280750.0,0.621559087737727,3863.196383288241,280825.0,280825.0,5000.0,-4770.465998387054,88.46728190657035,15.538977193443174,77.69488596721587,-4952.167143454276,-4952.167143454283,-0.9904334286908552,-0.9540931996774108,INITIAL_STOP,4,0.9105840635357699,0.3294263165009953,False
MX,MXH6,TF_DONCHIAN,BREAKOUT,LONG,2026-03-09|MX|MXH6|BREAKOUT|1|3,2026-03-09 00:00:00+00:00,2026-03-17 00:00:00+00:00,2026-03-09,291225.0,291300.0,285750.0,285700.0,0.7277331839054529,3286.969497730274,284725.0,284725.0,5000.0,-3984.3391818823548,104.97551177836158,18.193329597636325,72.7733183905453,-4180.281341648876,-4180.281341648898,-0.8360562683297752,-0.796867836376471,ROLL,6,0.8841958184451254,0.22923595293021767,False
MX,MXM6,TF_DONCHIAN,BREAKOUT,SHORT,2026-03-27|MX|MXM6|BREAKOUT|-1|4,2026-03-27 00:00:00+00:00,2026-05-12 00:00:00+00:00,2026-03-27,283800.0,283725.0,272900.0,272975.0,0.7000974885752841,3416.3119992859565,290575.0,272900.0,5000.0,7631.062625470597,97.43606797246517,17.502437214382102,87.51218607191052,7428.611934211816,7428.611934211838,1.4857223868423632,1.5262125250941194,TRAILING_STOP,31,0.7351023630040483,2.9509109143448224,False
MX,MXM6,TF_DONCHIAN,BREAKOUT,SHORT,2026-05-25|MX|MXM6|BREAKOUT|-1|5,2026-05-25 00:00:00+00:00,2026-06-16 00:00:00+00:00,2026-05-25,262650.0,262575.0,249175.00000000003,249225.0,0.5598296998053192,4313.392387954796,271225.0,260700.0,5000.0,7543.705204876675,71.63021009009059,13.99574249513298,55.98296998053192,7402.0962823109185,7402.09628231092,1.4804192564621836,1.508741040975335,ROLL,16,0.37508589886956384,1.659895059922771,False
MX,MXU6,TF_DONCHIAN,BREAKOUT,SHORT,2026-06-18|MX|MXU6|BREAKOUT|-1|6,2026-06-18 00:00:00+00:00,2026-06-29 00:00:00+00:00,2026-06-18,247950.0,247875.0,232475.0,232550.0,0.5480090147482926,4415.002383708013,256725.0,232475.0,4999.999999999999,8480.439503229827,65.81930772761211,13.700225368707313,68.50112684353658,8332.41884328998,8332.41884328997,1.666483768657996,1.6960879006459657,TRAILING_STOP,6,0.013700225368707316,3.140091654507717,False
MX,MXU6,TF_DONCHIAN,BREAKOUT,SHORT,2026-07-03|MX|MXU6|BREAKOUT|-1|7,2026-07-03 00:00:00+00:00,2026-07-21 00:00:00+00:00,2026-07-03,219225.0,219150.0,212675.0,212749.99999999997,0.349416387279147,7015.324205382742,233200.0,212675.0,5000.0,2288.6773366784128,37.728234416465895,8.735409681978675,43.677048409893374,2198.53664417008,2198.536644170075,0.439707328834016,0.45773546733568254,TRAILING_STOP,11,0.44201172990812093,1.9235372119717042,False
MX,MXU6,TF_DONCHIAN,BREAKOUT,LONG,2026-09-14|MX|MXU6|BREAKOUT|1|8,2026-09-14 00:00:00+00:00,2026-09-15 00:00:00+00:00,2026-09-14,236775.0,236850.0,233350.0,233300.0,0.3900635218445324,6274.116076167067,224300.0,224300.0,5000.0,-1335.9675623175235,45.847091198801735,9.75158804611331,39.006352184453235,-1430.5725937468862,-1430.5725937468917,-0.28611451874937727,-0.2671935124635047,ROLL,1,0.5616914714561267,0.14822413830092232,False
RN,RNH6,TF_DONCHIAN,BREAKOUT,LONG,2026-01-29|RN|RNH6|BREAKOUT|1|1,2026-01-29 00:00:00+00:00,2026-02-02 00:00:00+00:00,2026-01-29,42430.0,42433.0,41070.99999999999,41068.0,3.599151032254512,680.9234766848148,41071.0,41071.0,5000.0,-4891.246252833882,75.13317758607101,3.599151032254512,17.995755161272562,-4987.97433661349,-4987.97433661348,-0.997594867322698,-0.9782492505667764,INITIAL_STOP,1,0.7579812073928002,0.049668284245112264,False
RN,RNH6,TF_DONCHIAN,BREAKOUT,SHORT,2026-02-09|RN|RNH6|BREAKOUT|-1|2,2026-02-09 00:00:00+00:00,2026-03-02 00:00:00+00:00,2026-02-09,39964.0,39961.0,41182.0,41185.0,3.4795183372356133,705.0554989278812,41372.0,41182.0,5000.0,-4238.053334752977,70.58724874833027,3.4795183372356133,17.397591686178064,-4329.517693524702,-4329.517693524721,-0.8659035387049404,-0.8476106669505954,TRAILING_STOP,14,0.31176484301631097,0.6228337823651748,False
RN,RNH6,TF_DONCHIAN,BREAKOUT,LONG,2026-03-03|RN|RNH6|BREAKOUT|1|3,2026-03-03 00:00:00+00:00,2026-03-10 00:00:00+00:00,2026-03-03,43781.0,43784.0,48431.0,48428.0,2.813902026684796,874.1241786606889,42035.0,48431.0,5000.0,13084.644424084301,64.86888342116461,2.813902026684796,14.06951013342398,13002.892128503037,13002.892128503028,2.6005784257006073,2.6169288848168604,TRAILING_STOP,4,0.5284508006114047,4.091413546799693,False
RN,RNM6,TF_DONCHIAN,BREAKOUT,LONG,2026-03-19|RN|RNM6|BREAKOUT|1|4,2026-03-19 00:00:00+00:00,2026-03-23 00:00:00+00:00,2026-03-19,53150.0,53153.0,49966.0,49963.0,1.55299928422263,1593.137725505446,49966.0,49966.0,5000.0,-4944.749720964854,40.034768547975176,1.55299928422263,7.764996421113149,-4994.102485218169,-4994.102485218165,-0.9988204970436338,-0.9889499441929708,INITIAL_STOP,1,0.24941168504615435,0.22704849535334848,False
RN,RNM6,TF_DONCHIAN,BREAKOUT,SHORT,2026-05-01|RN|RNM6|BREAKOUT|-1|5,2026-05-01 00:00:00+00:00,2026-06-16 00:00:00+00:00,2026-05-01,43438.0,43435.0,34054.0,34056.0,1.9181211619594374,1289.290895312488,46014.0,37919.0,5000.0,17999.64898382736,37.15928174034969,1.9181211619594374,7.67248464783775,17952.899096277208,17952.89909627721,3.5905798192554417,3.5999297967654718,ROLL,32,0.12084163320344456,3.5999297967654718,False
RN,RNU6,TF_DONCHIAN,BREAKOUT,SHORT,2026-06-18|RN|RNU6|BREAKOUT|-1|6,2026-06-18 00:00:00+00:00,2026-06-26 00:00:00+00:00,2026-06-18,34638.0,34635.0,33403.0,33406.0,2.4542075547871156,1006.5627528917067,36649.0,33403.0,5000.0,3030.9463301620876,41.746684058817536,2.4542075547871156,12.271037773935577,2974.4744007745458,2974.4744007745476,0.5948948801549091,0.6061892660324175,TRAILING_STOP,5,0.012271037773935577,2.0870581045909633,False
RN,RNU6,TF_DONCHIAN,BREAKOUT,SHORT,2026-07-07|RN|RNU6|BREAKOUT|-1|7,2026-07-07 00:00:00+00:00,2026-07-08 00:00:00+00:00,2026-07-07,30383.0,30380.0,33221.0,33224.0,1.7469140762842439,1420.0982088986786,33221.0,33221.0,5000.0,-4957.742148494684,27.77768072699576,1.7469140762842439,8.73457038142122,-4996.001313679383,-4996.001313679385,-0.9992002627358766,-0.9915484296989369,INITIAL_STOP,0,0.6809471069355982,0.37349022950957134,False
RN,RNU6,TF_DONCHIAN,BREAKOUT,LONG,2026-09-14|RN|RNU6|BREAKOUT|1|8,2026-09-14 00:00:00+00:00,2026-09-15 00:00:00+00:00,2026-09-14,36845.0,36848.0,37312.0,37310.0,2.0363081895428246,1215.2758509627445,34417.0,34417.0,5000.0,950.9559245164991,37.7521356800292,2.0363081895428246,8.1452327581713,903.0222478887579,903.0222478887556,0.18060444957775157,0.1901911849032998,ROLL,1,0.6569130219465151,0.6951956159099203,False
CR,CRZ5,TF_DONCHIAN,BREAKOUT,SHORT,2025-12-03|CR|CRZ5|BREAKOUT|-1|1,2025-12-03 00:00:00+00:00,2025-12-10 00:00:00+00:00,2025-12-03,10.945,10.942,11.106,11.109,15.849317369900852,0.15175921499078368,11.246,11.106,5000.0,-2551.740096554031,87.37332433092092,15.849317369900852,79.24658684950788,-2734.2093251043398,-2734.2093251043602,-0.546841865020868,-0.5103480193108062,TRAILING_STOP,4,0.5895946061603116,0.9256001344022092,False
CR,CRH6,TF_DONCHIAN,BREAKOUT,SHORT,2026-01-23|CR|CRH6|BREAKOUT|-1|2,2026-01-23 00:00:00+00:00,2026-02-02 00:00:00+00:00,2026-01-23,11.020000000000001,11.017,11.329,11.332,15.455544444736148,0.15576987848783225,11.329,11.329,5000.0,-4775.763233423459,86.35399069885204,15.455544444736148,77.2777222237117,-4954.850490790759,-4954.850490790758,-0.9909700981581518,-0.9551526466846917,INITIAL_STOP,5,0.8067794200152301,0.21328651333735593,False
CR,CRH6,TF_DONCHIAN,BREAKOUT,SHORT,2026-02-06|CR|CRH6|BREAKOUT|-1|3,2026-02-06 00:00:00+00:00,2026-02-06 00:00:00+00:00,2026-02-06,10.948,10.945,11.278,11.281,14.514946766432717,0.1664088556875649,11.278,11.278,5000.0,-4789.9324329227975,80.65230170768339,14.514946766432717,72.57473383216688,-4957.674415229061,-4957.67441522908,-0.9915348830458123,-0.9579864865845595,INITIAL_STOP,0,0.0,0.0,False
CR,CRH6,TF_DONCHIAN,BREAKOUT,LONG,2026-03-12|CR|CRH6|BREAKOUT|1|4,2026-03-12 00:00:00+00:00,2026-03-17 00:00:00+00:00,2026-03-12,11.577,11.58,12.015,12.013,14.294290860230447,0.16862613938414114,11.242,11.514,5000.0,6260.899396780945,84.31130106635425,14.294290860230447,57.17716344093296,6105.116641413413,6105.116641413426,1.2210233282826826,1.252179879356189,ROLL,3,0.31447439892506823,1.2578975957002778,False
CR,CRM6,TF_DONCHIAN,BREAKOUT,LONG,2026-03-19|CR|CRM6|BREAKOUT|1|5,2026-03-19 00:00:00+00:00,2026-03-23 00:00:00+00:00,2026-03-19,12.196,12.199,11.856,11.852999999999998,14.08056051895313,0.17139109108250264,11.856,11.856,5000.0,-4787.390576444062,84.66641040046517,14.08056051895313,70.40280259476884,-4956.540349958252,-4956.54034995825,-0.9913080699916503,-0.9574781152888124,INITIAL_STOP,1,0.560406308654334,0.5632224207581282,False
CR,CRM6,TF_DONCHIAN,BREAKOUT,SHORT,2026-04-21|CR|CRM6|BREAKOUT|-1|6,2026-04-21 00:00:00+00:00,2026-06-02 00:00:00+00:00,2026-04-21,11.126,11.123,10.882,10.885,14.101925900020156,0.17143123765188717,11.466,10.882,5000.0,3440.8699196049147,77.58879630191089,14.101925900020156,70.50962950010398,3278.6695679028803,3278.66956790288,0.6557339135805761,0.688173983920983,TRAILING_STOP,28,0.5640770360008093,2.132211196083043,False
CR,CRU6,TF_DONCHIAN,BREAKOUT,LONG,2026-06-26|CR|CRU6|BREAKOUT|1|7,2026-06-26 00:00:00+00:00,2026-07-06 00:00:00+00:00,2026-06-26,11.553999999999998,11.557,11.481,11.478,15.025009127692888,0.16011782326502366,11.236,11.481,5000.0,-1096.8256663215602,86.52527131410142,15.025009127692888,75.12504563849456,-1273.5009924018495,-1273.500992401849,-0.2547001984803699,-0.21936513326431203,TRAILING_STOP,5,0.348580211762474,1.217025739343122,False
CR,CRU6,TF_DONCHIAN,BREAKOUT,LONG,2026-07-29|CR|CRU6|BREAKOUT|1|8,2026-07-29 00:00:00+00:00,2026-09-10 00:00:00+00:00,2026-07-29,11.962,11.965,12.525,12.522,13.333955584593955,0.1810178145897364,11.602,12.525,5000.0,7507.016994126404,81.62714259998805,13.333955584593955,66.66977792297281,7345.386118018861,7345.386118018849,1.4690772236037724,1.5014033988252808,TRAILING_STOP,30,0.5040235210976516,2.9441373930783477,False
GD,GDH6,TF_DONCHIAN,BREAKOUT,LONG,2025-12-19|GD|GDH6|BREAKOUT|1|1,2025-12-19 00:00:00+00:00,2025-12-29 00:00:00+00:00,2025-12-19,4376.4,4376.7,4365.0,4364.7,0.422480511516352,68.28181291587177,4240.1,4365.0,5000.0,-408.92944065984176,78.39069764438716,3.5871003566653927,17.935501783340012,-508.8427404442323,-508.8427404442343,-0.10176854808884646,-0.08178588813196835,TRAILING_STOP,5,0.22957442282658513,1.3860555778155064,False
GD,GDH6,TF_DONCHIAN,BREAKOUT,LONG,2026-01-12|GD|GDH6|BREAKOUT|1|2,2026-01-12 00:00:00+00:00,2026-01-30 00:00:00+00:00,2026-01-12,4590.0,4590.3,5189.0,5188.8,0.3566964953690049,81.0924651483201,4428.1,5352.6,5000.0,18141.053810484416,74.04139370538738,3.028556562685212,12.114226250740845,18051.86963396561,18051.8696339656,3.610373926793122,3.628210762096883,TRAILING_STOP,13,0.5166717495940982,6.091032958872494,False
GD,GDM6,TF_DONCHIAN,BREAKOUT,SHORT,2026-03-23|GD|GDM6|BREAKOUT|-1|3,2026-03-23 00:00:00+00:00,2026-03-25 00:00:00+00:00,2026-03-23,4401.1,4400.9,4691.9,4692.2,0.20057483361289108,145.48315089356296,4691.9,4691.9,5000.0,-4952.30848590317,38.713751971429005,1.7029946650286045,6.811978660129906,-4999.5372111997585,-4999.537211199757,-0.9999074422399518,-0.9904616971806339,INITIAL_STOP,1,0.7677099949948967,0.6127374804772907,False
GD,GDM6,TF_DONCHIAN,BREAKOUT,SHORT,2026-05-27|GD|GDM6|BREAKOUT|-1|4,2026-05-27 00:00:00+00:00,2026-06-15 00:00:00+00:00,2026-05-27,4463.0,4462.7,4319.2,4319.5,0.3199936391675667,90.58751097043259,4643.9,4319.2,5000.0,3906.943029000223,59.6515213304689,2.7169283929069667,13.584641964544714,3830.9899373123094,3830.9899373123026,0.7661979874624619,0.7813886058000445,TRAILING_STOP,12,0.6015279461896014,2.256680723148525,False
GD,GDU6,TF_DONCHIAN,BREAKOUT,SHORT,2026-06-24|GD|GDU6|BREAKOUT|-1|5,2026-06-24 00:00:00+00:00,2026-08-05 00:00:00+00:00,2026-06-24,4065.2000000000003,4064.9,4268.9,4269.2,0.28499328836017895,101.96060383986644,4268.9,4268.9,5000.0,-4929.0418808855875,50.416210038645936,2.4197554643522845,12.098777321770225,-4993.976623710371,-4993.976623710356,-0.9987953247420742,-0.9858083761771175,INITIAL_STOP,29,0.6693043614398406,0.4805634352203646,False
GD,GDU6,TF_DONCHIAN,BREAKOUT,LONG,2026-08-10|GD|GDU6|BREAKOUT|1|6,2026-08-10 00:00:00+00:00,2026-09-01 00:00:00+00:00,2026-08-10,4396.400000000001,4396.7,4417.3,4417.0,0.3167799036808066,91.54299405557529,4213.6,4417.3,5000.0,562.1351668801757,59.26424306617095,2.6896419467951462,13.448209733961054,486.73307213326257,486.7330721332486,0.09734661442665252,0.11242703337603514,TRAILING_STOP,15,0.3975290797363206,1.5885025337772143,False
Si,SiZ5,TF_DONCHIAN,BREAKOUT,SHORT,2025-11-21|Si|SiZ5|BREAKOUT|-1|1,2025-11-21 00:00:00+00:00,2025-12-10 00:00:00+00:00,2025-11-21,79598.0,79595.0,78564.0,78567.0,2.169387983109145,1129.226070413353,81854.0,78564.0,5000.0,2243.1471745348563,85.77868554612715,2.169387983109145,10.846939915545727,2144.352161090097,2144.3521610900743,0.4288704322180194,0.44862943490697127,TRAILING_STOP,12,0.46207964040224786,1.9173050994718626,False
Si,SiH6,TF_DONCHIAN,BREAKOUT,SHORT,2026-01-22|Si|SiH6|BREAKOUT|-1|2,2026-01-22 00:00:00+00:00,2026-03-05 00:00:00+00:00,2026-01-22,77332.0,77329.0,79169.0,79172.0,2.15920743268293,1135.2271365689335,79600.0,79169.0,5000.0,-3966.464053838542,84.47953060557779,2.15920743268293,10.796037163414649,-4063.8988290402367,-4063.8988290402167,-0.8127797658080473,-0.7932928107677084,TRAILING_STOP,28,0.6136467523684886,0.6762637679162936,False
Si,SiH6,TF_DONCHIAN,BREAKOUT,LONG,2026-03-16|Si|SiH6|BREAKOUT|1|3,2026-03-16 00:00:00+00:00,2026-03-17 00:00:00+00:00,2026-03-16,80321.0,80324.0,82364.0,82362.0,2.327571198075378,1050.5216032418982,78222.0,79270.0,5000.0,4755.2279576679975,94.66581198252274,2.327571198075378,9.310284792301513,4648.924289695082,4648.924289695098,0.9297848579390163,0.9510455915335995,ROLL,1,0.2350846910056132,0.9766488747124288,False
Si,SiM6,TF_DONCHIAN,BREAKOUT,LONG,2026-03-19|Si|SiM6|BREAKOUT|1|4,2026-03-19 00:00:00+00:00,2026-03-24 00:00:00+00:00,2026-03-19,83315.0,83318.0,81117.0,81114.0,2.2235474565063,1100.172726793896,81117.0,81117.0,5000.0,-4887.357309400847,91.40558884206098,2.2235474565063,11.1177372825315,-4992.10418298195,-4992.104182981945,-0.9984208365963899,-0.9774714618801694,INITIAL_STOP,2,0.8880848541286162,0.5367643560006208,False
Si,SiM6,TF_DONCHIAN,BREAKOUT,SHORT,2026-04-14|Si|SiM6|BREAKOUT|-1|5,2026-04-14 00:00:00+00:00,2026-06-03 00:00:00+00:00,2026-04-14,76118.0,76115.0,74032.0,74035.0,2.1132199872572834,1160.572910613027,78437.0,74032.0,5000.0,4408.176893418693,79.32499527167028,2.1132199872572834,10.566099936286419,4316.1725782234735,4316.172578223479,0.8632345156446947,0.8816353786837386,TRAILING_STOP,34,0.7003211037770638,2.3520138458173565,False
Si,SiU6,TF_DONCHIAN,BREAKOUT,LONG,2026-06-26|Si|SiU6|BREAKOUT|1|6,2026-06-26 00:00:00+00:00,2026-07-03 00:00:00+00:00,2026-06-26,78582.0,78585.0,77878.0,77875.0,2.1679817282499942,1130.15940831586,76324.0,77878.0,5000.0,-1526.259136687996,84.80060530049852,2.1679817282499942,10.83990864124997,-1624.0676323580021,-1624.0676323579946,-0.32481352647160044,-0.3052518273375992,TRAILING_STOP,4,0.2614585964269493,1.163772591724597,False
Si,SiU6,TF_DONCHIAN,BREAKOUT,LONG,2026-07-30|Si|SiU6|BREAKOUT|1|7,2026-07-30 00:00:00+00:00,2026-09-11 00:00:00+00:00,2026-07-30,81269.0,81272.0,83837.0,83834.0,1.9742276426616379,1242.83399232213,78786.0,83837.0,5000.0,5069.816586355086,81.4892072923231,1.9742276426616379,9.871138213308189,4976.482013206785,4976.482013206793,0.9952964026413571,1.0139633172710172,TRAILING_STOP,30,0.6818982277753297,2.4851577565824696,False
RI,RIZ5,TF_DONCHIAN,BREAKOUT,LONG,2025-11-24|RI|RIZ5|BREAKOUT|1|1,2025-11-24 00:00:00+00:00,2025-12-16 00:00:00+00:00,2025-11-24,108500.0,108530.0,110650.0,110630.0,0.4761185153564751,3034.105763932659,102460.0,104050.0,5000.0,1738.2825606599974,44.29790767374943,8.085035165860454,32.340140663441815,1653.5594771569552,1653.5594771569456,0.330711895431391,0.3476565121319995,ROLL,16,0.5061232013828643,0.7486742563586779,False
RI,RIH6,TF_DONCHIAN,BREAKOUT,LONG,2025-12-29|RI|RIH6|BREAKOUT|1|2,2025-12-29 00:00:00+00:00,2026-01-05 00:00:00+00:00,2025-12-29,113270.0,113300.0,108190.0,108160.0,0.56335187364201,2554.0759491832564,108190.0,108190.0,5000.0,-4859.709374073258,52.96413572747362,9.566357035577282,47.8317851778864,-4970.071652014198,-4970.071652014196,-0.9940143304028396,-0.9719418748146516,INITIAL_STOP,1,0.5835477791702142,0.3635215673519367,False
RI,RIH6,TF_DONCHIAN,BREAKOUT,LONG,2026-01-21|RI|RIH6|BREAKOUT|1|3,2026-01-21 00:00:00+00:00,2026-02-02 00:00:00+00:00,2026-01-21,115200.0,115230.0,113830.00000000001,113800.0,0.6517693673256822,2198.9811731905656,110830.0,113830.0,5000.0,-1516.2868017748303,63.3713806953448,11.067786874268835,55.33893437134418,-1646.0649037157941,-1646.0649037157882,-0.3292129807431588,-0.3032573603549661,TRAILING_STOP,7,0.7614637369496958,1.1510498349239588,False
RI,RIH6,TF_DONCHIAN,BREAKOUT,SHORT,2026-03-16|RI|RIH6|BREAKOUT|-1|4,2026-03-16 00:00:00+00:00,2026-03-17 00:00:00+00:00,2026-03-16,111230.0,111200.0,109370.0,109390.0,0.7001243747315512,2043.9681371376437,115290.0,115290.0,5000.0,2211.3372645995814,65.56436655887387,11.888910024728933,47.55564009891573,2086.3283479170577,2086.3283479170627,0.41726566958341155,0.44226745291991626,ROLL,1,0.7228457295035191,0.45415636294464523,False
RI,RIM6,TF_DONCHIAN,BREAKOUT,SHORT,2026-03-19|RI|RIM6|BREAKOUT|-1|5,2026-03-19 00:00:00+00:00,2026-04-14 00:00:00+00:00,2026-03-19,111680.0,111650.0,114280.0,114310.0,0.6775337410896692,2110.884838663048,115880.0,114280.0,5000.0,-2991.3767811635303,64.99341321843379,11.505295312167426,57.52647656083712,-3125.401966254967,-3125.401966254969,-0.6250803932509934,-0.598275356232706,TRAILING_STOP,17,0.6488986556062427,0.853692912162823,False
RI,RIM6,TF_DONCHIAN,BREAKOUT,LONG,2026-05-18|RI|RIM6|BREAKOUT|1|6,2026-05-18 00:00:00+00:00,2026-05-25 00:00:00+00:00,2026-05-18,116970.0,117000.0,113980.00000000001,113950.0,0.6963327587492046,2050.6000788126944,112890.0,113980.0,5000.0,-3535.532694809034,68.27184580820621,11.82452406290647,59.122620314532334,-3674.7516849946783,-3674.7516849946796,-0.7349503369989356,-0.7071065389618069,TRAILING_STOP,4,0.7733238737140831,0.7425801111505262,False
RI,RIM6,TF_DONCHIAN,BREAKOUT,SHORT,2026-06-08|RI|RIM6|BREAKOUT|-1|7,2026-06-08 00:00:00+00:00,2026-06-16 00:00:00+00:00,2026-06-08,108470.0,108440.0,107680.00000000001,107700.0,0.6285876987782409,2280.6596240991507,113010.0,113010.0,5000.0,843.2567215032599,57.67769233725145,10.674135715231138,42.69654286092455,732.2083505898514,732.2083505898528,0.1464416701179703,0.16865134430065198,ROLL,6,0.6959536486330702,0.27966235573905585,False
RI,RIU6,TF_DONCHIAN,BREAKOUT,SHORT,2026-06-18|RI|RIU6|BREAKOUT|-1|8,2026-06-18 00:00:00+00:00,2026-06-29 00:00:00+00:00,2026-06-18,104070.0,104050.0,93740.0,93770.0,0.614446516946596,2345.8453612844714,108750.0,93740.0,5000.0,10778.324403566341,51.601358507102944,10.434002326782519,41.736009307130075,10674.553033425324,10674.553033425325,2.1349106066850645,2.1556648807132683,TRAILING_STOP,6,0.004173600930713008,3.620598807393534,False
RI,RIU6,TF_DONCHIAN,BREAKOUT,SHORT,2026-07-06|RI|RIU6|BREAKOUT|-1|9,2026-07-06 00:00:00+00:00,2026-07-22 00:00:00+00:00,2026-07-06,86700.0,86670.0,86239.99999999999,86270.0,0.4168630073996224,3478.216124267297,93630.0,86240.0,5000.0,325.62521811580507,30.60523109834094,7.078809089474023,35.39404544737012,252.54713248062149,252.54713248062,0.0505094264961243,0.06512504362316102,TRAILING_STOP,11,0.6257667235095037,1.5389330960516527,False
SR,SRH6,TF_DONCHIAN,BREAKOUT,SHORT,2026-01-05|SR|SRH6|BREAKOUT|-1|1,2026-01-05 00:00:00+00:00,2026-01-29 00:00:00+00:00,2026-01-05,30870.0,30867.0,31829.0,31832.0,5.084227860856886,480.96890331192,31829.0,31829.0,5000.0,-4875.774518561753,79.69400066196647,5.084227860856886,25.42113930428443,-4985.97388638886,-4985.973886388861,-0.997194777277772,-0.9751549037123507,INITIAL_STOP,16,0.67925284221048,0.4301256770284926,False
SR,SRM6,TF_DONCHIAN,BREAKOUT,LONG,2026-04-22|SR|SRM6|BREAKOUT|1|2,2026-04-22 00:00:00+00:00,2026-04-28 00:00:00+00:00,2026-04-22,33493.0,33496.0,32689.999999999996,32687.0,6.033197063522325,402.62937626405255,32690.0,32690.0,5000.0,-4844.657242008427,99.8237703137745,6.033197063522325,30.16598531761163,-4980.680194703327,-4980.6801947033355,-0.9961360389406655,-0.9689314484016853,INITIAL_STOP,3,0.7505297147021772,0.15927640247698938,False
SR,SRM6,TF_DONCHIAN,BREAKOUT,SHORT,2026-06-09|SR|SRM6|BREAKOUT|-1|3,2026-06-09 00:00:00+00:00,2026-06-16 00:00:00+00:00,2026-06-09,32081.0,32078.0,32078.0,32080.0,6.561343973208721,369.6838994301112,32818.0,32818.0,5000.0,19.68403191962616,105.24067665828127,6.561343973208721,26.24537589283488,-118.36336460470423,-118.36336460469872,-0.023672672920940847,0.003936806383925232,ROLL,5,0.6915656547761991,0.2991972851783177,False
SR,SRU6,TF_DONCHIAN,BREAKOUT,SHORT,2026-06-18|SR|SRU6|BREAKOUT|-1|4,2026-06-18 00:00:00+00:00,2026-06-29 00:00:00+00:00,2026-06-18,29547.0,29544.0,27639.0,27642.0,6.633305561894047,366.006429356685,30277.0,27639.0,5000.0,12656.347012093842,94.83305296561824,6.633305561894047,33.16652780947023,12521.714125756864,12521.71412575686,2.504342825151373,2.5312694024187685,TRAILING_STOP,6,0.07827300563034975,3.9852899815859435,False
SR,SRU6,TF_DONCHIAN,BREAKOUT,SHORT,2026-07-10|SR|SRU6|BREAKOUT|-1|5,2026-07-10 00:00:00+00:00,2026-07-20 00:00:00+00:00,2026-07-10,26540.0,26537.0,26872.0,26875.0,3.4381546461330905,717.1090586395363,27972.0,26872.0,5000.0,-1141.4673425161861,45.90967898981516,3.4381546461330905,17.190773230665453,-1208.0059493827987,-1208.0059493827998,-0.24160118987655974,-0.22829346850323723,TRAILING_STOP,5,0.40432698638525144,1.2494253984047652,False
GZ,GZZ5,TF_DONCHIAN,BREAKOUT,LONG,2025-12-12|GZ|GZZ5|BREAKOUT|1|1,2025-12-12 00:00:00+00:00,2025-12-16 00:00:00+00:00,2025-12-12,13168.0,13171.0,13086.0,13084.0,7.51218288258984,326.4956418380502,12518.0,12518.0,5000.0,-615.9989963723668,49.30809039559905,7.51218288258984,30.048731530359355,-702.8680011809186,-702.868001180915,-0.1405736002361837,-0.12319979927447337,ROLL,2,0.6430428547496903,0.11118030666232963,False
GZ,GZH6,TF_DONCHIAN,BREAKOUT,SHORT,2025-12-22|GZ|GZH6|BREAKOUT|-1|2,2025-12-22 00:00:00+00:00,2025-12-22 00:00:00+00:00,2025-12-22,12342.0,12339.0,12980.0,12983.0,7.654980828100516,320.2303452011754,12980.0,12980.0,5000.0,-4883.87776832813,48.45985613229032,7.654980828100516,38.274904140502585,-4978.267509429029,-4978.2675094290225,-0.9956535018858058,-0.976775553665626,INITIAL_STOP,0,0.0,0.0,False
GZ,GZH6,TF_DONCHIAN,BREAKOUT,LONG,2026-03-09|GZ|GZH6|BREAKOUT|1|3,2026-03-09 00:00:00+00:00,2026-03-16 00:00:00+00:00,2026-03-09,13348.0,13351.0,12858.0,12855.0,9.887763990938852,246.0226161306619,12858.0,12858.0,5000.0,-4845.004355560038,64.7796857866359,9.887763990938852,49.43881995469427,-4969.110625292293,-4969.110625292306,-0.9938221250584586,-0.9690008711120075,INITIAL_STOP,4,0.8523252560189291,0.8167293056515492,False
GZ,GZM6,TF_DONCHIAN,BREAKOUT,LONG,2026-03-27|GZ|GZM6|BREAKOUT|1|4,2026-03-27 00:00:00+00:00,2026-04-06 00:00:00+00:00,2026-03-27,14282.0,14285.0,13631.0,13628.0,7.494650693067823,326.5568975222516,13631.0,13631.0,5000.0,-4879.017601187153,52.299546198900536,7.494650693067823,37.47325346533911,-4976.285051544469,-4976.285051544461,-0.9952570103088938,-0.9758035202374306,INITIAL_STOP,5,0.9218420352473422,0.16788017552471923,False
GZ,GZM6,TF_DONCHIAN,BREAKOUT,SHORT,2026-04-10|GZ|GZM6|BREAKOUT|-1|5,2026-04-10 00:00:00+00:00,2026-06-16 00:00:00+00:00,2026-04-10,13171.0,13168.0,11171.0,11173.0,7.411975380382577,330.8882301116412,13830.0,12115.0,5000.0,14823.950760765154,45.10372318347308,7.411975380382577,29.647901521530304,14741.787160679762,14741.787160679769,2.9483574321359525,2.964790152153031,ROLL,47,0.49215516525740316,3.0329803256525505,False
GZ,GZU6,TF_DONCHIAN,BREAKOUT,SHORT,2026-06-18|GZ|GZU6|BREAKOUT|-1|6,2026-06-18 00:00:00+00:00,2026-06-29 00:00:00+00:00,2026-06-18,11350.0,11348.0,10599.0,10602.0,10.402060440131981,235.4121215516595,11819.0,10599.0,5000.0,7811.947390539118,57.08130666522425,10.402060440131981,41.60824176052792,7702.85578167323,7702.855781673234,1.540571156334646,1.5623894781078236,TRAILING_STOP,6,0.004160824176052793,3.029080000166433,False
GZ,GZU6,TF_DONCHIAN,BREAKOUT,SHORT,2026-07-06|GZ|GZU6|BREAKOUT|-1|7,2026-07-06 00:00:00+00:00,2026-07-22 00:00:00+00:00,2026-07-06,9892.0,9889.0,8990.0,8992.999999999998,7.299861521626935,336.52800902959694,10563.0,8990.0,5000.0,6584.475092507496,34.45899631283994,7.299861521626935,36.49930760813467,6506.216927064901,6506.216927064895,1.3012433854129801,1.3168950185014991,TRAILING_STOP,11,0.3489333807337675,2.7870871289571637,False
GZ,GZU6,TF_DONCHIAN,BREAKOUT,LONG,2026-09-14|GZ|GZU6|BREAKOUT|1|8,2026-09-14 00:00:00+00:00,2026-09-15 00:00:00+00:00,2026-09-14,9795.0,9798.0,9681.0,9679.0,7.226488259124525,340.212980732642,9117.0,9117.0,5000.0,-823.8196615401959,35.1875779557421,7.226488259124525,28.9059530364981,-895.1396807915706,-895.1396807915605,-0.17902793615831414,-0.16476393230803918,ROLL,1,0.7067505517423786,0.2615988749803078,False
GZ,GZZ6,TF_DONCHIAN,BREAKOUT,LONG,2026-09-22|GZ|GZZ6|BREAKOUT|1|9,2026-09-22 00:00:00+00:00,2026-09-25 00:00:00+00:00,2026-09-22,10322.0,10325.0,10172.999999999998,10171.0,6.810481330768051,361.4368077019811,9602.0,9602.0,5000.0,-1014.7617182844397,34.896906338855494,6.810481330768051,27.241925323072206,-1083.7110312771306,-1083.7110312771351,-0.21674220625542612,-0.20295234365688794,END_OF_DATA,3,0.42769822757223364,0.44131919023376975,False
BR,BRF6,TF_DONCHIAN,BREAKOUT,SHORT,2025-12-16|BR|BRF6|BREAKOUT|-1|1,2025-12-16 00:00:00+00:00,2025-12-22 00:00:00+00:00,2025-12-16,58.9,58.87,61.33,61.36,2.3098789107163022,1.2284893829172119,61.33,61.33,5000.0,-4765.761825659405,58.94933583323357,19.612188582960513,98.06094291480703,-4942.384292990403,-4942.384292990407,-0.9884768585980807,-0.9531523651318811,INITIAL_STOP,3,0.733495853002725,0.0,False
BR,BRG6,TF_DONCHIAN,BREAKOUT,LONG,2026-01-13|BR|BRG6|BREAKOUT|1|2,2026-01-13 00:00:00+00:00,2026-01-29 00:00:00+00:00,2026-01-13,64.15,64.18,70.63,70.61,2.132039919315446,1.331718148898012,61.51,67.87,5000.0,11730.24774717689,61.0000036204466,18.102234177742144,72.40893671096342,11578.736572667744,11578.736572667738,2.3157473145335485,2.3460495494353784,ROLL,12,0.34394244937710433,2.7841236165367413,False
BR,BRH6,TF_DONCHIAN,BREAKOUT,LONG,2026-02-11|BR|BRH6|BREAKOUT|1|3,2026-02-11 00:00:00+00:00,2026-02-26 00:00:00+00:00,2026-02-11,70.65,70.68,71.93,71.91,1.4070269418355534,2.0409894512170443,66.59,66.59,5000.0,1529.1469749172102,42.5861459284072,11.946460741540696,47.78584296617636,1426.8285252810913,1426.8285252810858,0.2853657050562183,0.305829394983442,ROLL,11,0.9127096006537109,0.4563548003268537,False
BR,BRJ6,TF_DONCHIAN,BREAKOUT,LONG,2026-03-02|BR|BRJ6|BREAKOUT|1|4,2026-03-02 00:00:00+00:00,2026-03-10 00:00:00+00:00,2026-03-02,73.5,73.53,100.1,100.08,1.4166993180374683,2.0259010899475194,69.47,107.95,5000.0,31996.035378473363,52.20706486895453,12.028584728749387,48.114338914994136,31883.685389960676,31883.685389960665,6.376737077992135,6.399207075694672,TRAILING_STOP,5,0.3704804096454826,9.743153630287004,False
BR,BRJ6,TF_DONCHIAN,BREAKOUT,LONG,2026-03-19|BR|BRJ6|BREAKOUT|1|5,2026-03-19 00:00:00+00:00,2026-03-23 00:00:00+00:00,2026-03-19,114.03,114.06,101.24,101.21,0.45519614167564104,6.40772286128024,101.24,101.24,5000.0,-4943.174747217869,20.799789441626075,3.8648747046269474,19.324373523135613,-4987.163784887253,-4987.163784887257,-0.9974327569774507,-0.9886349494435737,INITIAL_STOP,1,0.6616665494321337,0.40967671869045624,False
BR,BRK6,TF_DONCHIAN,BREAKOUT,LONG,2026-04-06|BR|BRK6|BREAKOUT|1|6,2026-04-06 00:00:00+00:00,2026-04-08 00:00:00+00:00,2026-04-06,113.97999999999999,114.01,94.85,94.83,0.42558965186050096,6.858771888115656,100.29,100.29,5000.0,-6912.623071249868,18.866076871403855,3.6134987303972137,14.453994921592964,-6949.5566417732625,-6949.5566417732625,-1.3899113283546525,-1.3825246142499736,INITIAL_STOP,1,0.5998407892459383,0.03396688806573373,False
BR,BRK6,TF_DONCHIAN,BREAKOUT,LONG,2026-04-29|BR|BRK6|BREAKOUT|1|7,2026-04-29 00:00:00+00:00,2026-04-30 00:00:00+00:00,2026-04-29,114.48000000000002,114.51,114.08,114.06,0.4663631280703551,6.253526731199031,102.0,105.9,5000.0,-158.3875513720205,22.626651635688077,3.9596887843003152,15.838755137194507,-200.81264692920723,-200.81264692920342,-0.040162529385841444,-0.0316775102744041,ROLL,1,0.24708458014034004,0.8046087609698237,False
BR,BRN6,TF_DONCHIAN,BREAKOUT,SHORT,2026-06-15|BR|BRN6|BREAKOUT|-1|8,2026-06-15 00:00:00+00:00,2026-06-29 00:00:00+00:00,2026-06-15,86.29999999999998,86.27,72.89,72.91,0.5863593530050168,4.96822377017364,96.21,86.38,5000.0,6676.202201802535,19.812040762172426,4.9785251318438055,19.914100527366735,6631.4975353811515,6631.4975353811515,1.3262995070762302,1.335240440360507,ROLL,10,0.07069505687218285,1.4736434390257662,False
BR,BRQ6,TF_DONCHIAN,BREAKOUT,SHORT,2026-07-01|BR|BRQ6|BREAKOUT|-1|9,2026-07-01 00:00:00+00:00,2026-07-08 00:00:00+00:00,2026-07-01,72.56,72.53,80.42,80.45,0.7373767513026454,3.9426569797293767,80.42,80.42,5000.0,-4920.948653719853,23.944234257190303,6.260748923307702,31.30374461653993,-4982.457381516893,-4982.457381516891,-0.9964914763033786,-0.9841897307439705,INITIAL_STOP,4,0.509624962357246,0.23916060887035379,False
BR,BRQ6,TF_DONCHIAN,BREAKOUT,LONG,2026-07-23|BR|BRQ6|BREAKOUT|1|10,2026-07-23 00:00:00+00:00,2026-07-27 00:00:00+00:00,2026-07-23,100.27000000000001,100.3,92.61000000000001,92.58,0.7549708839883905,3.8405797672374042,92.61,92.61,5000.0,-4910.161984064433,30.90966199367972,6.410133138465309,32.05066569231889,-4979.532444888895,-4979.532444888898,-0.995906488977779,-0.9820323968128867,INITIAL_STOP,1,0.6794741126773224,0.22948276635705883,False
BR,BRV6,TF_DONCHIAN,BREAKOUT,LONG,2026-09-08|BR|BRV6|BREAKOUT|1|11,2026-09-08 00:00:00+00:00,2026-09-21 00:00:00+00:00,2026-09-08,99.21000000000001,99.24,99.12000000000002,99.09,0.8168095046260482,3.5458711035861397,92.14,99.12,5000.0,-62.41660448123744,34.38634768545376,6.9351782756927856,34.67589137845565,-138.41402182084283,-138.41402182083965,-0.027682804364168565,-0.012483320896247489,TRAILING_STOP,8,0.32179227199214433,1.4591615092057637,False
