universe,family,final_config,wf_oos_sharpe,wf_months,wf_pos_share,neighbors_median_sharpe,dev_sharpe,dev_expectancy_R,dev_trades,p_boot,rule1_wf_sharpe,rule2_pos_months,rule3_plateau,rule4_expectancy,passed,stress_1_expectancy_R,stress_1_sharpe,stress_2_expectancy_R,stress_2_sharpe,candidate
DAY_FUT,TF_EMA_CROSS,"TF_EMA_CROSS|{""fast"": 5, ""slow"": 20}|53283cf9bfaf",1.3777271305175935,5,0.8,0.9300933813254672,1.2679411091330282,0.1168324620528298,104,0.1118881118881118,True,True,True,True,True,0.114167987073099,1.2421628646877514,0.111521471779811,1.216423230304511,True
DAY_FUT,TF_DONCHIAN,"TF_DONCHIAN|{""n"": 40}|a7fc15b4bae1",1.173493004833285,5,0.6,0.0789750591187504,0.5009281059409223,0.0939939488824639,45,0.3206793206793207,True,True,True,True,True,0.088373545145718,0.474188161542791,0.0828626529235918,0.4476017013223394,True
DAY_FUT,CONTROL_RANDOM,"CONTROL_RANDOM|{""p"": 0.1, ""seed"": 3}|1a65f901ec92",1.0394660467852788,5,0.6,-1.5879141709032514,1.121701207001529,0.1064691206122398,73,0.1628371628371628,True,True,False,True,False,0.1031321042806385,1.0899253728609557,0.0998247131188959,1.0582125023739657,False
DAY_FUT,MOM_TSMOM,"MOM_TSMOM|{""lookback"": 40}|53283cf9bfaf",0.9777785748154532,5,0.8,0.7061862606156706,0.7478596007405466,0.0748943101519675,88,0.2277722277722277,True,True,True,True,True,0.0725039749457272,0.7257061980518045,0.0701286726091681,0.7035836972023087,True
DAY_FUT,VOL_RANGE_EXPANSION,"VOL_RANGE_EXPANSION|{""k"": 0.5, ""nr"": 0}|2f03dbdb7a65",-1.150252586801676,5,0.2,-9.48627501319577,-1.381119710659853,-0.0269613468917729,1011,0.8781218781218781,False,False,False,False,False,-0.0400449945048186,-2.0808810003706597,-0.0515238643981218,-2.680816561158225,False
DAY_FUT,MR_ZSCORE,"MR_ZSCORE|{""k"": 1.5, ""n"": 10}|1a65f901ec92",-2.4868741853914904,5,0.2,-0.4285228512950916,-0.9327449182311214,-0.0568001454388037,172,0.8231768231768232,False,False,False,False,False,-0.0589222449116021,-0.9700829140832312,-0.0610252625315904,-1.00726707690049,False
DAY_FUT,MR_RSI,"MR_RSI|{""lo"": 5, ""n"": 2, ""trend_n"": 0}|1a65f901ec92",-2.5403008296646337,5,0.2,-1.088222291471761,-0.8607969593013184,-0.0548822612325356,106,0.8041958041958042,False,False,False,False,False,-0.058033026563667,-0.9125022255153076,-0.0611542695002552,-0.9639648123327544,False
DAY_EQ,TF_EMA_CROSS,"TF_EMA_CROSS|{""fast"": 10, ""side"": ""long"", ""slow"": 40}|53283cf9bfaf",0.22305449902460156,5,0.6,0.37791410955059285,0.37163901658718645,0.14766961255550684,25,0.3156843156843157,False,True,True,True,False,0.13719431788826827,0.3481222409626861,0.1296180541710922,0.33108247688091585,False
DAY_EQ,CONTROL_RANDOM,"CONTROL_RANDOM|{""p"": 0.1, ""seed"": 2, ""side"": ""long""}|1a65f901ec92",-0.18293080594893427,5,0.4,-0.09808766415371817,-2.7277248346727228,-0.1850109817726974,155,0.9820179820179821,False,False,False,False,False,-0.23745246784844978,-3.4395382754273465,-0.24469482221164665,-3.572509931617639,False
DAY_EQ,TF_DONCHIAN,"TF_DONCHIAN|{""n"": 10, ""side"": ""long""}|a7fc15b4bae1",-0.6699147451061536,5,0.4,0.8467066404282328,0.0009545778606850191,0.00027859693540977366,53,0.5114885114885115,False,False,True,True,False,-0.013879226741524087,-0.04831068937588289,-0.027265710695237158,-0.0964910304177482,False
DAY_EQ,MOM_TSMOM,"MOM_TSMOM|{""lookback"": 40, ""side"": ""long""}|53283cf9bfaf",-0.804311865924216,5,0.6,0.6133685410364264,-0.2723409781143428,-0.05440993371078521,48,0.6123876123876124,False,True,True,False,False,-0.06076964088421808,-0.3062063000684929,-0.06750386134517405,-0.34261722171308173,False
DAY_EQ,MR_RSI,"MR_RSI|{""lo"": 5, ""n"": 2, ""side"": ""long"", ""trend_n"": 0}|1a65f901ec92",-2.146276409448815,5,0.2,-0.8557964939978063,-0.30738791414571015,-0.01951118979143753,94,0.5984015984015985,False,False,False,False,False,-0.028746985648380553,-0.45567433685774456,-0.037510735350579714,-0.598292989285182,False
DAY_EQ,MR_ZSCORE,"MR_ZSCORE|{""k"": 1.5, ""n"": 5, ""side"": ""long""}|1a65f901ec92",-2.378792809681943,5,0.4,-0.06607223118302362,0.21233679030640418,0.009471664947661317,180,0.45354645354645357,False,False,False,True,False,0.004081250705640532,0.09223789446512351,-0.001036828327382494,-0.023629644241917915,False
DAY_EQ,VOL_RANGE_EXPANSION,"VOL_RANGE_EXPANSION|{""k"": 0.5, ""nr"": 0, ""side"": ""long""}|2f03dbdb7a65",-6.414124286371747,5,0.0,-9.452019929101112,-3.694907529847515,-0.13800340254595175,718,1.0,False,False,False,False,False,-0.16526766785977867,-4.551050275770953,-0.18557919974190523,-5.299021781804005,False
ID_FUT,TF_EMA_CROSS,"TF_EMA_CROSS|{""fast"": 12, ""slow"": 72}|1b9fc7370929",-10.82764792338517,5,0.0,-9.614682880327445,-9.234401534425805,-0.1997466931954755,6939,1.0,False,False,False,False,False,-0.24393088382653444,-10.636690773555065,-0.28021133011029076,-11.438863766872892,False
ID_FUT,CONTROL_RANDOM,"CONTROL_RANDOM|{""p"": 0.02, ""seed"": 2}|ab41097016d0",-12.216645132564281,5,0.0,-9.799039309195534,-11.258549101848015,-0.22847032654949515,2466,1.0,False,False,False,False,False,-0.26407369165400957,-13.61276297059412,-0.28566770544694403,-15.05329268801451,False
ID_FUT,VOL_SQUEEZE,"VOL_SQUEEZE|{""lookback"": 120, ""n"": 12, ""pct"": 0.1}|297432846773",-13.430888534147027,5,0.0,-13.905239383887594,-12.625194768219536,-0.28857442973155323,1420,1.0,False,False,False,False,False,-0.3550774925803753,-12.92513204133682,-0.4022706685177087,-13.897786169693864,False
ID_FUT,TF_DONCHIAN,"TF_DONCHIAN|{""n"": 12}|5d2d41fc49d9",-13.976067355159085,5,0.0,-15.643599723280158,-14.978985553724119,-0.2854028035329357,9789,1.0,False,False,False,False,False,-0.3385280484298879,-15.083349437781056,-0.38763489650662813,-14.684341041430862,False
ID_FUT,MR_VWAP,"MR_VWAP|{""k"": 2.0}|ab41097016d0",-14.60754718423426,5,0.0,-14.486127524552767,-15.252426495666322,-0.26676264283868156,9248,1.0,False,False,False,False,False,-0.2983610377074529,-14.914880171126377,-0.32862132951893924,-14.36494029566419,False
ID_FUT,ID_ORB,"ID_ORB|{""n_min"": 30}|297432846773",-16.806485137100033,5,0.0,-17.17593399162174,-16.149101618960138,-0.29940833933426086,2293,1.0,False,False,False,False,False,-0.35024592069633326,-19.898388239589792,-0.3867951827707223,-22.984097143547757,False
ID_FUT,VOLU_BREAKOUT,"VOLU_BREAKOUT|{""n"": 24, ""rv"": 3.0}|297432846773",-17.11530906265382,5,0.0,-17.991597404459068,-15.602941296701516,-0.24309679736147327,3922,1.0,False,False,False,False,False,-0.28385874298311725,-18.53229741638475,-0.3207609318909608,-21.38037085279303,False
ID_FUT,MR_ZSCORE,"MR_ZSCORE|{""k"": 2.5, ""n"": 24}|ab41097016d0",-17.73404450318188,5,0.0,-19.64536462452725,-18.343058709498763,-0.2667490490943195,4664,1.0,False,False,False,False,False,-0.29669870617108807,-20.421959106992666,-0.32239250017440324,-21.887151404992817,False
ID_FUT,MR_RSI,"MR_RSI|{""lo"": 5, ""n"": 2, ""trend_n"": 0}|ab41097016d0",-19.80424671099271,5,0.0,-18.206064524532003,-22.092953704284266,-0.23973244030854818,11008,1.0,False,False,False,False,False,-0.271214124675311,-19.708866492017595,-0.3000651413414049,-18.185565397874694,False
ID_EQ,TF_DONCHIAN,"TF_DONCHIAN|{""n"": 12}|745d6d113e75",-6.071901157094652,5,0.0,-11.908817579287486,-9.791752742742212,-0.4147501437912437,22226,0.995004995004995,False,False,False,False,False,-0.538600555394738,-7.772321617928251,-0.6045879191347381,-7.100745194748401,False
ID_EQ,MR_RSI,"MR_RSI|{""lo"": 5, ""n"": 2, ""trend_n"": 0}|ab41097016d0",-11.672785679329651,5,0.0,-21.03702722423899,-15.736268463506832,-0.32794721261163795,16129,1.0,False,False,False,False,False,-0.4069953562686709,-13.250840693158697,-0.47301237150622927,-11.820162058299738,False
ID_EQ,TF_EMA_CROSS,"TF_EMA_CROSS|{""fast"": 6, ""slow"": 36}|1b9fc7370929",-13.298155250437588,5,0.0,-10.52398014853944,-9.874852922087042,-0.3260534838924787,12944,1.0,False,False,False,False,False,-0.4241020050563908,-9.60603425021087,-0.509090830626315,-9.162596554514497,False
ID_EQ,MR_VWAP,"MR_VWAP|{""k"": 1.5}|ab41097016d0",-13.455478809080239,5,0.0,-12.769149921239027,-12.015377403616545,-0.33494815147458934,16011,1.0,False,False,False,False,False,-0.41519370003931516,-10.834719265371278,-0.4838442803025128,-9.870202463885066,False
ID_EQ,MR_ZSCORE,"MR_ZSCORE|{""k"": 2.0, ""n"": 24}|ab41097016d0",-14.965676993948117,5,0.0,-18.605583720400556,-16.31409118834031,-0.31939064820136315,12482,1.0,False,False,False,False,False,-0.38768773795388417,-14.037960226241568,-0.4457575461481303,-12.407217396401085,False
ID_EQ,VOL_SQUEEZE,"VOL_SQUEEZE|{""lookback"": 120, ""n"": 24, ""pct"": 0.1}|297432846773",-16.8107645237815,5,0.0,-18.466010979319314,-14.93910241871375,-0.49977017035872706,1888,1.0,False,False,False,False,False,-0.6251971169909812,-16.61129606025945,-0.6731012365862661,-16.332438210422946,False
ID_EQ,CONTROL_RANDOM,"CONTROL_RANDOM|{""p"": 0.02, ""seed"": 2}|ab41097016d0",-22.104033086154768,5,0.0,-14.426563394657009,-20.014865925816558,-0.3377323412472441,3355,1.0,False,False,False,False,False,-0.43460393110980217,-26.10238074755254,-0.49465099880260377,-28.729303089595284,False
ID_EQ,VOLU_BREAKOUT,"VOLU_BREAKOUT|{""n"": 12, ""rv"": 2.0}|297432846773",-28.064013655825605,5,0.0,-26.11689992302953,-20.50416273629625,-0.3512074305387677,9076,1.0,False,False,False,False,False,-0.4596809877516703,-16.641553920047784,-0.5333477170882124,-14.942139588360472,False
ID_EQ,ID_ORB,"ID_ORB|{""n_min"": 30}|297432846773",-32.47242227264497,5,0.0,-29.172475714203596,-29.0872457126742,-0.4401199665626361,3131,1.0,False,False,False,False,False,-0.5440311165216078,-40.30996087493859,-0.6065785814717106,-48.415589990573906,False
RB_FUT,RBREAKER_2_1,"RBREAKER_2_1|{""breakout_k"": 0.35, ""reversal_k"": 0.07, ""setup_k"": 0.45}|cf6e0a81bf7f",-9.775855619420916,5,0.0,-8.897109052760563,-8.627968283678289,-0.3347905968191656,638,1.0,False,False,False,False,False,-0.3753024367516395,-9.460345392504944,-0.40699428258815007,-10.07188366494747,False
