family,tf,cls,configs,ic_mean,ic_pos_months,top_minus_bottom,ens_oos_mean,ens_pos_months,ens_202601,ens_202602,ens_202603,ens_202604,ens_202605,ens_202606
R_RSI,1,EQ,3456,0.9923120589248439,6,270.3233087231827,-103.10229067523221,0,-98.45423364511562,-90.39035426203344,-107.80978557213297,-107.992805140691,-102.2571468150945,-111.70941861632568
R_RSI,2,EQ,3456,0.9884080161732545,6,202.03846199958207,-73.60122044835559,0,-67.52711581108024,-63.734915974133926,-77.09463704456704,-77.90722182214286,-73.87757064596082,-81.46586139224873
U_SIGNED_VOL,1,EQ,2592,0.9818905092321205,6,128.9218475898282,-57.43538479495678,0,-51.70274700772368,-51.646302074560076,-57.36262837284272,-60.37532264674839,-59.74464149295719,-63.7806671749086
T_HMA,1,EQ,1080,0.981517553249439,6,122.26084607962106,-45.654851691159024,0,-43.90678684936579,-42.024512385440175,-45.130258469559124,-46.90608714388773,-47.06511907791352,-48.8963462207878
U_OBV,1,EQ,432,0.9810834220941764,6,95.83632080160753,-42.93708139150195,0,-39.18787284690939,-40.191935615153156,-42.4560096062025,-43.85176207284234,-44.43922756076639,-47.49568064713791
R_RSI,3,EQ,3456,0.9808638789104575,6,153.42934645932328,-53.774097517306565,0,-47.92482562952771,-45.52474373743397,-56.02105492222809,-56.962350590189466,-54.81109137669581,-61.400518847764346
R_RSI,1,FUT,5184,0.9789242190352763,6,99.9698472044221,-58.607131866979785,0,-56.66146694436669,-49.1874351430722,-63.99679083901468,-61.007896773732284,-58.55961626955792,-62.229585232134916
R_RSI,2,FUT,5184,0.9782919039856309,6,93.17790195616162,-44.85114740534991,0,-42.71616573928832,-38.39801410052997,-48.13971256253642,-46.656396580793114,-45.07728337013539,-48.11931207881625
V_RANGE_EXP,1,EQ,1296,0.9776736359298684,6,101.28318909680375,-40.0399468407675,0,-37.363550756671934,-35.9885508479683,-39.337647825849984,-41.513644428154414,-42.69519781689705,-43.34108936906328
M_ACCEL,1,EQ,864,0.9773669318317975,6,107.130392881882,-73.50382122217523,0,-75.59705014555483,-66.87432150563352,-70.69814492754533,-73.09273022696217,-76.15989579414257,-78.60078473321293
T_SUPERTREND,1,EQ,1944,0.9768763276718434,6,87.23325855770332,-42.424198725479606,0,-38.477850795936824,-39.66218009666864,-41.911168232450784,-44.20777231085752,-44.11894453893379,-46.16727637803005
V_NR_BREAK,1,EQ,648,0.9768504589669637,6,124.39170119726127,-51.61999579024098,0,-47.34123890728526,-46.79373862176258,-51.79950851513072,-54.702316275459275,-52.63179360416453,-56.45137881764348
R_BB,1,EQ,3456,0.9743645834916418,6,126.16281167502774,-57.270717223741805,0,-52.222643716693476,-49.14758718065431,-59.08215905244055,-60.04784003089158,-58.148718178437925,-64.97535518333294
T_DONCH,1,EQ,1080,0.9725155037951086,6,83.97745991350052,-46.194249315575064,0,-40.47665469180847,-43.20889825748294,-46.67047326833241,-48.075404556446586,-48.04666375503229,-50.68740136434769
M_TSMOM,1,EQ,3888,0.9716600743141525,6,89.97930834684337,-33.87400025910653,0,-31.437469971260846,-31.215924782795778,-32.890362692599595,-35.37349397507891,-35.43025925099603,-36.896490881908015
T_DONCH_STOP,1,EQ,1080,0.9712951301557343,6,97.70646670114468,-49.635421625509416,0,-44.074858996245084,-47.14923312783394,-50.14627326453573,-51.76384910982757,-50.81592144558945,-53.862393809024745
R_BB_LIMIT,1,EQ,1944,0.9708212418848804,6,86.22192519291741,-64.09142528718804,0,-55.7557752004327,-52.095399783130304,-66.22613744416618,-69.18804626165395,-65.21311402888237,-76.0700790048628
V_NR_BREAK,2,EQ,648,0.9700634932059411,6,90.40498639281236,-34.13675856428521,0,-30.103059609298544,-32.27527218382812,-34.34607933584419,-36.52722650726336,-34.877933871520675,-36.69097987795639
U_BAR_PRESSURE,1,EQ,864,0.9677883562267415,6,113.15170305049736,-68.10094137417214,0,-66.64188606924621,-64.69399854354286,-63.53396542136507,-70.17371275205079,-74.52582023759354,-69.0362652212344
R_RSI,3,FUT,5184,0.9669369971159605,6,82.17731829976036,-35.88156374700214,0,-35.02272587942128,-30.834244539806996,-38.67216873598363,-36.74329179815678,-35.4719775938187,-38.54497393482545
T_PRICE_MA,1,EQ,2160,0.9655527634088159,6,80.21180302851582,-49.3508205670983,0,-52.88220365827498,-45.428706006238606,-45.71140753973469,-47.38133471576943,-52.61920161944341,-52.082069863128694
U_SIGNED_VOL,1,FUT,3888,0.964747953119435,6,78.36022549398506,-38.149392588413626,0,-35.42874502470757,-34.4167043326974,-39.682261219661186,-40.38061058414822,-38.01788726255071,-40.970147106716695
U_SIGNED_VOL,2,EQ,2592,0.964674860263408,6,85.45173348301229,-34.159503615502786,0,-30.6480467988501,-30.627805316068663,-34.23222159530364,-36.11103129653152,-35.813443533909656,-37.52447315235313
R_RSI,5,EQ,3456,0.9627934503727902,6,98.34645188904618,-34.305023276059785,0,-32.22610818883546,-29.43453210185212,-36.08849574888859,-35.6314854891675,-34.94962404071141,-37.49989408690363
U_OBV,2,EQ,432,0.9620778600787765,6,61.66371466409046,-26.916521586065937,0,-24.55215481007092,-25.49543904990192,-26.66036794650802,-27.737904541584538,-28.19583936422576,-28.857423804104446
R_BB_LIMIT,1,FUT,2916,0.9615406490161021,6,74.2540330790347,-51.110154430260415,0,-47.61750735144076,-42.48192992581263,-56.577755674918784,-53.66193746741165,-50.9845436392464,-55.33725252273229
R_MA_DEV,1,EQ,1944,0.9602276194226321,6,112.22341532363781,-58.480067840531454,0,-53.40865691694997,-50.70500553671223,-59.183484579959014,-61.14071092241679,-61.135569576171044,-65.30697951097967
T_HMA,1,FUT,1620,0.9599182363604997,6,80.08494680527735,-32.07760376996911,0,-29.123023671531826,-30.02624634806099,-33.13274505110474,-34.04603805946216,-31.472708412490608,-34.664861077164346
R_BB_LIMIT,2,EQ,1944,0.9597147162723311,6,70.8725569897638,-43.15707934499428,0,-36.311561259072526,-34.82364317065719,-44.59812998385552,-46.45612152825935,-44.34566492478749,-52.407355203333594
M_ACCEL,2,EQ,864,0.9594335335777844,6,68.2367023066289,-49.14062209232247,0,-50.44321132670763,-44.722347942687335,-46.47730135960892,-49.11199472296667,-51.59071861180012,-52.498158590164074
T_HMA,2,EQ,1080,0.9593614954135666,6,78.2300209952883,-28.109343454222877,0,-26.99739240384907,-26.124397299643196,-27.2347613913501,-29.169008193741355,-29.409870726621225,-29.72063071013231
V_NR_BREAK,3,EQ,648,0.9578276132144921,6,69.47634117561199,-25.12717817952938,0,-22.099334588721412,-23.72651579075861,-25.106030239370373,-26.99313884131594,-25.630348723208865,-27.207700893801082
M_ROC_VOTE,1,EQ,1728,0.9577570981463874,6,76.84507773893202,-52.488006484626446,0,-53.06062010358006,-49.19708833794699,-49.36729185653562,-51.7435498914081,-55.219969345660814,-56.33951937262706
U_OBV,1,FUT,648,0.9570862467028389,6,69.37381335913865,-30.91996475028301,0,-28.099417949466744,-29.736190529255037,-32.1377233567126,-31.860468288824443,-30.15647066278775,-33.52951771465149
U_BAR_PRESSURE,2,EQ,864,0.9552381099425508,6,80.95787301229682,-40.83346141213466,0,-40.86916890250448,-40.21499702948836,-36.64974658752581,-41.52624863233553,-44.63563207838123,-41.10497524257254
T_DONCH_STOP,1,FUT,1620,0.9548643783788541,6,71.30105693380662,-38.60617953839022,0,-34.27416782354527,-37.66948695500257,-39.75368118922364,-40.992343122473784,-37.2712212364415,-41.67617690365458
T_ADX,1,EQ,1296,0.9541106155536895,6,63.23782536048983,-42.41041031675143,0,-38.34936882204229,-38.61611282142486,-44.093408870137665,-45.65305648581291,-43.10206116009084,-44.64845374100002
R_BB,1,FUT,5184,0.9538924355379982,6,78.17315932532354,-39.12617599077655,0,-36.43333850994274,-33.46659027183335,-42.854021975551916,-41.08054010685722,-38.89945533899677,-42.023109741477334
T_SUPERTREND,2,EQ,1944,0.9533566372159727,6,52.27793533491195,-25.02157545574507,0,-22.58508281456478,-24.217685295837146,-24.748852970624842,-26.26866939972105,-25.84251919483347,-26.46664305888912
T_EMA_X,1,EQ,3672,0.9531411972948471,6,62.29792992003987,-26.12292588319843,0,-26.255531906813005,-24.19221841727072,-25.209007730330175,-26.100056428005075,-28.170365904749737,-26.810374912021874
V_NR_BREAK,1,FUT,972,0.9528334707237519,6,83.2310137014626,-35.86832740902878,0,-32.09887370827474,-31.946193944450524,-37.77586080059607,-38.59206089466092,-35.73052990214201,-39.066445204048435
M_TSMOM,1,FUT,5832,0.9486198332735364,6,68.68490719256693,-25.1457355470164,0,-22.611451762035053,-24.257730799673514,-25.91771772566662,-26.567195771254234,-24.86354757756549,-26.656769645903495
T_DONCH,1,FUT,1620,0.9474731183749799,6,61.43037633279966,-35.61584726002085,0,-31.943279287406128,-34.12981170482353,-37.29994743020478,-37.15866475902502,-34.376385865318845,-38.786994513346805
T_PRICE_MA,1,FUT,3240,0.9467725184199353,6,61.013620797216,-42.37371852969323,0,-38.39322758323344,-41.26590145872853,-43.26297068689131,-44.42585981881226,-42.034158298639746,-44.86019333185411
V_RANGE_EXP,2,EQ,1296,0.9467300303203671,6,62.381643416858594,-23.59629854422772,0,-21.690165333230528,-21.522231167555585,-23.1337144356182,-24.57476994624705,-25.001254853327932,-25.655655529387023
R_BB,2,EQ,3456,0.9466153242150132,6,85.28681729163955,-34.58118762961553,0,-30.19275388147174,-29.625205719210516,-36.24743332569936,-36.010920129971026,-35.17575958141235,-40.23505313992815
R_EXTREME,1,EQ,2592,0.9449523070886504,6,79.91669407246026,-30.65941677891386,0,-26.79721285376505,-25.62629658491754,-32.000101030571486,-32.44481884731322,-30.099617001646955,-36.98845435526891
V_NR_BREAK,2,FUT,972,0.9448024393252901,6,66.15994968909773,-25.166071068085255,0,-22.59574102743992,-23.143246369550912,-26.398417878662887,-27.139429532754047,-24.8102297740815,-26.90936182602227
T_DONCH_STOP,2,EQ,1080,0.9446520650944265,6,66.79326621453265,-30.0427913413839,0,-26.528963553562935,-29.799371133568652,-29.480456329842443,-31.444628663187757,-31.25160844138392,-31.75171992675768
T_KELTNER,1,EQ,1944,0.944498071419995,6,66.70854734078964,-48.85583867352464,0,-46.043941503845616,-45.789173795354266,-46.908279251315754,-50.620265220806246,-52.08179066054759,-51.691581609278366
T_PRICE_MA,2,EQ,2160,0.9440067665322128,6,54.777365485213885,-33.551493262776596,0,-36.45594423448581,-31.200138439894996,-30.929131804106497,-32.57806077063988,-36.24597894522403,-33.89970538230834
M_ACCEL,2,FUT,1296,0.9439946500085283,6,52.77698630257732,-38.87192582266986,0,-35.32804428648534,-37.08205970159811,-40.21337724588218,-40.9084860649224,-38.9724022801234,-40.7271853570077
T_MTF,1,EQ,1728,0.9437095884988107,6,66.33046581036632,-39.919860235580394,0,-40.45184571247233,-36.99049096949381,-36.936930103204986,-39.52217859869505,-42.82219051624947,-42.79552551336669
R_BB_LIMIT,2,FUT,2916,0.9436452849679776,6,60.51815753237082,-34.80167371697929,0,-31.661499386684685,-28.978504639896595,-37.61965511336296,-36.958059558098185,-34.94239238102292,-38.64993122281038
V_RANGE_EXP,1,FUT,1944,0.9434630782009809,6,70.41785478096037,-27.593885711022494,0,-26.081428702338858,-25.30068102932194,-28.17934981170376,-29.04966247234341,-27.553817818283232,-29.39837443214377
U_BAR_PRESSURE,3,EQ,864,0.9431671256535502,6,61.50962257766643,-29.48352420605759,0,-30.95339680269216,-29.19540984344036,-27.173216237206116,-29.661245283257603,-31.044507818838827,-28.873369250910486
T_SUPERTREND,1,FUT,2916,0.942350618053328,6,66.47015327459395,-31.782094655851818,0,-28.75041607484088,-29.262131577778998,-31.716527825695014,-34.490085560292094,-31.391328654921303,-35.08207824158261
M_TSMOM,2,EQ,3888,0.941467725385987,6,58.30889966440472,-21.66893257315684,0,-20.1410029137547,-20.288321202539525,-20.75904788772269,-22.516522840813614,-23.01720390972352,-23.29149668438701
T_DONCH,2,EQ,1080,0.9396716700685581,6,53.96928908881179,-27.332619833006806,0,-23.86698661247095,-26.38048822348857,-26.96625505196558,-29.04310231004939,-28.638299517901327,-29.10058728216503
R_BB_LIMIT,3,EQ,1944,0.9392503469927127,6,56.756761318559484,-32.508311268775884,0,-27.112760953515217,-25.887460515007845,-34.01335701576943,-35.16303012389105,-33.050757077675925,-39.82250192679584
R_RSI,5,FUT,5184,0.9382458813330105,6,65.12653001100051,-25.66903542117848,0,-25.886680331597,-23.140316843232902,-27.414427459777915,-26.195969080519603,-25.128639961519294,-26.24817885042417
T_DONCH_STOP,2,FUT,1620,0.9382165560810419,6,53.91623678004927,-24.471125879331307,0,-21.240519059366946,-25.120930085330688,-25.47558182581215,-25.920981466308262,-23.693472317003277,-25.37527052216652
M_ROC_VOTE,1,FUT,2592,0.9378736736133964,6,55.51210781994346,-42.13737099748989,0,-38.577031717422216,-41.02518578753933,-42.718797439577926,-44.37765019322664,-41.71687540586843,-44.408685441304826
U_SIGNED_VOL,2,FUT,3888,0.9371825672721786,6,58.78486892064262,-24.995561332537083,0,-23.27085016717199,-23.65637495345365,-25.75539490227518,-26.341094399442675,-24.578206692654877,-26.371446880224134
U_BAR_PRESSURE,2,FUT,1296,0.9370205283470523,6,60.94885354161511,-32.33415831267445,0,-33.36054414696949,-32.20285127778681,-30.647321161401713,-33.474511674579944,-31.388847185334797,-32.93087442997391
U_OBV,3,EQ,432,0.935917722618049,6,47.20333695016447,-20.11178342145443,0,-18.393941803865033,-19.096064989756254,-19.717093796119023,-20.643321317912836,-21.631721153686392,-21.188557467387046
U_OBV,2,FUT,648,0.9354003681443291,6,50.5150194797248,-20.135060386989412,0,-17.82610231648773,-20.1209520565148,-21.12633389335407,-21.51277966890876,-19.46390174974485,-20.760292636926255
V_REGIME_TREND,1,EQ,1296,0.9351340004321244,6,47.047357966503824,-24.881984151389428,0,-22.794964177591584,-23.609133450601572,-24.27935182454835,-26.790783286921698,-27.050331330071998,-24.767340838601363
M_ACCEL,3,EQ,864,0.9350773416904133,6,52.59334287718579,-36.62582495214488,0,-37.788635166592016,-34.09219460136843,-34.551155045106526,-37.096693185278575,-38.17571561651251,-38.05055609801122
T_HMA,2,FUT,1620,0.9346685204936512,6,58.42535599283713,-20.45529380770653,0,-17.96979032741841,-20.019880017163754,-21.28098019157666,-21.29314430866929,-20.33035542305503,-21.837612578356023
M_ACCEL,1,FUT,1296,0.9344873997983739,6,61.291223072026945,-56.58871904424,0,-52.41827372227827,-52.312728963787215,-57.247083457050834,-59.964827571228895,-56.17907448846513,-61.41032606262962
U_SIGNED_VOL,3,EQ,2592,0.9344637545598671,6,61.26182795809931,-24.490185335283257,0,-22.454095073825997,-22.03148712187519,-24.486291672387896,-25.628446894478646,-25.26107006092844,-27.079721188203386
T_ADX,1,FUT,1944,0.9334198949383022,6,54.72625775908802,-29.522645293922967,0,-26.77525322573796,-27.738737495688337,-32.651587712099904,-30.356312384624704,-29.237676729054197,-30.376304216332713
U_VOL_BREAK,1,EQ,864,0.9323804790932835,6,55.7545646266419,-44.38358240240382,0,-40.192088316602366,-41.46064888162126,-44.42117275482397,-47.52408313160266,-46.49690919852346,-46.20659213124918
R_MA_DEV,1,FUT,2916,0.9323600033195026,6,69.28812260658846,-43.538998913192735,0,-41.17354391591675,-37.66987991960395,-47.474564153297756,-45.49156362694908,-43.49849406855408,-45.9259477948348
R_MA_DEV,2,EQ,1944,0.930670056494573,6,72.23783449603964,-33.794215381921866,0,-29.844819455639843,-29.35645299414849,-34.86149325881179,-35.23275296403805,-34.42708566742323,-39.04268795146978
U_BAR_PRESSURE,1,FUT,1296,0.9305124910480348,6,77.24516639255181,-46.491920675816054,0,-47.204232180235,-43.290791523798994,-44.24407121613161,-48.91374445882161,-45.761121124903184,-49.53756355100593
T_PRICE_MA,2,FUT,3240,0.9291145651566638,6,48.10063050364311,-27.704384440759316,0,-24.118697671718397,-28.024245016219634,-28.687647428544,-29.697682171600256,-27.520514091372252,-28.17752026510136
M_ROC_VOTE,2,FUT,2592,0.9284625066306366,6,43.58889423790706,-27.071902702902737,0,-24.71885350353957,-27.706570240896955,-27.178279042584514,-28.432088575766674,-27.433163406694995,-26.962461447933705
M_ROC_VOTE,2,EQ,1728,0.9272951327300974,6,52.24101746012342,-34.69143469369664,0,-35.8357638067765,-32.83448821277351,-31.641606812913434,-34.66187582107177,-37.320523193860076,-35.85435031478458
T_HMA,3,EQ,1080,0.9271663041549245,6,56.582525867506526,-20.500825373082794,0,-19.5445450533695,-19.810144779510537,-19.343481347117432,-21.398731101031835,-21.23585233465929,-21.672197622808156
T_EMA_X,1,FUT,5508,0.9250406210881786,6,52.24271702082425,-19.33572465860711,0,-16.84437116221663,-20.008890209572034,-20.43613082608947,-20.06728841038248,-18.813240656629034,-19.84442668675302
T_DONCH,2,FUT,1620,0.9239040972815425,6,43.8305706745517,-21.596091086414713,0,-18.879832152350886,-22.100227310955663,-22.38904399766384,-22.86358078436214,-21.282463885288934,-22.061398387866824
U_BAR_PRESSURE,3,FUT,1296,0.9229029629736036,6,49.51679837492626,-25.30585758954405,0,-26.48561778658589,-24.931747631084217,-25.63433291420194,-25.91858305641158,-24.38367218717412,-24.481191961806555
M_ACCEL,3,FUT,1296,0.9215373862315523,6,41.960578010781624,-29.01279253813065,0,-26.022407632741366,-29.026339827455445,-30.212733561293618,-30.33707005772464,-29.810696951847785,-28.667507197721047
T_MTF,1,FUT,2592,0.9198359184392233,6,51.857184804144076,-32.009633295076405,0,-29.336771979455254,-31.641249860658778,-31.893144151308412,-34.24359112789769,-32.05129192292769,-32.891750728210596
V_NR_BREAK,3,FUT,972,0.9173614356542257,6,53.88568430800458,-19.127827603984894,0,-17.635182868708586,-18.722958157624053,-18.94271225069705,-20.808501679277384,-19.016523547941752,-19.64108711966055
R_EXTREME,1,FUT,3888,0.9171473535726796,6,55.653254782744405,-23.028643937101858,0,-22.01046089586175,-19.50652803693245,-26.743336382275043,-23.82955171085093,-21.919184633086452,-24.16280196360453
T_PRICE_MA,3,EQ,2160,0.9171409807385059,6,43.49711989900201,-26.20075847899622,0,-28.107476803460145,-25.44739132865778,-23.783201117401525,-25.66349706194371,-28.151103610986343,-26.051880951527803
T_SUPERTREND,2,FUT,2916,0.9159117049349382,6,41.398087753327886,-18.420500519508376,0,-15.903822706494752,-18.068935575861662,-18.571979981416263,-20.048498721849825,-18.20777303690166,-19.721993094526102
R_VOLSPIKE_FADE,1,EQ,864,0.9156525322166083,6,48.900524859898525,-38.514117780926604,0,-34.788896934365425,-32.55327155330218,-37.40488001855352,-41.55779057213823,-40.832540868315405,-43.947326738884875
T_DONCH_STOP,3,EQ,1080,0.9152979224789127,6,51.02109911675195,-21.99754288194961,0,-19.06489991238788,-22.727689585295344,-21.027282875373047,-22.983650366010927,-22.91625979060591,-23.265474762024546
T_ADX,2,EQ,1296,0.9136628367545873,6,43.697730000884626,-25.316521158895046,0,-21.76683927786008,-23.64005010264751,-25.73782259006903,-27.903007217514045,-26.514026047443508,-26.337381717836124
T_SUPERTREND,3,EQ,1944,0.9104455983000573,6,37.522829983907464,-17.671881094802785,0,-16.06736351341153,-17.2735702005503,-16.870847484257318,-18.5863734697182,-18.604314918609997,-18.62881698226935
R_RSI,10,EQ,3456,0.9094933312148118,6,52.203025593703465,-18.73368639417163,0,-17.678650095765914,-16.567899421965667,-20.294420001719278,-19.012957922670804,-18.28922508947733,-20.55896583343079
R_BB_LIMIT,3,FUT,2916,0.9087749556749923,6,48.14212528243021,-26.165638539045514,0,-23.496253433443087,-21.18584939026093,-28.358489863961868,-28.782934051181225,-25.492411868799984,-29.677892626625972
V_SQUEEZE,1,EQ,1728,0.9074334883713027,6,38.69213315665075,-32.015353554681475,0,-28.49072670425659,-29.164735496028335,-32.445932988487854,-33.45895923398108,-34.38245032407831,-34.149316581256635
T_KELTNER,2,EQ,1944,0.9073317964998425,6,44.57319075500747,-29.188980191993767,0,-27.341097428851615,-27.66518096380329,-27.826235331305345,-31.02700021852968,-31.508540516128587,-29.76582669334411
R_VOLSPIKE_FADE,1,FUT,1296,0.906821325173146,6,41.685171013780874,-25.090731114517613,0,-22.915778839981407,-22.191345318522995,-25.645783367381195,-26.483106735466826,-26.459433476632466,-26.848938949120786
M_TSMOM,2,FUT,5832,0.9037472501400913,6,48.66982094581192,-15.899553076648035,0,-14.109300000952498,-16.1800224195914,-16.456395953505645,-16.79243334686762,-15.916274574199953,-15.94289216477109
R_BB,3,EQ,3456,0.9037373935356053,6,62.78222052904411,-24.564844670365687,0,-21.402593456542395,-20.543332690490395,-25.794399421321444,-25.63631510921931,-24.739095402817707,-29.27333194180286
T_DONCH_STOP,3,FUT,1620,0.9034329948106777,6,41.9359393433911,-17.628955711518866,0,-15.098466096216073,-19.13595301055341,-18.247085102751992,-18.622417694559694,-17.24148546285389,-17.42832690217814
R_BB,2,FUT,5184,0.9032329950986347,6,58.396993732220444,-25.115364092324082,0,-22.832705735047657,-21.24343665845796,-27.778181440939175,-26.819936870490572,-24.587826694309687,-27.430097154699435
V_NR_BREAK,5,EQ,648,0.9023560570705585,6,46.68327540343705,-16.559179965907035,0,-14.971706656982832,-16.37138337741518,-16.34054586191363,-17.897713185998704,-16.85594466824553,-16.91778604488635
M_ROC_VOTE,3,EQ,1728,0.90115948354299,6,38.86851113470834,-25.788054701546326,0,-27.103220070627845,-24.596426011295218,-22.883109922006188,-25.845789261116238,-28.246913106900028,-26.05286983733241
T_KELTNER,1,FUT,2916,0.9006607273456679,6,50.56232730533613,-38.9448431517743,0,-35.73851911768504,-37.187543489908315,-39.00286332675195,-41.4109582621127,-38.638222238076324,-41.69095247611151
U_SIGNED_VOL,3,FUT,3888,0.9005940659317816,6,45.16547092387575,-18.776190760289612,0,-17.403103115024393,-18.276782666491638,-19.573592248075823,-19.49379658861342,-18.398195206240086,-19.511674737292314
T_MTF,2,EQ,1728,0.8995273313493226,6,44.444676880991494,-26.650166082362464,0,-27.745500508083197,-25.043367083360867,-24.420312204012003,-26.460673272669155,-29.118901256103314,-27.112242169946267
T_DONCH,3,EQ,1080,0.8992403288843441,6,38.7201416352811,-19.287071015178565,0,-16.637233533912326,-19.6702528288556,-18.581846868446632,-20.473819068187346,-20.237473260281288,-20.121800531388196
U_BAR_PRESSURE,5,EQ,864,0.8984169608456054,6,38.58022508802004,-19.68897474155035,0,-21.093176457921224,-18.66519983840738,-18.262782031468916,-19.122713495290387,-20.752196090663798,-20.237780535550385
V_REGIME_TREND,1,FUT,1944,0.8974171883241002,6,38.940304128190874,-18.081382362423096,0,-16.152473847330466,-18.631497385572533,-18.854343966987386,-19.233319330021466,-18.74659724278069,-16.870062401846024
M_TSMOM,3,EQ,3888,0.8966777101647735,6,43.8809838290073,-16.088141770709832,0,-14.966113221153687,-15.605715685946306,-15.274458509200018,-16.799091106259258,-17.37984100984152,-16.503631091858193
M_ACCEL,5,EQ,864,0.8950862772765463,6,35.86028189983492,-25.59915363796988,0,-26.062914125902267,-23.93981769767315,-23.736389068051942,-25.773491042906183,-27.00398558128445,-27.078324312001314
U_VOL_BREAK,1,FUT,1296,0.8950337748865715,6,41.67721499303328,-33.190962313869825,0,-30.391362074946333,-32.93342136581313,-33.398313146061916,-34.53025713214679,-32.84511671386922,-35.04730345038152
V_RANGE_EXP,2,FUT,1944,0.8934705597049342,6,46.426384155827925,-16.47035198198229,0,-15.1926741347461,-15.162130438747878,-17.06059382109251,-17.720371076895578,-16.493632104005968,-17.19271031640571
V_RANGE_EXP,3,EQ,1296,0.8922284043782374,6,42.59693415739267,-16.427110375042357,0,-14.903011158117138,-15.227039072744375,-15.626515216159,-17.023564762852462,-17.28428591729774,-18.49824612308342
U_OBV,3,FUT,648,0.8913862782872792,6,37.063075337010275,-14.620193637448287,0,-12.837753549345193,-15.441606541140949,-15.130482790632733,-14.879525891451646,-14.27326408896174,-15.15852896315745
T_EMA_X,2,EQ,3672,0.89111639411758,6,38.028924949413316,-16.36054942218379,0,-16.405195080579176,-15.293598378705651,-15.350229516242097,-16.661624092211266,-17.915805687562973,-16.536843777801586
T_HMA,3,FUT,1620,0.8897904182426938,6,44.65300305716985,-15.105708886035401,0,-13.44129333018439,-15.109650848051807,-16.072664691677502,-15.652446667218557,-15.126816469110683,-15.231381309969473
M_ROC_VOTE,3,FUT,2592,0.8854735934164824,6,32.82049465925111,-19.755238311210316,0,-18.141203423225992,-20.81519518655225,-19.988336111377986,-20.364343935334333,-20.86970255546443,-18.352648655306915
V_SQUEEZE,1,FUT,2592,0.8841074655638318,6,37.703422533959966,-27.820545464873295,0,-24.85756931156421,-27.306616867703944,-26.983169827012503,-29.53039769017624,-27.099687890757902,-31.145831202024954
I_OVERNIGHT,1,FUT,144,0.883278387542047,6,50.745602303172,-22.421937518363634,0,-21.698981747090684,-21.177225570997823,-23.737995711259906,-22.655954128786977,-21.72926160271667,-23.53220634932975
T_MTF,2,FUT,2592,0.8829529963119769,6,37.777791557784376,-20.607196938020696,0,-18.87461187488512,-21.941286228436933,-20.60950197159964,-22.457338633643168,-20.52772257983058,-19.23272033972874
T_PRICE_MA,3,FUT,3240,0.882153937013315,6,38.31010732719641,-20.522071499153608,0,-17.98807703857876,-22.08254307164429,-20.685967229503287,-21.8014036147176,-20.451994697589203,-20.1224433428885
M_ACCEL,5,FUT,1296,0.8820410811736948,6,31.838060319932435,-19.107495833036943,0,-16.32875452983736,-19.214835341553922,-20.816708495015426,-20.010758487117016,-19.1959510780362,-19.077967066661728
R_MA_DEV,2,FUT,2916,0.8819502616329703,6,49.826706557480605,-25.584215696804637,0,-23.990079909472378,-22.17664139516958,-28.08524083703297,-27.128749997567475,-25.03370704424264,-27.090874997342766
R_MA_DEV,3,EQ,1944,0.8816033965596924,6,49.35152570289057,-23.189339519375196,0,-20.461663837631498,-19.662578136844587,-24.13311037493487,-24.074032687435317,-23.269921358797664,-27.534730720607254
R_EXTREME,2,EQ,2592,0.8792674188931043,6,46.3996450953619,-18.318608629381437,0,-16.48851918359931,-14.076590544008962,-18.940607182469527,-19.442901396553022,-18.479869834822882,-22.483163634834924
R_BB_LIMIT,5,EQ,1944,0.8786502072640451,6,37.43707355255067,-20.8494666123652,0,-17.50786023618923,-16.73743108533978,-22.36884244737477,-22.43113958186673,-21.17142614315189,-24.8801001802688
T_KELTNER,2,FUT,2916,0.8769839082583452,6,35.47038567559974,-22.46098631503421,0,-20.18909859174699,-22.623648420326678,-23.017453726805027,-24.066008164410757,-22.442893092249136,-22.42681589466665
T_DONCH,3,FUT,1620,0.876573003943033,6,32.61426398875171,-15.055175369531076,0,-13.119959406216589,-16.63099955987976,-16.44118747440693,-15.543328391768066,-14.56787142585119,-14.027705959063915
I_OVERNIGHT,1,EQ,96,0.8739130434782609,6,31.62271212143796,-43.516253071836076,0,-42.04269255482583,-40.726002328861846,-44.18302275394621,-44.56786438961365,-43.17436056083066,-46.403575842938245
U_SIGNED_VOL,5,EQ,2592,0.8699287044197185,6,40.28284862428471,-16.180949456438615,0,-15.669318026224948,-15.186943719724303,-16.01014838131715,-16.2593364657848,-16.516755495505695,-17.4431946500748
U_VOL_BREAK,2,EQ,864,0.8685052311134033,6,34.90538196318186,-26.10194218168495,0,-23.76032782823176,-24.94173985118728,-25.201078383618643,-28.41020401986036,-27.543320836084316,-26.75498217112734
R_VWAP,1,EQ,1296,0.8672530187050876,6,33.8474960648301,-17.92429791345604,0,-18.24960203320737,-15.829721353489097,-17.855843756650938,-18.105670597178932,-17.36217496825539,-20.14277477195454
U_BAR_PRESSURE,5,FUT,1296,0.8632991049137054,6,32.79809588164414,-16.89685488630259,0,-16.93818667598201,-16.79721803915514,-16.802584903606924,-17.399593772906936,-16.431038183935613,-17.01250774222892
T_DONCH_STOP,5,EQ,1080,0.8629900564805771,6,33.72890834202419,-13.99996560739587,0,-12.025781977890725,-14.419659031096772,-13.093302931314103,-14.571323276790874,-15.385277550179921,-14.504448877102813
U_OBV,5,EQ,432,0.8625935511501601,6,31.895127753757247,-13.676181001434111,0,-13.178464705348471,-13.750853266855863,-13.020953312788514,-14.01539253218045,-14.905088059247575,-13.186334132183791
T_MTF,3,EQ,1728,0.8601206578211057,6,33.482436617736994,-19.81102352193314,0,-20.900032659575526,-19.25237311083606,-17.848901984048535,-19.673223755881864,-21.88712107099785,-19.304488550259016
R_RSI,10,FUT,5184,0.8589843439573105,6,39.62079662124241,-14.674939254563348,0,-15.200717383570531,-13.120044913547702,-15.47719908431223,-14.933864743596882,-14.170512699293171,-15.147296703059586
T_HMA,5,EQ,1080,0.8585833772084789,6,38.162618217975385,-14.095548629649253,0,-13.156261555173176,-13.338654417778063,-12.731879961759118,-14.442320261068,-15.651845703693764,-15.252329878423394
T_ADX,2,FUT,1944,0.8556416433044559,6,34.84982152634725,-17.16719457805228,0,-13.676511522905075,-17.2337145998539,-20.11667230765222,-18.209848001644133,-16.635411103436425,-17.131009932821932
V_REGIME_TREND,2,EQ,1296,0.8556096142770521,6,31.39037058209477,-14.88046711025737,0,-13.724725783274055,-14.695278360229075,-14.524574240340463,-16.229895502417218,-16.65095104290016,-13.457377732383256
T_KELTNER,3,EQ,1944,0.855580003743862,6,31.542159390074346,-20.424983516278697,0,-18.87955439054218,-19.86577109663177,-19.303240772902026,-21.784956547415305,-22.270403072723244,-20.445975217457658
T_ADX,3,EQ,1296,0.8553357672414951,6,31.400308027073148,-17.945908818696655,0,-15.750134416674491,-16.777748083934608,-18.5600642499185,-19.006828459365565,-18.964934410519753,-18.615743291767004
T_SUPERTREND,3,FUT,2916,0.8552766081200391,6,30.382984623652344,-12.713149621685892,0,-11.132993276570609,-13.020986207480444,-13.058256884403333,-13.187177495547804,-12.539299622245133,-13.340184243868038
R_VOLSPIKE_FADE,2,EQ,864,0.8539410536599065,6,32.11167137049151,-21.78135514338197,0,-18.963812439333903,-16.05985578316402,-21.432966551031633,-23.576002957993186,-23.87703574361009,-26.778457385158962
R_RSI,15,EQ,3456,0.8528451503874875,6,35.41604122437641,-13.18516308974761,0,-12.591275412788905,-10.568932371772672,-14.581977236561547,-13.392138291669806,-12.428478417047467,-15.548176808645264
T_PRICE_MA,5,EQ,2160,0.8521091486145007,6,30.906781178614576,-18.09484725647273,0,-18.95643975501131,-18.00088012072308,-16.466560785096434,-18.06306602562929,-19.571213231842584,-17.51092362053368
M_TSMOM,3,FUT,5832,0.8519369113875818,6,36.77993721700885,-11.68253748355398,0,-10.370395264774437,-12.548239306257804,-12.09766649394431,-12.336090825709267,-11.714656325154069,-11.028176685483995
R_BB,3,FUT,5184,0.845847929630921,6,44.081693520020714,-18.45682901269055,0,-16.293419211200924,-15.400560857031321,-21.203949110266336,-19.586965918592384,-17.756790973775356,-20.499288005276988
M_ROC_VOTE,5,EQ,1728,0.8438578736202772,6,27.554057337612637,-17.70717341818683,0,-18.594759675332064,-16.66222557618883,-15.421015632167112,-17.70277972118184,-19.455839585998202,-18.40642031825294
V_NR_BREAK,5,FUT,972,0.8436731482933016,6,39.38051793333391,-13.232826959376375,0,-11.444156102710835,-13.700334191925675,-12.416949780080104,-14.560124993917835,-14.408130383314745,-12.867266304309057
R_EXTREME,2,FUT,3888,0.8365768225297291,6,35.653914272129306,-15.629023978254429,0,-16.147315922494847,-12.227061170587083,-16.623369563376432,-15.335486943643247,-15.58877633516175,-17.85213393426321
R_BB,5,EQ,3456,0.8327729826836512,6,37.231343377075916,-15.039737256049762,0,-13.13914526017253,-12.757940408754848,-15.740938587560196,-15.810900844921365,-14.940852349458698,-17.84864608543092
T_DONCH_STOP,5,FUT,1620,0.8319179536967551,6,28.94391621651974,-11.256881837634923,0,-9.727349392878843,-13.186318847175382,-11.590948803259442,-11.664835224710432,-11.21133582772063,-10.16050293006481
T_EMA_X,2,FUT,5508,0.8314566808059775,6,32.53537654745147,-11.583445074338284,0,-9.650544103491818,-12.561801188455195,-12.68721447375134,-12.269598405857375,-11.18241462054059,-11.149097653933378
T_MTF,3,FUT,2592,0.8282399586293935,6,27.990713700688655,-14.91918298812593,0,-13.307776181757799,-16.704316149341043,-14.75763762228801,-16.09606079954693,-15.721857727145826,-12.92744944867598
U_VOL_BREAK,2,FUT,1296,0.8271237101550647,6,26.468752105770392,-19.11544114262134,0,-17.910171354310478,-20.885434084373596,-19.00844789424161,-19.61261446818016,-19.4881497907446,-17.787829263877597
R_BB_LIMIT,5,FUT,2916,0.8260191474036814,6,33.072831776184465,-17.790338564766177,0,-16.19788160925578,-13.720277830285495,-18.628307997748188,-19.606642131409703,-17.57482755760085,-21.014094262297036
V_RANGE_EXP,3,FUT,1944,0.8225120871061361,6,31.148628312214402,-11.308836946617868,0,-10.019533440281196,-10.64272117289991,-11.881657753395505,-11.94815562392221,-11.214749546687028,-12.146204142521368
T_EMA_X,3,EQ,3672,0.8191658371187804,6,28.50555267516116,-12.312983817433514,0,-12.062007214305863,-12.01164884112027,-11.334132318313946,-12.635918550787316,-13.741130397412784,-12.093065582660907
T_DONCH,5,EQ,1080,0.8183690572437046,6,25.42932644886264,-12.37752365849736,0,-10.753195448019287,-12.08893675332272,-11.998831312609541,-12.897353517015311,-13.665022872439652,-12.86180204757765
R_VOLSPIKE_FADE,2,FUT,1296,0.8180192444064486,6,28.351120868490508,-16.724232328220726,0,-16.153279859401426,-12.98548180654263,-16.280933163928108,-17.827625596946802,-18.07621457702014,-19.021858965485247
M_ROC_VOTE,5,FUT,2592,0.8158300581822339,6,23.597932471183267,-12.35951389788792,0,-11.237344904113414,-14.145048561279925,-12.182873759475031,-13.076677646397602,-12.795442405409181,-10.719696110652363
U_SIGNED_VOL,5,FUT,3888,0.8107740186946663,6,31.329183458041843,-13.089001476637003,0,-12.170093835265387,-13.318457784273178,-13.839602808186601,-13.183576543798575,-12.785551649656712,-13.236726238641568
R_MA_DEV,3,FUT,2916,0.8102601178441787,6,35.86305067845594,-18.010802252986053,0,-17.028077285109546,-15.688410705454597,-19.310057288203247,-18.824407869421453,-17.333627473750067,-19.8802328959774
V_SQUEEZE,2,EQ,1728,0.8082177616308526,6,23.534057762236927,-19.343394090871847,0,-18.271728144051057,-18.07671004074896,-19.44635052355623,-20.65561405306587,-20.7594767309167,-18.850485052892257
R_EXTREME,3,EQ,2592,0.8077154777188916,6,32.37059067289525,-13.360651975235088,0,-12.627810350529424,-10.11236309643527,-13.05420981933193,-13.675684419894852,-13.626034679860375,-17.067809485358676
M_TSMOM,5,EQ,3888,0.807165254537053,6,30.644875993493326,-10.979689464280277,0,-10.528006453993441,-10.834175432235453,-10.237942945625546,-11.203162122132717,-12.27491136334569,-10.799938468348813
T_KELTNER,3,FUT,2916,0.8060764317934789,6,25.72802781800938,-15.246617168608267,0,-13.460637606721983,-16.21571979084251,-16.122790994079114,-15.792107369971452,-15.768942461506859,-14.11950478852767
R_VWAP,1,FUT,972,0.8041748392233816,6,29.116192490679456,-14.94103642676631,0,-13.670023105007317,-12.88484626853209,-16.770303562185617,-15.718904990640487,-14.037896224240626,-16.56424440999173
U_OBV,5,FUT,648,0.7974769134079586,6,24.694264313133843,-9.555709136767502,0,-7.995766892762458,-10.688089556786156,-10.337164799279055,-9.528299063816473,-9.338691714180461,-9.446242793780414
T_HMA,5,FUT,1620,0.7974007128162773,6,30.154284543279868,-10.027876636174808,0,-8.446745993814634,-10.823120810279942,-10.745740773487569,-9.875547831178636,-10.436301978441982,-9.839802429846081
U_VOL_BREAK,3,EQ,864,0.7952088376965637,6,25.147308450586795,-17.986161091686103,0,-16.518498153624186,-18.408267350630688,-16.494682827368198,-19.42019603649798,-19.18746300445755,-17.887859177538004
T_SUPERTREND,5,EQ,1944,0.7941743391416988,6,23.18357518186519,-11.675664343390025,0,-10.646078744328308,-10.883604513619941,-11.219683583075355,-12.058742735594064,-13.232855336375977,-12.0130211473465
V_NR_BREAK,10,EQ,648,0.7930420320766028,6,27.466347245712296,-10.005189082415866,0,-8.882687239827794,-9.810687227492478,-9.116890467361914,-10.957707047371882,-11.638092950876128,-9.625069561565
I_ORB,1,EQ,1728,0.7926283885238418,6,21.755310461713453,-11.825075958949014,0,-10.09896689124604,-11.493341061036674,-11.614739104566368,-11.73147962944915,-12.922721044819209,-13.08920802257664
M_ACCEL,10,EQ,864,0.7907127823321698,6,22.785864376891293,-15.146557175477264,0,-14.58713571128087,-13.848758663522355,-14.087461425404026,-15.791368336312852,-16.700401870033907,-15.86421704630957
T_PRICE_MA,5,FUT,3240,0.7871092058124455,6,25.92839976107049,-13.03388779091546,0,-11.160918023010563,-14.576600130003913,-13.534062817112876,-14.321416294510458,-12.953004990638554,-11.6573244902164
V_SQUEEZE,2,FUT,2592,0.7853873466251734,6,23.088611769650626,-16.21759663279928,0,-14.975827091944582,-17.02013332421461,-16.078587274591662,-16.617960295160728,-15.71166782943834,-16.901403981445757
V_RANGE_EXP,5,EQ,1296,0.7845178328087606,6,26.202443694006305,-10.367963951358346,0,-9.35371334544703,-9.70136297521798,-9.592422352832584,-10.867184261795217,-10.910820634331543,-11.782280138525726
V_REGIME_TREND,2,FUT,1944,0.7804045305832493,6,22.945615309442672,-10.136216033502025,0,-9.604961894222358,-11.598287776466364,-9.95906321089735,-11.29097418961262,-10.237894108009666,-8.126115021803795
R_EXTREME,3,FUT,3888,0.779706959511624,6,26.69277911836942,-11.653932297814462,0,-12.800709727709902,-8.637267824796634,-11.207134699538951,-11.802112496749436,-12.201526819050114,-13.274842219041728
R_MA_DEV,5,EQ,1944,0.7753254888639928,6,29.5599261420264,-14.19057479699486,0,-12.495385329126208,-12.093868159697617,-15.03126513832887,-14.739589354225412,-13.889361100519062,-16.893979700071977
R_VWAP,2,EQ,1296,0.7739400784890509,6,24.36194017382881,-12.48175098883632,0,-12.619533205421472,-10.380892248582073,-12.887122723179168,-12.323820036514023,-11.732125625500434,-14.947012093820739
T_MTF,5,EQ,1728,0.7719424425592116,6,22.810112397640882,-13.665209453008933,0,-14.6366161825875,-13.359552297399048,-12.472424930792483,-13.059151484471082,-15.454392711336835,-13.009119111466644
R_VOLSPIKE_FADE,3,FUT,1296,0.7686358806385725,6,22.60631615421185,-12.696971520726,0,-10.507693853732622,-9.518655793792279,-12.32514484480774,-14.31494014788309,-14.583710656597397,-14.93168382754287
T_DONCH,5,FUT,1620,0.7679483079350032,6,20.874792488252798,-9.455382789529375,0,-7.757357547518147,-11.41887421517679,-10.482711211162174,-9.08568629750465,-9.588250275958655,-8.399417189855832
I_ORB,1,FUT,1296,0.7622159102481522,6,19.134847202011894,-9.861356878803837,0,-7.5896544200751705,-11.962214237831352,-11.794621205486333,-9.913810366678161,-9.941051457495107,-7.9667895852569055
V_REGIME_TREND,3,EQ,1296,0.7609527396471627,6,22.579134328294106,-10.655696573111197,0,-10.038038149100695,-10.839835504523522,-10.089480388567923,-11.35482620293255,-12.496931897892239,-9.115067295650247
V_SQUEEZE,3,FUT,2592,0.7589054357042344,6,19.204348155129825,-12.243871994176667,0,-11.441114043303926,-12.901177318740602,-12.382826929611555,-11.774589094950947,-13.050933642452666,-11.912590936000319
U_BAR_PRESSURE,10,EQ,864,0.7584117325295786,6,20.891375782137274,-12.527910977476651,0,-12.037673758612215,-11.322595578734859,-10.853193915229928,-12.296561386229241,-14.230878253385088,-14.426562972668576
U_VOL_BREAK,3,FUT,1296,0.7544981245947276,6,19.046768631040567,-13.471863120112138,0,-12.175350482563749,-15.451338196057392,-14.327354055846042,-13.329672429210913,-14.363950180856616,-11.183513376138103
V_SQUEEZE,3,EQ,1728,0.7520226340625268,6,18.826004154619604,-14.220199623933281,0,-12.747694213150387,-13.77068529849136,-13.590028855070612,-15.375375843083363,-15.617666413396385,-14.219747120407574
R_BB,5,FUT,5184,0.7511439541782234,6,28.92084038754111,-12.34271268587652,0,-11.470104264781211,-10.012533257218402,-13.640186464146328,-13.015814810275765,-11.68116065884611,-14.236476659991302
T_KELTNER,5,EQ,1944,0.7507911977767074,6,20.850366560826412,-12.865506822385306,0,-11.777665142043023,-12.276189473133124,-11.901901718308455,-13.791450197340454,-14.516479245025765,-12.929355158461023
T_ADX,3,FUT,1944,0.749424383845042,6,23.319442680601597,-12.559335146160768,0,-10.078247138286466,-12.741839069189025,-15.042909492390972,-13.074828096308911,-11.73469196016169,-12.683495120627533
T_EMA_X,3,FUT,5508,0.7462399665579591,6,23.556427250243445,-8.347240327021625,0,-6.931898377536306,-9.479973971091631,-9.333368082218216,-8.581311526436881,-7.83387145836705,-7.92301854647967
R_VOLSPIKE_FADE,3,EQ,864,0.7405535604291957,6,21.066200660302684,-15.51278727337949,0,-14.433898146734602,-11.221055187631267,-14.97002217175894,-16.484862262777593,-16.399744968700332,-19.567140902674197
T_ADX,5,EQ,1296,0.7391326965831359,6,20.13282180768998,-11.655242878214509,0,-9.970753697928439,-11.20602830490554,-11.987429411827675,-11.892539406962891,-12.245790556823666,-12.628915890838844
T_DONCH_STOP,10,EQ,1080,0.7382960973300127,6,19.7483512423128,-7.951197319089541,0,-7.2492700378486035,-8.232233428925298,-7.516635894578023,-7.759978419151614,-9.432507937555133,-7.516558196478578
R_RSI,15,FUT,5184,0.7361582910920835,6,26.956600809686034,-10.331548993994423,0,-11.021577010292589,-8.224170181066217,-10.177678700106192,-10.593016318439592,-9.518450760799043,-12.454400993262903
R_BB_LIMIT,10,EQ,1944,0.7311835457632784,6,20.208637773513825,-11.22779185597414,0,-9.55558645886828,-9.10466607023675,-12.026540095421986,-11.737013056870717,-10.972472937483078,-13.97047251696403
M_ACCEL,10,FUT,1296,0.7267529234849911,6,18.413314157980064,-10.668622155533397,0,-8.860545068248511,-11.154725974997776,-11.908743172744698,-10.607319595439273,-11.342858217249049,-10.13754090452108
M_TSMOM,5,FUT,5832,0.7199021939701679,6,25.292063364842644,-7.671535702468229,0,-6.858463281209819,-8.94268598805331,-7.698604071160529,-8.02093758783472,-8.131652019914258,-6.376871266636738
T_MTF,5,FUT,2592,0.717654923364028,6,18.729449001296874,-9.429235733764747,0,-8.7838834437924,-11.700273784140688,-9.230993876103353,-10.515807020560844,-9.435870421403605,-6.908585856587594
T_HMA,10,EQ,1080,0.7175709090463389,6,22.570082179608708,-8.744424097478756,0,-8.148063706983997,-8.244744773925934,-7.778233774181469,-8.960942821103107,-10.145749028396963,-9.188810480281063
I_PDAY_BRK,1,EQ,288,0.7159968384106316,6,17.200670337393117,-7.892299483053116,0,-7.376849792051782,-8.00434496956121,-6.38884936499709,-7.596374270369798,-9.70368801174504,-8.283690489593782
U_SIGNED_VOL,10,EQ,2592,0.7116411003502202,6,20.30020032242153,-9.363284867832236,0,-8.72625560000064,-8.907878482359404,-9.390675012396485,-9.458879805652263,-9.89339750972557,-9.802622796859046
T_SUPERTREND,5,FUT,2916,0.7006811286289256,6,18.13821154012145,-7.6677706500423986,0,-6.37107231685,-8.31301602601636,-8.328595800263923,-7.6347999894921195,-7.9692485055509925,-7.3898912620809964
U_BAR_PRESSURE,10,FUT,1296,0.6977889344785903,6,17.3069891478173,-10.124772054497084,0,-10.032058713118538,-10.177734456690885,-10.31308452283526,-9.344368800781382,-9.606967522988464,-11.274418310567976
U_OBV,10,EQ,432,0.6973155525866072,6,17.748788886285322,-7.8812996776828825,0,-7.265751179046101,-7.557582045688814,-6.150413445402221,-9.084235203470842,-8.865096894839182,-8.36471929765013
V_NR_BREAK,10,FUT,972,0.6942751624090603,6,22.106917176608903,-7.454243935435904,0,-6.800003239473813,-7.671245261548338,-6.96481020440599,-8.989502294592604,-7.677907188083467,-6.621995424511207
M_ROC_VOTE,10,EQ,1728,0.6926096823504947,6,15.835504790203041,-9.817329593461125,0,-9.965834703370378,-9.551964427148434,-8.654321895467596,-9.697427111424476,-11.753409301604185,-9.28102012175168
V_RANGE_EXP,5,FUT,1944,0.6903751043393994,6,20.09336829091633,-7.1853542581479575,0,-6.4503925452583495,-7.031634877813099,-7.0147245917084655,-7.834424018907005,-7.085963761969027,-7.694985753231795
R_EXTREME,5,EQ,2592,0.6877487181501801,6,20.696110819426895,-8.936408214518954,0,-9.208374568488052,-6.492146290756989,-8.659320778951242,-9.27629850062357,-9.08875874883117,-10.893550399462693
T_PRICE_MA,10,EQ,2160,0.684547397998747,6,18.149871665695912,-10.384726431370588,0,-10.679263256704713,-10.631747989830773,-9.500012561134499,-10.70413966707714,-10.904243779714552,-9.888951333761852
V_NR_BREAK,15,EQ,648,0.6826567646737226,6,17.863475349589407,-7.069007097316486,0,-5.520106035591769,-6.8476617476135475,-6.211733548523918,-7.924700071907209,-9.234362172819718,-6.675479007442756
I_PDAY_BRK,1,FUT,216,0.6819045310252116,6,15.305087866630068,-5.318063159946724,0,-5.8636062169958585,-5.835079108333923,-5.453348789041559,-6.707006649941015,-3.9770389368787757,-4.072299258489209
T_EMA_X,5,EQ,3672,0.6791330924403619,6,18.55269010025666,-8.425139435612804,0,-8.11308443693829,-8.245424632407634,-7.7650836512724775,-8.757286924515663,-9.571438288068215,-8.098518680474545
R_MA_DEV,5,FUT,2916,0.6756625757985385,6,22.160685507513794,-11.070094652574157,0,-10.803611415061456,-9.854122043627505,-11.153087752607915,-11.583244951579898,-10.782346821534274,-12.244154931033902
T_KELTNER,5,FUT,2916,0.6756152095638505,6,15.876736117223151,-8.812632889298794,0,-6.909554352148287,-10.220344874872673,-9.806087921596802,-9.37052429861574,-9.096056259816695,-7.473229628742564
R_VWAP,2,FUT,972,0.6755345114257989,6,19.472460792119666,-10.558015785372142,0,-10.224856567252644,-8.669242555608722,-11.658230707964076,-10.24104396041738,-10.118040817521116,-12.436680103468918
R_VWAP,3,EQ,1296,0.672092191163233,6,18.877095496409638,-9.785844007016868,0,-9.870902266560048,-7.931487880412799,-10.33092002348455,-9.616087791848967,-9.10274158169524,-11.862924498099597
M_ACCEL,15,EQ,864,0.6695521094107564,6,16.747752835378563,-10.674556776452624,0,-9.754064366172551,-11.02024113438546,-10.139882521347044,-10.868757437460065,-11.211621284390457,-11.052773914960152
U_VOL_BREAK,5,EQ,864,0.6647564370578255,6,15.269261396595956,-11.446975820092655,0,-10.645676998686385,-10.977029107146985,-10.571151425519858,-12.220048063674508,-12.051425586416347,-12.216523739111844
T_DONCH_STOP,10,FUT,1620,0.6638322238265585,6,17.124325094293734,-6.2958649679845875,0,-5.382558274745522,-8.224705379730093,-5.679257367418115,-6.954438483555238,-7.233229526907107,-4.301000775551443
V_REGIME_TREND,3,FUT,1944,0.6633891621335964,6,16.256334629107474,-7.05618872656223,0,-6.544750075810101,-8.693082486604332,-7.40024022543821,-7.492240753992595,-7.357682076350878,-4.84913674117726
T_DONCH_STOP,15,EQ,1080,0.6495467277524275,6,14.688521130595232,-5.7589754887573825,0,-5.457429487835551,-6.359237418956147,-5.289233495354846,-4.857939989423905,-7.834862450381048,-4.755150090592796
T_HMA,15,EQ,1080,0.646025550052388,6,16.14836156311482,-6.513180051231752,0,-5.947115394876386,-6.237672748233314,-5.83686940749701,-7.002051725412457,-7.395205287236827,-6.660165744134515
R_EXTREME,5,FUT,3888,0.6429325911660413,6,16.569071793666552,-7.994166422833161,0,-9.882134381304938,-6.70661789764709,-7.003232564942449,-9.300448799078913,-7.411169913438138,-7.661394980587437
U_BAR_PRESSURE,15,EQ,864,0.6365460204354242,6,14.893166600964326,-8.45367626161437,0,-9.167200136146624,-8.859653978480035,-7.142758956890649,-8.472295181441861,-10.96654476720347,-6.113604549523577
R_RSI,30,EQ,3456,0.6341159292598352,6,16.143639043883816,-6.524809005774308,0,-6.083285370926809,-5.887612240027491,-7.771470223599093,-6.581745957309519,-5.649536960081179,-7.175203282701753
T_ADX,5,FUT,1944,0.6324314103971246,6,15.707318029633505,-7.960607385235062,0,-6.653842871525353,-8.701066428345369,-9.203297904897044,-8.35603178463917,-7.1124326538131575,-7.736972668190273
M_TSMOM,10,EQ,3888,0.6296889864633993,6,18.161770161178868,-6.690518994566298,0,-6.512525115201193,-6.874718474266647,-6.332962841054059,-6.343012895857534,-7.62502390882586,-6.454870732192497
V_SQUEEZE,5,EQ,1728,0.6280821961330441,6,13.684155024997494,-9.317155380594114,0,-8.615454090723393,-9.277045079210096,-9.008749007471616,-9.504330860966775,-9.768054474394392,-9.729298770798415
R_BB_LIMIT,10,FUT,2916,0.6231378532874027,6,16.161728984611212,-9.607873218096067,0,-9.283986173407557,-6.593913799694753,-9.9567194418174,-10.3795187999573,-9.219129977124503,-12.213971116574887
R_BB,10,EQ,3456,0.6204149322838748,6,18.602369076532934,-7.766488135536897,0,-7.436573954729474,-6.515847919705375,-8.314707840323212,-7.672452965732382,-7.521440736633743,-9.137905396097198
U_SIGNED_VOL,10,FUT,3888,0.6202572801327927,6,15.843873477810652,-7.447853323113492,0,-7.127370553452491,-7.394361198399236,-7.8310529900203285,-7.5686309644385785,-7.457854604603148,-7.307849627767165
U_SIGNED_VOL,15,EQ,2592,0.6200894754444416,6,15.181093878784546,-7.216304368179524,0,-6.85479324125251,-6.720987013533774,-7.039326396722538,-7.227799532217641,-7.669882427921167,-7.785037597429505
M_ACCEL,15,FUT,1296,0.6176900234431975,6,14.094901681031994,-7.078293139469562,0,-6.554981213365892,-8.7371492334764,-6.42883185935158,-7.822968862660591,-7.827717593712314,-5.098110074250593
V_REGIME_TREND,5,EQ,1296,0.6169299104148758,6,14.213502949173156,-7.115980564016948,0,-7.236036454502908,-7.717284976733121,-6.755861565599425,-6.837347038884307,-8.239079236905866,-5.910274111476063
R_BB_LIMIT,15,EQ,1944,0.6142493387764977,6,14.04255981778178,-7.932824662741393,0,-7.161836868863509,-5.747708921170293,-8.527851797720567,-8.377214549294948,-7.308155917632466,-10.474179921766579
T_HMA,10,FUT,1620,0.6132689520887996,6,18.197243515268593,-5.65597591484763,0,-4.936958856930204,-6.513700179467208,-5.48342589572086,-5.546678767960394,-5.876356364676275,-5.578735424330844
T_DONCH,10,EQ,1080,0.6053983893384046,6,12.774008225106963,-6.731173453486367,0,-5.565454097419659,-6.476533769945502,-6.879742269508445,-6.7069024030831725,-7.882161754183828,-6.87624642677759
R_VOLSPIKE_FADE,5,FUT,1296,0.6026269997975252,6,15.486675489024087,-7.7365989316991675,0,-7.848858016690276,-6.2710607235009475,-4.774175559691901,-10.723506186088821,-8.409240402700703,-8.392752701522351
U_OBV,15,EQ,432,0.5993983265132855,6,12.329632835927134,-5.5646580255875095,0,-5.328758884758281,-5.7268130982167795,-5.266945767320635,-5.942046871462217,-6.939773664580078,-4.183609867187073
V_NR_BREAK,15,FUT,972,0.5971412374150814,6,16.435491192117475,-5.769784031122968,0,-5.520010861492185,-6.122376945178822,-5.032609196159336,-7.315319082289443,-6.326314644608668,-4.302073457009353
T_EMA_X,5,FUT,5508,0.5943693695865382,6,14.931024270793273,-5.4409879788681375,0,-4.6781044837640255,-6.399399175123573,-6.003676681189259,-5.777128782201787,-4.896039753539185,-4.8915789973909956
I_PDAY_BRK,5,EQ,288,0.5913513620169273,6,10.988181266214712,-5.468149030511363,0,-5.104920963625948,-5.8139047933896775,-3.44274574132135,-5.306809786353164,-7.636782879296043,-5.5037300190819956
U_VOL_BREAK,5,FUT,1296,0.5845033441405093,6,12.036348539322079,-8.260613470362566,0,-7.335890051837376,-10.919597723346302,-8.936610943901224,-7.117241008597619,-8.786817880836542,-6.467523213656337
T_PRICE_MA,10,FUT,3240,0.5814992258209002,6,13.055994925722473,-6.979583850571017,0,-6.049316314523605,-9.08839564964058,-7.475148915074745,-7.421608364103898,-6.508638645655009,-5.334395214428262
U_OBV,10,FUT,648,0.5770789524552221,6,12.665661224078372,-5.374707613466164,0,-4.307245483800096,-7.4438457291848215,-6.222470151485069,-4.931465043048584,-4.9713575814906035,-4.371861691787814
M_ROC_VOTE,10,FUT,2592,0.5741518966586242,6,12.100863401924604,-6.239944789362227,0,-5.449441515305272,-9.083802796571643,-5.7761197337561985,-6.64430038241764,-6.2509737437115955,-4.235030564411009
R_VWAP,3,FUT,972,0.5684818601055479,6,14.809571637078898,-8.075948749946468,0,-8.057207667943223,-6.431332092548402,-9.278564847416767,-7.601701973197354,-7.359135324641222,-9.727750593931846
V_NR_BREAK,30,EQ,648,0.568285268953553,6,12.052319873734191,-6.161452486601987,0,-4.182063061526425,-5.519062143412302,-5.432422313081977,-7.1198382547021115,-8.116608043226714,-6.598721103662391
R_VOLSPIKE_FADE,5,EQ,864,0.5662713934974634,6,12.722846243907574,-10.046510662843191,0,-9.380911527832664,-6.865034987203526,-8.729493205333585,-10.58423580400851,-11.256959938303762,-13.46242851437711
T_MTF,10,EQ,1728,0.5655454362418999,6,12.25154104569495,-7.69096566887124,0,-8.819928676803306,-8.3148532295806,-6.831873099287512,-7.048571903959523,-8.966497005510735,-6.164070098085757
I_TOD,1,EQ,3168,0.5655141253241228,6,13.740533527900801,-7.639317069056518,0,-6.695959224806044,-6.8078886422198766,-7.932522702735388,-8.061225848899491,-7.808742413688011,-8.529563581990304
T_SUPERTREND,10,EQ,1944,0.5650254139905653,6,11.758104996359185,-6.764399581448575,0,-5.417647052148387,-6.032106582011259,-6.576825033497741,-7.2444886335176015,-7.560998354513732,-7.754331833002723
U_BAR_PRESSURE,15,FUT,1296,0.5648449972153294,6,11.590294540981114,-7.167167005484068,0,-7.688018823229314,-8.044856966478877,-8.252418750289364,-6.155408493809006,-7.339824900128974,-5.522474098968881
V_RANGE_EXP,10,EQ,1296,0.5635840902032113,6,13.223098722462884,-5.697972346402719,0,-4.890439743059628,-5.331908358570478,-5.1272294587950205,-5.6527807129290375,-6.050974496401468,-7.134501308660691
R_VWAP,5,EQ,1296,0.5634856694022371,6,13.361904704839377,-7.11927821891937,0,-6.94129689604193,-5.565776655374446,-7.9791662259816905,-7.233951851661882,-6.202766620822233,-8.792711063634043
R_MA_DEV,10,EQ,1944,0.5618454736422281,6,14.523338252777803,-7.2581042354980925,0,-6.124814181275893,-6.272082250737372,-7.5892428848787326,-7.139756836092586,-7.722517965873874,-8.700211294130096
T_PRICE_MA,15,EQ,2160,0.5560505432904937,6,12.799319819558898,-7.27009951189893,0,-7.329162681910739,-8.242749676661067,-6.881215257793767,-7.253228823767588,-8.122049699931482,-5.792190931328934
I_ORB,5,EQ,1728,0.5553870326801774,6,10.670547923520862,-6.004518061676671,0,-5.509732116956574,-6.036479085855159,-5.703419637974426,-5.89745013258646,-7.4605158526312545,-5.419511544056156
I_PDAY_BRK,15,EQ,288,0.5522116504841447,6,8.52856807315005,-4.40986959026857,0,-3.794266628610996,-4.5196505379531455,-3.8025439173445172,-3.8458035638881034,-6.6237269226934545,-3.873225971121203
I_PDAY_BRK,5,FUT,216,0.5515766303238739,6,11.12617415133488,-3.741237333330245,0,-3.3667810153535758,-5.262483824081785,-4.14702977366205,-4.839118643479845,-3.211430594629217,-1.6205801487749982
T_DONCH_STOP,15,FUT,1620,0.5482845660142283,6,11.901072029655934,-4.474426067823404,0,-3.9643494876645526,-6.447795009544611,-4.20964916447491,-5.249820182030226,-5.425731562153189,-1.5492110010729359
R_BB,10,FUT,5184,0.5423757857909104,6,13.728761529024858,-6.607911222849761,0,-7.059063577980677,-4.443838322319888,-7.545283636309416,-6.460133378054695,-6.161481589688013,-7.9776668327458795
T_KELTNER,10,EQ,1944,0.5403030268085441,6,10.625776620608029,-6.801587045827684,0,-6.144257809164961,-6.70643879967509,-6.333398212268975,-7.282282385920809,-7.728093393205796,-6.615051674730471
M_ROC_VOTE,15,EQ,1728,0.5300530265540323,6,10.443741264145318,-6.803644536410885,0,-7.546923660120249,-7.725807407881642,-5.99992824773636,-6.782420228997067,-8.728021028582189,-4.038766645147794
R_BB_LIMIT,15,FUT,2916,0.5287854484361207,6,11.556250820549158,-7.0287321144296016,0,-6.580180412938656,-4.253848544417823,-7.7339052995301945,-6.59110086213254,-6.610558581819834,-10.402798985738562
V_REGIME_TREND,5,FUT,1944,0.5269468562607899,6,10.420857469301753,-4.6514916772108394,0,-4.415470986022064,-7.034684178818996,-3.337968504513584,-5.881874504349947,-4.852710428166569,-2.386241461393878
T_ADX,10,EQ,1296,0.5228926273179428,6,11.497936149968401,-6.723042851397953,0,-5.294201660552449,-6.5333642929255396,-7.21001380208456,-7.031263556765296,-6.868161734394832,-7.401252061665049
V_SQUEEZE,5,FUT,2592,0.5186686481633526,6,11.221103755873031,-7.353842589770366,0,-6.565661888736981,-9.520921227163274,-7.568038195801105,-6.729233199901046,-8.00165524366869,-5.737545783351104
I_PDAY_BRK,15,FUT,216,0.5168451477488288,6,9.936029738636718,-3.1363670614528445,0,-2.313087518724922,-4.305672054799252,-4.352758445948846,-3.605679746867555,-3.215563165465154,-1.0254414369113354
T_DONCH,10,FUT,1620,0.5160668651247763,6,10.285851702447658,-4.600398164193095,0,-3.7528646121929805,-6.73372909421707,-3.989694217184716,-4.264833872556598,-5.858426427506322,-3.002840761500883
M_TSMOM,15,EQ,3888,0.5107862620187072,6,12.88268587706367,-4.974261129059207,0,-5.118519158319918,-5.568646886967245,-4.689668405740494,-4.6382541088843725,-5.765613202416511,-4.064865012026702
T_HMA,15,FUT,1620,0.5070809377934097,6,12.452505995477287,-3.8518631874009777,0,-3.664672201788423,-4.9240135805583725,-3.8013852587399466,-4.038652208047827,-3.761875337086679,-2.9205805381846166
M_TSMOM,10,FUT,5832,0.5058818836009545,6,13.469953166958149,-4.187463971838364,0,-3.7237501630913177,-5.816337146645298,-4.158616549568705,-4.054187949153609,-4.8530775381195355,-2.518814484451716
R_RSI,30,FUT,5184,0.5030981867136565,6,10.981419371723556,-5.779504924221122,0,-5.744068939318164,-3.7218233728000785,-7.3839364928675995,-4.8408771080064685,-4.795895783968906,-8.19042784836552
T_HMA,30,EQ,1080,0.5027842594235826,6,10.881902253839122,-4.01653547622747,0,-3.8290223632162266,-3.697343387086403,-3.929546371532236,-4.400352615770926,-4.7219260162070675,-3.52102210355196
R_VWAP,5,FUT,972,0.49984011400759604,6,11.118029962819923,-6.092926430292997,0,-6.187779986299288,-4.807754120290044,-6.854707896334604,-6.056014684931357,-5.340495017430539,-7.310806876472156
R_BB,15,EQ,3456,0.4972742898787837,6,12.096225295627477,-5.656416105489708,0,-5.367598195935737,-4.412161063760009,-5.896208035425513,-5.252660586437951,-5.175510009470692,-7.834358741908349
I_TOD,1,FUT,2376,0.4953861833595028,6,14.845583991181499,-6.827931538450201,0,-6.029770391261981,-6.190506080343628,-7.311768970742195,-6.831853390437696,-7.0693905266921995,-7.534299871223511
R_MA_DEV,10,FUT,2916,0.49264422004457503,6,11.037005273844963,-6.11371653792406,0,-6.505251040423809,-4.567754742778908,-6.153544829613899,-5.711605267420814,-6.160682320355101,-7.583461026951831
U_SIGNED_VOL,15,FUT,3888,0.48072762587030793,6,11.345350333370789,-5.524455820660364,0,-5.567631943120178,-5.846704031035762,-5.848540505708694,-5.333026705807505,-5.451702527406679,-5.09912921088337
V_RANGE_EXP,10,FUT,1944,0.47898845169638554,6,10.633019523218133,-3.999266768528269,0,-3.528884894228772,-3.8968240275290706,-4.103230328316711,-4.260648074490666,-4.306799906875103,-3.899213379729288
U_BAR_PRESSURE,30,EQ,864,0.4779886730772121,6,9.087656048054045,-4.924724711526926,0,-6.252448600926534,-5.664361145779145,-5.17658473658778,-4.330334035707232,-6.121948490397862,-2.002671259763003
R_MA_DEV,15,EQ,1944,0.47090292713237364,6,10.456575815328385,-5.414071339013539,0,-4.8346574735104175,-4.286591941984605,-5.2890774820552675,-4.950213764453266,-5.826334316717884,-7.2975530553597965
T_EMA_X,10,EQ,3672,0.4684740987516472,6,10.472514144256301,-5.0354891487258735,0,-4.641059999948288,-5.275054324882371,-4.648782494226428,-5.354397452004974,-5.356019824050668,-4.937620797242518
T_DONCH,15,EQ,1080,0.4673464630150089,6,8.56492736172378,-4.437791046768629,0,-3.7544490545070452,-5.000028725062112,-4.949168197926376,-3.8601021178134336,-5.986648571112826,-3.0763496141899793
T_SUPERTREND,15,EQ,1944,0.46656203350603437,6,8.253198339020377,-4.8082631002878236,0,-3.7266996542653192,-4.911225260195331,-5.2456025696094315,-5.347301735363836,-4.960030068275291,-4.658719314017729
T_PRICE_MA,15,FUT,3240,0.46378402032091665,6,8.923498296784809,-4.563133725591832,0,-4.263730578864302,-7.348723390498944,-4.570286939674536,-4.783390660168397,-4.168638545045158,-2.2440322392996483
U_OBV,15,FUT,648,0.4567909940093933,6,8.592906774051054,-3.633716635800029,0,-3.4147635517194543,-5.3392089933100655,-4.137923607606427,-3.457250698616269,-3.6506676479954883,-1.802485315552469
I_ORB,5,FUT,1296,0.4562279024628036,6,7.8986141656461415,-4.951716545026028,0,-2.912291077107917,-6.957195623455686,-5.60978811752518,-5.308112973704151,-5.975474684601159,-2.947436793762073
T_DONCH_STOP,30,EQ,1080,0.4548913258275223,6,8.194939224478787,-3.3737475030978676,0,-3.5564451515126545,-4.295996104248167,-2.734937724152673,-2.2981445975544896,-5.309171800861537,-2.047789640257687
T_SUPERTREND,10,FUT,2916,0.4497222529325477,6,8.690315706793465,-4.021352439699089,0,-2.7132819702185174,-4.491387966000385,-4.427530279310305,-3.9007406673378053,-4.3462152776820355,-4.2489584776454885
V_RANGE_EXP,15,EQ,1296,0.43989227926459984,6,9.132655996441002,-4.027907282044262,0,-3.5432527994972793,-3.830286926601537,-4.001434175751728,-3.8283729861165554,-4.422812726276718,-4.541284078021753
M_ACCEL,30,EQ,864,0.43484235386373005,6,9.581697998033503,-6.401232242676389,0,-5.844860297357605,-6.794754451751412,-6.885639434942071,-6.815210222625518,-7.404704590421812,-4.662224458959909
T_MTF,10,FUT,2592,0.43475145839619084,6,8.83307167411306,-4.900408510102352,0,-4.7760683029593185,-8.277817345258246,-4.386710183221116,-5.463203507524555,-4.566993332520271,-1.931658389130602
R_EXTREME,10,FUT,3888,0.4344727412069551,6,8.54369540796217,-4.3910171024144455,0,-6.453857180886969,-3.8121838639932806,-2.765805337611975,-4.598659614150785,-4.431110048690488,-4.284486569153174
R_EXTREME,10,EQ,2592,0.43392275813931597,6,10.727839863493498,-4.975900935582867,0,-6.0694875950700595,-3.0792363293868514,-4.731087080479292,-5.169668171395403,-5.014751585565038,-5.791174851600558
T_KELTNER,10,FUT,2916,0.42910263635554835,6,7.428970494587458,-4.219564786370897,0,-3.033841161307037,-5.910495824177429,-4.162248116841572,-4.90180691408949,-4.755589049705435,-2.5534076521044207
U_VOL_BREAK,10,EQ,864,0.4256074127161676,6,7.529699759160412,-5.880090968408624,0,-4.559227474702971,-5.984526936246134,-5.204572346172307,-6.156773956884948,-6.841381949213445,-6.534063147231945
T_KELTNER,15,EQ,1944,0.41730609037929794,6,7.144039849955868,-4.5190612923801545,0,-4.061161702778059,-5.016767691235051,-4.702149536175096,-5.104592659806395,-5.13664305639238,-3.0930531078939425
I_PDAY_BRK,60,EQ,288,0.4168706928771459,6,5.427278875582115,-2.7939328003462633,0,-2.144163070778053,-3.1800977884534203,-2.377152449407829,-1.4488102492129487,-4.811411052217674,-2.8019621920076525
V_REGIME_TREND,10,EQ,1296,0.4167899765034077,6,8.282865936613163,-4.0847791010494525,0,-4.737843597219285,-5.190065311965984,-3.513665435032464,-3.3155718704788453,-4.659756224679904,-3.0917721669202347
V_NR_BREAK,60,EQ,648,0.41453520394542287,6,8.007344347766232,-5.112316329261467,0,-2.4571317049268564,-4.290544748948662,-4.772599911082485,-6.710788529077729,-6.317090777217625,-6.125742304315439
R_BB,15,FUT,5184,0.40763354665055024,6,9.138716160696283,-5.06520357861192,0,-5.2278840282293455,-2.772218314257745,-5.754696144382844,-4.095515691766645,-4.651397567568966,-7.889509725465969
R_GAP_FADE,15,FUT,486,0.4075093867210639,3,2.2688055589042135,-3.509870558632196,2,-18.877974623421423,-6.148839393934197,1.8601256441344913,3.647246193092876,-0.7539278130318058,-0.7858533586331182
T_MTF,15,EQ,1728,0.4074883441684996,6,7.914498763294659,-5.336315971441642,0,-6.413924628131035,-6.981730341282576,-4.784287145773334,-5.048510329800937,-6.3117111154637096,-2.4777322681982556
M_ROC_VOTE,15,FUT,2592,0.40510153939945814,6,6.892074212649647,-4.077720902786132,0,-3.678934621727478,-6.693207429553581,-3.9848888433382172,-4.7330962732842785,-4.334178227453216,-1.0420200213600228
U_VOL_BREAK,10,FUT,1296,0.40264507176799796,6,6.185347134105922,-4.072921576996534,0,-3.2892398999562036,-6.047532809981314,-3.8573372727925728,-3.902437978228397,-4.621140737702055,-2.7198407633186585
U_OBV,30,EQ,432,0.4018974131051689,6,8.313042957245793,-3.5362002890311452,0,-3.4724880116675356,-4.480414901372247,-3.8095979223679075,-3.340463696701133,-4.39871881132785,-1.7155183907502005
V_SQUEEZE,10,EQ,1728,0.3995250760870755,6,6.85276662861162,-5.029061727101776,0,-3.505804020063664,-5.248980447030502,-4.4095521201714805,-5.783146177119199,-5.691453066167395,-5.5354345320584155
T_ADX,15,EQ,1296,0.3986987271729349,6,7.852355893147799,-4.888196054823566,0,-4.540724007765158,-4.973987989225992,-4.870879645282506,-5.80802591095984,-4.405015556177643,-4.730543219530254
V_NR_BREAK,30,FUT,972,0.3983556954521672,6,7.685174385902665,-3.6593101903778056,0,-3.6571032608045484,-4.179929245915673,-3.8105832637277794,-4.822806348813827,-3.846210312306233,-1.6392287106987706
R_VWAP,10,FUT,972,0.3937545986952451,6,7.60524138362521,-4.850485029155901,0,-5.217035103369705,-3.432194483666224,-6.256490143283121,-3.9412830227770557,-4.17043892144526,-6.085468500394037
U_SIGNED_VOL,30,EQ,2592,0.3822251471186453,6,7.881329494977655,-4.163372485711338,0,-3.9488195907465085,-3.8180930979869463,-4.149988663970082,-4.0892316057419,-4.381928325036704,-4.592173630785887
V_SQUEEZE,15,EQ,1728,0.3800259940916301,6,6.638385931720225,-2.896203783029622,0,-1.4125277719072848,-4.010420998974166,-3.6967506632402682,-2.972791208397801,-3.475718235149431,-1.8090138205087827
T_DONCH,15,FUT,1620,0.37932698006202825,6,7.232334311752283,-2.91230397501853,0,-1.9459919179745317,-4.9600607811245085,-3.2047607962765974,-3.414872916459689,-3.8627924833932625,-0.08534495488258934
R_VWAP,10,EQ,1296,0.3791776411439009,6,8.045546557543995,-5.074099119918647,0,-4.53862922105541,-3.903391352991864,-5.835682379037192,-5.4546616688875025,-4.989228781531968,-5.723001316007946
M_TSMOM,15,FUT,5832,0.37672782067167704,6,8.812558320783431,-2.807115030148221,0,-2.7602593374998254,-4.763433332648869,-2.247379641791478,-3.3190237373606664,-3.003672476386316,-0.7489216552021679
U_VOL_BREAK,15,EQ,864,0.3765025838033695,6,6.328025146918088,-3.8142059856025146,0,-2.882820969548422,-4.063934995012339,-4.117328683953549,-3.774244366792845,-4.8578897289397,-3.1890171693682308
T_DONCH_STOP,30,FUT,1620,0.37460380490537876,6,6.615198622220952,-2.0213364225287,1,-1.858006678684829,-4.246162185405956,-0.7950567935429917,-3.5006851665599963,-2.9280727861583986,1.1999650751799722
I_PDAY_BRK,60,FUT,216,0.3705476200822912,6,6.230859972197777,-1.6927929921079217,0,-1.6544532473250542,-2.363918339577595,-1.0018055200701685,-2.4054846464143176,-2.446552184175315,-0.2845440150850782
R_RSI,60,EQ,3456,0.36883450498661347,6,7.404531228822325,-3.6283652825169175,0,-2.906932202897314,-3.1700178926310936,-4.307381900250234,-3.0140453776366365,-2.5077220215390037,-5.864092300147225
R_MA_DEV,15,FUT,2916,0.36431441358039335,6,6.767569482554447,-4.723057870724195,0,-5.083603868785913,-2.7056410243861695,-5.397894333331606,-3.41975885693992,-4.772124116682438,-6.959325024219124
T_EMA_X,10,FUT,5508,0.3638151599168396,6,7.6031389666775935,-2.977809421732521,0,-2.8501545147293648,-4.373924376073372,-3.05723399910074,-2.83425133229246,-2.430546951379665,-2.320745356819523
T_PRICE_MA,30,EQ,2160,0.35877642996055253,6,7.5913424501671365,-4.03437699020318,0,-4.04896683701923,-5.0716235108481325,-3.417195632705487,-3.7745798470760223,-4.605938534141493,-3.2879575794287144
T_EMA_X,15,EQ,3672,0.3585593769498074,6,7.553974049445137,-3.5201850154021326,0,-3.2137735642732688,-4.3020420057951645,-3.3383276428014743,-3.723587352206206,-3.8177715828296286,-2.7256079445070536
R_BB_LIMIT,30,EQ,1944,0.35658696886091196,6,6.619874873684807,-3.9533166473208587,0,-3.369997552013345,-2.46393239822677,-4.394706963593177,-4.2229911797226025,-3.288528966673225,-5.979742823696032
T_ADX,10,FUT,1944,0.3536688250208972,6,7.054169325492011,-4.307915515528676,0,-3.291855455365161,-4.985376288223807,-4.410871486742856,-5.323983001074431,-3.982342540860268,-3.8530643209055286
T_HMA,60,EQ,1080,0.35133280206603484,6,7.4101607711076305,-1.986508601301793,0,-2.548874424545766,-2.6318245226810824,-1.942910065790031,-1.723988383053464,-2.4698667157288856,-0.6015874960115293
V_SQUEEZE,10,FUT,2592,0.3511756751574979,6,5.748564767004921,-3.2966081683249566,0,-2.9078851271044885,-6.233422962775496,-1.566349472275159,-2.8498971656787844,-4.579794600870945,-1.6422996812448691
R_VWAP,30,FUT,972,0.3504447579181718,6,7.197165433548776,-4.497024560373785,0,-4.240504514166929,-2.4540526448699933,-7.021241701397556,-2.4738980024380144,-2.8367138971650214,-7.955736602205194
R_EXTREME,15,EQ,2592,0.3471056556263576,6,7.867726774221594,-3.5069389806087266,0,-4.995433940410578,-1.8451506780140363,-3.424612642915368,-3.114970667841453,-3.010313844296449,-4.651152110174474
U_BAR_PRESSURE,30,FUT,1296,0.3462516917705974,6,6.598716719137287,-4.073891878743088,0,-5.1636044325788735,-5.916979137050058,-1.8657711127622183,-5.930590667116331,-4.749333912028113,-0.8170720109229326
R_RSI,60,FUT,5184,0.3418981670026211,5,6.297699276984948,-4.0059421992130515,0,-3.593159903319427,-1.9914799582903913,-6.5819587426213735,-2.2840304246339325,-2.9679990684683566,-6.6170250979448255
R_BB_LIMIT,30,FUT,2916,0.3389159038292124,6,5.54186067751708,-4.339400134544637,0,-3.9719019633666255,-1.8318138903174686,-6.107573063708191,-2.8822405803219144,-3.7259872631218953,-7.516884046431729
M_TSMOM,30,EQ,3888,0.33736733887136344,6,7.484598196165735,-3.093882843961088,0,-3.4379564140254484,-3.7964416029874135,-3.1138198757749462,-2.6441539940828083,-3.9824264549296227,-1.5884987219662892
M_ROC_VOTE,30,EQ,1728,0.33664015483584864,6,5.86659483985635,-3.364536877769592,0,-4.323123002464133,-4.778684467160622,-2.787232729531553,-2.8433674465019947,-4.772205907969873,-0.6826077129893777
R_VOLSPIKE_FADE,10,FUT,1296,0.33233726695077337,6,5.736185634300605,-2.921539238953246,1,-4.746059393064202,-2.3445850818368705,0.21686278563942232,-4.987095352296401,-4.205955387723862,-1.4624030044375638
R_VWAP,15,FUT,972,0.33189559113940525,6,6.675789627134925,-4.989505675932069,0,-4.735420888204533,-2.9209807557603806,-6.470590719068586,-3.7104895436188023,-3.7777768737695174,-8.321775275170596
T_DONCH_STOP,60,EQ,1080,0.33149034488865836,6,5.476771293532006,-1.9794851515560696,1,-2.5080944232818663,-3.188584377036962,-1.563049727057328,-0.9096849667104245,-3.7686558456331025,0.06115843038326369
V_RANGE_EXP,15,FUT,1944,0.3302071088115137,6,6.940947869367352,-2.8665440068588848,0,-2.7622584860678283,-3.0986984358581475,-2.6939475080897104,-2.7829616602011553,-3.0515229692363697,-2.809874981700097
T_SUPERTREND,15,FUT,2916,0.32868943035280956,6,5.524527752398298,-2.8139168401877304,0,-1.9219572994131142,-3.8285199501649987,-3.0365643520040377,-3.669132807303066,-2.64730861415427,-1.7800180180868967
R_VOLSPIKE_FADE,10,EQ,864,0.32710346604873436,6,6.279642400936315,-5.006044026154907,0,-6.054020364721965,-2.9738145491960757,-4.1621737549174025,-5.717667312007381,-5.222082735967176,-5.906505440119439
I_ORB,15,EQ,1728,0.3261853116093142,6,5.248503764288002,-3.033301317669208,0,-2.996754476904863,-3.4406521665495027,-2.335054242494322,-2.6500016604209296,-4.174772184129195,-2.602573175516435
R_VWAP,15,EQ,1296,0.32407871483698497,6,6.270694006485872,-4.820143141129563,0,-4.22112748058962,-3.265182266818111,-5.723908490176551,-4.488970349154701,-4.234628347572009,-6.987041912466384
V_REGIME_TREND,15,EQ,1296,0.32319684943832455,6,5.484245654982781,-2.970688220035619,0,-3.695620972921853,-4.20895484281558,-2.562816261325475,-2.239534687893958,-3.587375094762417,-1.5298274604944302
R_EXTREME,15,FUT,3888,0.32099195318257373,6,5.9792756564903895,-3.996276189583476,0,-5.419315453492281,-2.499804105287871,-4.283300512110928,-3.69740917310735,-3.197988082482274,-4.879839811020155
R_EXTREME,60,FUT,3888,0.3131098892157041,6,4.30090467810028,-2.850862797615194,1,-3.569111415704272,-1.3558559823644327,-5.307821069788566,1.1606164241059207,-2.0635432739034574,-5.969461468036355
V_REGIME_TREND,10,FUT,1944,0.3114840427324496,6,5.809623182693787,-2.50559710740674,0,-3.375354518065686,-4.956187297947978,-0.5754937343879624,-3.3409865827756278,-2.667024428732419,-0.11853608253076604
T_HMA,30,FUT,1620,0.30209237108321474,6,5.798991478271251,-1.818359729174363,0,-1.999685411479681,-2.854699539945879,-0.6313767214454216,-2.7248117852005875,-1.850313308308787,-0.849271608665822
T_MTF,15,FUT,2592,0.3005857265544501,6,5.84084035779217,-3.195013885037968,1,-2.784045573016414,-6.2631355066287036,-3.2868228548115783,-3.5993673508137505,-3.5652856895826015,0.32857366462523785
R_MA_DEV,30,EQ,1944,0.2970713171710586,6,5.2924005272426085,-3.227193120783204,0,-2.7311856709035434,-1.7128982971557447,-3.776100602942908,-3.1956396646210625,-2.753210743689789,-5.194123745386181
T_SUPERTREND,30,EQ,1944,0.2960114314709061,6,5.441119454716166,-3.010611173381159,0,-3.3248146888012844,-2.972490135661467,-2.976651166969379,-3.769127844421034,-2.703405742224326,-2.317177462209463
R_VOLSPIKE_FADE,60,FUT,1296,0.2876287000085041,6,2.9325189852294606,-2.3420776463778763,1,-2.7159567826112907,-0.7755188494559593,-2.153963299694125,0.03788289457624927,-1.7499402095253918,-6.69496963155674
T_KELTNER,15,FUT,2916,0.2875680984517927,6,4.685367501251306,-2.539966562156463,1,-1.7771120970642447,-4.492677634176366,-2.7532320263963563,-3.93635042726633,-2.7381830188348726,0.45775583079939064
U_SIGNED_VOL,30,FUT,3888,0.28284440257922433,6,5.913263859615859,-2.9892324095256644,0,-3.2197742933156928,-3.0606110427451583,-3.0544740417371754,-2.973129957211999,-3.0197723751014816,-2.607632747042479
M_ACCEL,30,FUT,1296,0.2821603055778112,6,4.834531621284719,-3.6251347827157496,0,-3.8307843555267387,-5.049634717276949,-3.222662873978395,-4.47056415475747,-3.4205087249762456,-1.756653869778704
T_DONCH,30,EQ,1080,0.2665699503441404,6,4.840846333729899,-2.638565785392586,0,-2.638015444571567,-3.2252455418413915,-3.2836511284967314,-1.8730550161079533,-4.061893170927886,-0.7495344104099861
U_VOL_BREAK,15,FUT,1296,0.26486426643504823,6,4.015416910528021,-2.5955678423193382,0,-1.9181623259963858,-4.063277666193703,-2.795988755576119,-3.3734259003063225,-3.187654313939824,-0.2348980919036755
I_ORB,15,FUT,1296,0.2633319876766292,6,4.369359130349621,-2.534869269010329,0,-1.2361542014522267,-4.331640233432598,-2.0452661089857687,-2.547256251894524,-4.034027347809366,-1.014871470487492
V_SQUEEZE,15,FUT,2592,0.26169554271344325,6,4.660989561371394,-2.046962354096788,0,-2.3067538164924066,-3.885537469805263,-1.7849338634962548,-2.1342296949351027,-1.999233242717886,-0.171086037133815
T_DONCH_STOP,60,FUT,1620,0.25869144006285455,6,4.9805787059852475,-0.9275922385299827,1,-0.8184025318015282,-3.028945614071491,-0.11032298836894341,-2.2701819695631413,-1.7547838041696475,2.4170834767948564
U_OBV,30,FUT,648,0.25841600846970086,5,4.263476277243682,-1.8561378925736636,0,-1.7825546071103684,-4.105464697406652,-0.4815411058593694,-2.874110512392165,-1.766514887241955,-0.1266415454314713
T_EMA_X,15,FUT,5508,0.25597443795256525,6,4.958268903589862,-1.8737661361394877,0,-2.158181219310917,-3.658802530407967,-1.465027799372066,-1.9085472661715384,-1.4000296780527175,-0.6520083235217209
V_RANGE_EXP,30,EQ,1296,0.25533434258608234,6,4.241232793594637,-2.2316704487987065,0,-2.329062353145751,-2.20249523115121,-2.52006498070039,-2.151426066032434,-1.982723085371076,-2.204250976391379
R_VOLSPIKE_FADE,15,FUT,1296,0.24867700521537486,6,4.17916689698393,-2.837245645902534,1,-4.670058467360419,-2.513730219959029,0.8300677288791334,-3.7083324952444796,-3.47010672230136,-3.49131369942905
T_KELTNER,30,EQ,1944,0.24731813233274877,6,3.9216649803469195,-2.517045744757587,0,-2.550985826630696,-3.5401864361234963,-2.812468911726818,-2.758947602078097,-3.288238122733315,-0.15144756925310188
T_PRICE_MA,30,FUT,3240,0.24646970192267417,6,4.0270146391332515,-2.1693924004009877,0,-1.7014099905954045,-4.90657472586343,-1.5288195994921392,-2.6298713454321763,-1.9614618573594917,-0.2882168836632835
T_MTF,30,EQ,1728,0.2407721827449227,6,4.846433023080511,-3.0051079715156077,0,-4.221771623687079,-4.837005153117202,-2.799832549298368,-2.5342665761720635,-3.368462777501425,-0.2693091493175089
U_OBV,60,EQ,432,0.24004758991824385,5,4.8961488669017035,-1.6604172194717923,0,-2.311184743341383,-2.7997005288356593,-1.2113001413672,-0.39363832349131395,-2.4354344997204582,-0.8112450800747395
R_BB,30,FUT,5184,0.23994466916901716,6,4.073009785011743,-3.568607252872194,0,-3.429056337111237,-1.4925347972253642,-5.744756688294112,-1.7492197671022234,-2.593624068879205,-6.4024518586210215
V_NR_BREAK,60,FUT,972,0.23977249998766859,5,5.155683016142233,-2.4292419222056663,0,-1.078386269497183,-2.3269489098671152,-2.5929060374565447,-3.9609300903219613,-3.2751980615361522,-1.341082164555042
U_SIGNED_VOL,60,EQ,2592,0.23787190905057473,6,4.339458411805595,-2.7283369937865984,0,-2.8872384626255934,-2.5374258776459824,-2.718906966024054,-2.3334307389931537,-2.795164115950454,-3.0978558014803497
U_BAR_PRESSURE,60,EQ,864,0.23447036631017779,6,5.119615597390298,-3.8763823004183546,0,-5.104651025516025,-5.186281085962141,-4.460700624797002,-3.7679455286864774,-3.2838147607483568,-1.4549007768001216
T_ADX,15,FUT,1944,0.2340628825621955,6,3.8850808962650127,-3.3236723942500555,0,-2.7026688698918515,-3.9279349355862467,-3.5141257050936847,-5.017321688919906,-2.447677504231243,-2.3323056617774025
R_BB,30,EQ,3456,0.2323994240903132,6,4.923779974601359,-3.1157871391018745,0,-3.068345006626523,-1.6396593917051743,-3.711735126812724,-2.800378788656776,-2.240513297108258,-5.234091223701791
V_REGIME_TREND,15,FUT,1944,0.2312391243320877,6,5.0834744242394745,-1.702037290026932,1,-2.2311343136738646,-4.256774268169226,-0.9915481878881243,-1.7085515964029179,-2.117973942392008,1.0937585683645483
T_PRICE_MA,1440,FUT,3240,0.22570568530000445,4,3.164851739606727,0.8391596025535035,5,0.057225986643585455,-0.37420632958271083,0.028962809933982467,1.1818656713814737,1.024304379220509,3.1168050977241815
R_GAP_FADE,5,FUT,486,0.22474040401955256,3,1.49353217381857,-3.670950709709306,2,-21.435639406410086,-3.9233867845283434,2.460448383905332,2.351448612818983,-0.2898453915843901,-1.1887296724573317
R_MA_DEV,60,EQ,1944,0.22070245079827275,6,4.3089505608649965,-2.420105101283502,0,-1.9775324380243098,-0.994033895021933,-2.691432719634032,-2.3673476774247497,-2.196108702851042,-4.294175174744945
V_REGIME_TREND,30,EQ,1296,0.2206085093862823,6,4.70789475342574,-1.499500688393806,2,-3.0256106537943634,-2.8690707827709065,-1.915848620035624,0.21239310167455583,-2.4546133993498556,1.0557462239133575
M_TSMOM,60,EQ,3888,0.21531042566626066,6,4.320108133537762,-1.5214315097524,1,-2.5942129242508156,-2.7080404505440474,-1.3504746618320635,-0.7145746330222925,-1.9905960699012584,0.22930968103607763
M_TSMOM,30,FUT,5832,0.21246251567691757,6,4.374050691962271,-1.312783655168038,1,-1.5534321417090513,-3.436927859193814,-0.25300914020203025,-1.90768897705978,-1.4122121475736717,0.6865683347301175
T_MTF,30,FUT,2592,0.21029734921403095,6,4.580370799309844,-1.5945955288492126,1,-0.9150407599527193,-4.529119924038298,-1.6882571679737137,-2.5857893243662047,-2.088451434894625,2.2390854381302843
R_VWAP,30,EQ,1296,0.2085090651504052,6,4.163132936823659,-4.5063167201511805,0,-2.2562836521850462,-2.4253934999548816,-5.3642846608290995,-4.657376985325166,-3.5511266570782523,-8.783434865534636
T_PRICE_MA,60,EQ,2160,0.20754697220167118,6,4.23225589205121,-1.9075068289961912,0,-2.340274455468336,-3.4966567366238737,-1.4660069422431778,-1.257823024277356,-2.567190098722472,-0.31708971664193036
R_BB,60,FUT,5184,0.2060537048461515,6,3.2799867110653946,-2.8734362703061858,0,-2.523997601042661,-0.7160682091944118,-4.737975413808934,-1.3829167275784386,-1.9779928870908963,-5.901666783121773
T_SUPERTREND,60,EQ,1944,0.2054302019604716,5,3.9025289300772457,-1.6685472002058883,0,-2.2321261672960664,-1.945762148988271,-1.470429197091848,-1.3983137274037596,-2.3404430532978053,-0.624208907157579
R_MA_DEV,30,FUT,2916,0.20511186480668533,6,2.9038215871724535,-2.9707405953756734,0,-3.164854317305871,-1.015650015964591,-3.5678061659492695,-1.8039818470537943,-2.853274102698272,-5.418877123282245
R_BB_LIMIT,60,FUT,2916,0.20426132844094058,6,2.5859096466333753,-3.2152214883083494,0,-2.9373211293599883,-0.7720921346334467,-5.000006929943254,-1.3411933774205982,-1.9910616627630906,-7.2496536957297195
M_ROC_VOTE,60,EQ,1728,0.2038903626829118,6,3.739433679576466,-1.336460551060201,1,-2.757540513461592,-3.2125278646298874,-1.1542911873263009,-0.267201284810024,-2.620917332047406,1.9937148759140029
U_VOL_BREAK,30,EQ,864,0.20359116711395642,6,2.1490460556486624,-2.2227177623440046,0,-1.8667405894968514,-3.422973683907167,-2.453687785397523,-1.2593484206737304,-4.2340219204594085,-0.0995341741293469
R_VOLSPIKE_FADE,30,FUT,1296,0.20319235763685803,4,1.5961324568082091,-2.4549408098619185,1,-3.146438784073392,-2.0829433549189402,0.5648038206876209,-1.4659358194696506,-3.2456521636096465,-5.353478557787503
T_SUPERTREND,30,FUT,2916,0.20268629318723344,5,3.3981311451672824,-1.3560375311933557,2,-1.366665972619324,-2.244774355786639,0.012777061832045265,-2.7811810838775086,-1.7861900482423592,0.02980921153365053
T_EMA_X,30,EQ,3672,0.1991889169273846,6,3.978268240414744,-1.8418885174881687,0,-1.9171714207528752,-2.8189791717897696,-1.823497163679025,-1.3855342033331688,-2.3634746165496816,-0.7426745288244933
R_GAP_FADE,60,FUT,486,0.1981466991418376,2,1.1727045762526558,-2.03574026784059,3,-10.722223366508544,-7.028874816140333,1.1581456523726923,4.617900425424243,0.04412422505756879,-0.2835137272491633
T_DONCH,60,EQ,1080,0.18837674181415798,6,2.966010824886215,-1.6383027383854796,1,-2.1421751227712313,-2.6665813722248175,-2.6689284197664045,-0.5224940020735876,-2.9780076805055535,1.1483701670287152
U_VOL_BREAK,60,EQ,864,0.18726313900946923,5,2.442210071466215,-1.3358298961286987,1,-1.2241289858590374,-2.3438632315588905,-2.1285699107760125,-0.1262796108504199,-3.0739065974129445,0.8817689596851128
U_BAR_PRESSURE,60,FUT,1296,0.18287219793812173,5,4.761867982084401,-1.2801009723083843,2,-1.656914185659212,-4.2032841994815495,1.1153738032314922,-3.4242262648189556,-0.6003873506097346,1.0888323634876553
R_BB_LIMIT,60,EQ,1944,0.17975959814241368,6,2.298012798383151,-2.5730529319844084,0,-2.298219619942738,-0.7115169255629907,-2.67383349687982,-2.467269502138274,-1.5590753258527528,-5.728402721529874
R_GAP_FADE,1,FUT,486,0.17893755187034666,3,-1.2308792567514866,-5.209931067494401,3,-33.676189659479604,1.145459833531346,2.780714011275419,0.6517870918616232,-0.7926114436964646,-1.3687462384587292
T_ADX,30,EQ,1296,0.1781084405838127,6,3.088267132841757,-2.7585355756815546,0,-3.463358005717729,-3.2751727385741294,-1.9732342160527694,-2.4085508676185485,-2.647913235015916,-2.782984391110236
M_ROC_VOTE,30,FUT,2592,0.178021462755539,6,3.1965983526578934,-2.280838030951134,1,-1.467204014615647,-5.134252922712693,-1.3895041424184944,-3.389711387256885,-2.8967477213942945,0.592392002691212
R_BB,60,EQ,3456,0.17692132203675204,6,3.4387464093874365,-2.3695215499736926,0,-2.0175209951048663,-0.8072213037313002,-2.4470381373891987,-2.2347159313252383,-1.4889381658257206,-5.221694766465831
T_DONCH,30,FUT,1620,0.1730825363475894,5,2.8481949688347687,-1.1544857990001614,2,-1.1734893236366368,-3.3537149687390735,0.18217842502122675,-2.777524155557626,-2.052129527108667,2.2477647560198086
T_MTF,1440,FUT,2592,0.16860742544390425,4,12.496120980617658,3.644047832451076,3,,,6.792725095474968,-1.9189075405752605,2.785565994978083,6.916807779926514
R_EXTREME,30,FUT,3888,0.16551757174516257,5,2.264143644967428,-3.1924356907766622,0,-4.005587414969009,-1.5450469057543474,-4.137764527435692,-1.1158520234689824,-3.2025065183254644,-5.1478567547064795
V_REGIME_TREND,30,FUT,1944,0.1642470293829811,6,4.007171289307759,-0.6713418852882799,2,-1.0939648880982773,-3.571520575395962,0.16995446046639304,-0.4866766967132469,-1.0236185935949722,1.9777749816063863
T_MTF,60,FUT,2592,0.1629613556001947,6,3.6024277498158486,-0.14869094953564202,3,0.2619299166721871,-3.3113469853153226,0.2667598998896437,-1.242974708681811,-1.2941924787067356,4.427678658928186
T_ADX,30,FUT,1944,0.162858092921627,6,2.0760487060849524,-1.585792493299618,0,-2.1616955127094544,-2.637730402515104,-0.08803397770551798,-3.4962025971681303,-1.1177755628650936,-0.013316906834408594
V_RANGE_EXP,30,FUT,1944,0.16170622639361557,4,3.012681489208744,-1.6349457229248936,0,-1.5594627180189828,-1.855419187969133,-1.3597731108994175,-1.637377211317682,-1.932673822873339,-1.4649682864708076
R_MA_DEV,60,FUT,2916,0.15866089295200722,6,2.037350233203273,-2.1922961252146043,0,-1.9491073337533942,-0.10380291842643115,-3.037929427631345,-1.7742892698244574,-1.6885648414763492,-4.600082960175649
V_RANGE_EXP,1440,FUT,1944,0.15740528909294763,5,3.702640349539618,0.16361521969243545,5,0.39654912567967876,-0.260407743856318,0.038709572527257576,0.16447736584185907,0.27644818183792125,0.365914816124214
T_MTF,60,EQ,1728,0.1555668797565425,5,3.9515424091566653,-1.1897833614121591,1,-3.1464059042649635,-3.538861676633517,-1.2581542927701712,-0.20188218139640163,-1.7254009359972036,2.7320048225893037
T_EMA_X,60,EQ,3672,0.15532776323514422,5,2.6321943942877297,-0.7256091445915708,2,-1.3700393618879645,-2.2979991531849775,-0.6333993683512934,0.3241972860452957,-1.3483674665743421,0.971953196403857
M_ACCEL,60,EQ,864,0.1549754599033706,6,2.815927262447145,-3.2819395088151975,0,-3.257297171518654,-3.9477520487111843,-3.396668970604772,-3.9532096292863166,-3.855726893184263,-1.2809823395859938
R_VOLSPIKE_FADE,15,EQ,864,0.15203856994251275,5,3.6897302889946766,-3.510453905309685,0,-5.211647327469727,-1.9442214984297763,-2.0913635164803845,-3.6615228638388855,-3.418146417378033,-4.735821808261303
T_ADX,60,EQ,1296,0.15154472020538934,5,2.152818911160308,-1.8972455101886385,0,-2.624101970071352,-1.9076925823399618,-1.9682341264329322,-1.5149969805263552,-2.016928486839258,-1.3515189149219724
V_RANGE_EXP,60,FUT,1944,0.15012776887229404,5,3.310543357815185,-1.142020916251134,0,-1.1840175247939453,-1.199837919380378,-1.1235021681427044,-1.3682267977655358,-1.2938514790792823,-0.6826896083449592
V_REGIME_TREND,60,FUT,1944,0.14982823487992344,5,4.663540547428795,0.21556128993152585,3,,-4.6812749224225145,0.436734832885704,1.4311745204982305,-0.5027133667205768,4.393885385416786
T_KELTNER,30,FUT,2916,0.149612485254943,5,2.3202640783490924,-0.9853201290820062,1,-0.9525226673431033,-3.336830133824065,-0.010871201169755517,-2.748657889656085,-1.4411911299499038,2.578152247450875
T_ADX,60,FUT,1944,0.1470465904030905,6,2.388889303787869,-1.1466778562927624,1,-1.5084793009463486,-2.433403296162345,-1.493470694470943,-1.732850392947333,-0.9169143402628401,1.205050887033236
R_EXTREME,30,EQ,2592,0.14421627475064097,5,2.7250328286421053,-2.1133721242748553,0,-2.9261644454403104,-0.6997716365142875,-2.933750963614715,-1.1549371947946085,-1.6208875176826656,-3.3447209876025434
T_KELTNER,60,EQ,1944,0.1414169696194509,5,1.9363432559074025,-1.3144448838765652,1,-2.1365875124419307,-2.5641283671416937,-1.275319303958516,-0.7456270065940089,-2.0006233718568787,0.8356162587336359
V_REGIME_TREND,60,EQ,1296,0.1393079814489821,4,4.632211522635174,-0.3058821504940693,2,,-2.898065149022229,-0.10790173159671974,1.4842785997263412,-1.6382701573280067,1.6305476857502674
R_EXTREME,60,EQ,2592,0.13840404396596537,4,2.7602889577633483,-1.7726214849632083,1,-1.7338081445241538,-0.5560064348838452,-2.0911546196186452,0.49993991015430994,-1.004706525483055,-5.74999309542386
M_TSMOM,60,FUT,5832,0.1356792200496371,5,2.4345222594156954,-0.4081599538256748,2,-1.0696918334501515,-2.578197141318264,0.6273744262322264,-0.9628372134389882,-0.6088710906966062,2.1432631297177345
V_SQUEEZE,30,EQ,1728,0.1355472800903926,5,2.0363573446379184,-1.341057795460829,1,-0.15931278663976284,-3.3853716407778833,-2.2526673343746837,-0.49620454322007335,-2.167715866924384,0.41492539917181404
T_EMA_X,1440,FUT,5508,0.13123777195169642,4,0.6485724874367976,0.8931159920740678,6,0.553586396402611,0.14508148217035205,0.504247917362335,0.3907933304053927,1.132781464096919,2.632205362006797
T_EMA_X,30,FUT,5508,0.1310882020677484,5,2.212749286262064,-0.735816118575392,2,-1.095121455961439,-2.8404718404278335,0.09560108717568219,-1.0454509903296403,-0.7417945479240653,1.2123410360149443
V_RANGE_EXP,60,EQ,1296,0.12757296390180028,4,3.2607936499904864,-1.696427995335638,0,-1.9659710402981294,-1.511240363476437,-1.7044610649794945,-1.7611091276413375,-1.6464433672446437,-1.5893430083737872
M_ACCEL,60,FUT,1296,0.12707139449012633,5,1.446962277117516,-1.9332470314404364,0,-1.9837324997561536,-3.449013678944211,-1.46210916519781,-2.7813486756991646,-1.5909320529721998,-0.3323461160730795
U_OBV,60,FUT,648,0.1187782129839876,5,1.157130285376724,-0.808220625012523,1,-0.9705888619859565,-3.096103476746834,-0.10539665518584546,-0.8893876660911929,-1.2344968259971605,1.4466497359318518
T_HMA,60,FUT,1620,0.11233280351431923,4,1.6709472979109412,-0.5852493266989947,2,-1.2787545983704296,-1.88394538877848,0.8484501563831616,-1.7360534306525348,-0.6767484593335696,1.2155557605578844
M_ROC_VOTE,1440,FUT,2592,0.10684488182269618,4,7.009904016384188,2.434596098717044,4,4.615706561942862,-0.9100590889036173,2.81401277997182,-0.7387648278850456,3.0160420413759983,5.810639125800247
C_CARRY,1440,FUT,162,0.1062120616286834,4,-0.6253345389987608,1.1938587240922043,3,-0.5678683715565229,-0.03727908929845274,-2.785347012388339,2.933835261729461,3.1720922944443806,4.447719261622699
V_SQUEEZE,60,EQ,1728,0.10348077315871017,4,2.5472068715431475,-0.7140234097246493,2,-1.1192942941482855,-2.4604604568634887,-2.703508699577448,2.674214008428361,-0.8246845802509515,0.14959356406391744
R_MA_DEV,1440,FUT,2916,0.1013877323988901,4,2.5534484575873755,-0.8896162137492686,0,-0.8519275177417066,-0.23355030472493948,-0.2638271507030611,-0.3412893673241314,-0.6489369584264278,-2.9981659835753445
T_DONCH,60,FUT,1620,0.09949027017734173,6,2.1960924505231403,0.04651376078352295,2,-0.3617209552095718,-2.7021394695666143,1.8870190495990844,-1.135026092819421,-0.7822255259462054,3.3731755586438656
T_PRICE_MA,60,FUT,3240,0.09905633756548175,5,1.0012017072265313,-0.7229070455987991,2,-1.1153058773715134,-3.2918706211633255,0.36899144598427236,-0.8624858099006942,-0.8596918179972741,1.4229204068557406
U_SIGNED_VOL,60,FUT,3888,0.09793923141738996,5,1.8327201811035974,-1.6834325754892354,0,-1.7865266506965976,-1.8454521032646567,-1.3389940524720754,-1.9659196355382211,-1.7862935861822182,-1.3774094247816437
R_BB,1440,FUT,5184,0.0926115629798609,6,3.399304536432472,-1.2386959250719498,1,-0.7669951487795781,1.2153402955953991,-2.6266287598827307,-0.333746151192854,-0.9034146188711236,-4.0167311673008115
M_ROC_VOTE,60,FUT,2592,0.09248588230935788,5,1.1427808698355113,-0.36759880674200485,2,-0.5869400833881948,-3.1749471349856906,1.4979777616111614,-1.3300325506055368,-2.0547099159285414,3.4430590828447727
T_KELTNER,1440,FUT,2916,0.0918920775369012,3,2.8440251889382453,1.7164001197875145,5,1.6384844843685866,-0.14902033716938673,1.7628102416816271,0.3586798989222444,1.5440050819175752,5.143441349004441
T_SUPERTREND,60,FUT,2916,0.08029693902273098,4,1.198429990350365,-0.47961026623883923,2,-1.1874159060730831,-2.001910801280829,1.7798070877154535,-1.4509744056431582,-1.1757214127856481,1.1585538406342293
T_EMA_X,60,FUT,5508,0.07579076573162252,4,1.4008045271404865,-0.16382071124953898,2,-0.7829440688811307,-2.405736982726067,0.6304836401140619,-0.03970136972208744,-0.41655864806421083,2.0315331617822
T_ADX,1440,FUT,1944,0.07477692849171816,4,1.8801952278085274,1.6465210048174261,6,1.393342124992982,0.21565480036156864,2.632803413787797,1.2790353697167025,1.5970395268305582,2.7612507932149484
T_DONCH_STOP,1440,FUT,1620,0.07250412207312935,4,0.6103032616168146,1.284734567110007,4,1.3189259666363267,-0.7487528364512124,1.666100953119111,-0.49074145500533317,1.2338924164409668,4.728982357920183
U_OBV,1440,FUT,648,0.07079120873251717,4,0.5303253595467631,0.9838455352698015,5,0.5714058276337425,-0.7716095295260083,0.9823180455142032,0.2774985255857184,0.8012044991945394,4.042255843216613
V_SQUEEZE,60,FUT,2592,0.06786923698908802,3,-0.27856236664006745,0.47130235200623466,4,-0.8741590113455032,-3.100704003102378,2.778207949424536,1.3041780182907257,0.9583895394351855,1.7619016193348418
U_VOL_BREAK,30,FUT,1296,0.06557241429058985,5,0.5342192145970649,-0.9912803844032352,1,-1.6025212342402768,-2.8643563288832654,-0.5399153422254445,-2.319422404800475,-1.4253388938775975,2.803871897607648
T_KELTNER,60,FUT,2916,0.05817751879853476,4,0.5406910466210918,-0.21390352585819591,2,-0.49265923378946175,-2.7415196290667025,0.7574701869828371,-1.4130527026780348,-0.8050469753520074,3.4113871987541944
U_VOL_BREAK,60,FUT,1296,0.047111038926615424,5,0.22452218654817768,-0.17662203265324905,1,-0.38168366758989164,-2.5791714644158854,-0.04643974990631912,-1.3928615537687226,-0.5911616304645412,3.9315858702258657
R_RSI,1440,FUT,5184,0.04614971965808206,3,-0.27275021334795785,-1.5381599359182336,1,-0.6742239718540579,0.579680970190358,-3.2402787279587737,-1.9364875461485287,-0.9820017184655606,-2.975648621272839
U_BAR_PRESSURE,1440,FUT,1296,0.0448452954978883,3,0.333955569030904,0.5647403858447696,4,0.0949658141670018,0.7005456654208774,-0.5432677581068556,1.497500377690832,-0.6526978482290309,2.2913960641257933
M_ACCEL,1440,FUT,1296,0.03733019604568063,4,0.16491264565037791,1.9741448452786223,4,2.2594581288314664,-1.4956338296247564,4.605470229973503,1.935349074946805,-0.33046809131388627,4.870693558858603
R_BB_LIMIT,1440,FUT,2916,0.033741629449296685,4,2.3127416583175373,-1.9092068087528344,1,-1.4468032742284813,0.9858338504804708,-4.823686089929289,-0.3949826335632559,-0.8586597475350162,-4.916942957741434
T_DONCH,1440,FUT,1620,0.030293616422297245,2,1.079732292245046,1.215315063761363,4,1.0671486682887494,-0.8900553141088076,1.4102596232279734,-0.16001933490743453,1.6944072999655955,4.170149440102102
T_HMA,1440,FUT,1620,0.024604707112268937,3,0.3050384275868205,0.8440393324552384,5,0.4688509246401667,-1.541227472192187,1.9787425998519295,0.4658257232495557,0.14107341494811246,3.5509708042338533
M_TSMOM,1440,FUT,5832,0.01613753912969147,3,0.606381117766948,1.2681522016337243,4,1.9191233499330538,-0.430304265914273,0.659519712858619,-0.24168005089265157,1.1275841913590863,4.574670272458511
V_NR_BREAK,1440,FUT,972,0.015089426454126725,2,0.1805630670139471,0.5205741365769526,3,1.5379178575823622,-0.9958798238932455,-0.1640631277406873,-0.600573339702492,0.7968245753622462,2.549218677853532
V_SQUEEZE,30,FUT,2592,0.00461985147604885,3,-0.4476570988224622,0.20505152057678688,4,1.0081925876863707,-2.654190952393821,2.3482768989827143,0.37503906146752203,-1.08255869462266,1.2355502223405952
T_SUPERTREND,1440,FUT,2916,-0.0023648620833575337,3,-0.1460093355548516,1.0364164390172375,5,0.777131257975088,-0.32126123417889735,0.16858774950882488,0.34922938037555257,0.9315284765222561,4.3132830039006
U_SIGNED_VOL,1440,FUT,3888,-0.035824330451933645,2,0.21870349145450083,0.04853251860176045,2,0.09426342436330808,-0.1563893787955913,-0.19536916665151244,-0.03999076648527122,-0.0998506014955403,0.6885316006751699
R_VOLSPIKE_FADE,30,EQ,864,-0.038194020495333436,2,-0.8976305965527082,-1.7723536488351275,0,-1.4790171308492484,-1.1062732699171292,-1.5148485707432304,-1.8940098220292256,-1.479175852467019,-3.160797247004912
U_VOL_BREAK,1440,FUT,1296,-0.044527330936192946,2,-0.785067147994897,0.2832968995093753,2,,,-3.68924378708348,-0.7687026133620839,0.990056468003655,4.60107753047941
I_DOW,1440,FUT,180,-0.05364722668093453,2,0.3515950194124555,-0.7150549534707267,0,-0.6830718236813206,-0.6911118759945698,-0.7515663475051308,-0.7409445581121449,-0.693767090848869,-0.7298680246823246
R_VOLSPIKE_FADE,60,EQ,864,-0.0912543161397839,1,-2.8135476326972575,-0.6814921854021865,2,-1.9473292044493415,-0.6061217935685687,0.2727050753778987,0.42081681722497133,-0.43361807819253806,-1.7954059288055402
R_EXTREME,1440,FUT,3888,-0.14476541705068569,1,-2.528001354948984,0.021324052620713907,1,,,,3.9485646050573786,-1.4518399672985525,-2.4327524798966844
I_DOW,1440,EQ,240,,0,,,0,,,,,,
M_ACCEL,1440,EQ,864,,0,,,0,,,,,,
M_ROC_VOTE,1440,EQ,1728,,0,,,0,,,,,,
M_TSMOM,1440,EQ,3888,,0,,,0,,,,,,
R_BB,1440,EQ,3456,,0,,,0,,,,,,
R_BB_LIMIT,1440,EQ,1944,,0,,,0,,,,,,
R_EXTREME,1440,EQ,2592,,0,,,0,,,,,,
R_GAP_FADE,1,EQ,648,,0,,-5.035146827699474,0,,,,-6.667587454993021,-3.269309546018278,-5.168543482087123
R_GAP_FADE,5,EQ,648,,0,,-5.761729310430712,0,,,,-6.8763830702416024,-3.2942954680471312,-7.114509393003403
R_GAP_FADE,15,EQ,648,,0,,-3.242055203102097,0,,,,-1.9080037877032128,-3.0545421639443653,-4.763619657658713
R_GAP_FADE,60,EQ,648,,0,,-0.8789149717169669,1,,,,1.6310694919800863,-1.2916175061075823,-2.9761969010234046
R_MA_DEV,1440,EQ,1944,,0,,,0,,,,,,
R_RSI,1440,EQ,3456,,0,,,0,,,,,,
T_ADX,1440,EQ,1296,,0,,,0,,,,,,
T_DONCH,1440,EQ,1080,,0,,,0,,,,,,
T_DONCH_STOP,1440,EQ,1080,,0,,,0,,,,,,
T_EMA_X,1440,EQ,3672,,0,,,0,,,,,,
T_HMA,1440,EQ,1080,,0,,,0,,,,,,
T_KELTNER,1440,EQ,1944,,0,,,0,,,,,,
T_MTF,1440,EQ,1728,,0,,,0,,,,,,
T_PRICE_MA,1440,EQ,2160,,0,,,0,,,,,,
T_SUPERTREND,1440,EQ,1944,,0,,,0,,,,,,
U_BAR_PRESSURE,1440,EQ,864,,0,,,0,,,,,,
U_OBV,1440,EQ,432,,0,,,0,,,,,,
U_SIGNED_VOL,1440,EQ,2592,,0,,,0,,,,,,
U_VOL_BREAK,1440,EQ,864,,0,,,0,,,,,,
V_NR_BREAK,1440,EQ,648,,0,,,0,,,,,,
V_RANGE_EXP,1440,EQ,1296,,0,,,0,,,,,,
V_REGIME_TREND,1440,EQ,1296,,0,,,0,,,,,,
V_REGIME_TREND,1440,FUT,1944,,0,,,0,,,,,,
V_SQUEEZE,1440,EQ,1728,,0,,,0,,,,,,
V_SQUEEZE,1440,FUT,2592,,0,,,0,,,,,,
