procedure,months,total,sharpe,pmr,m_min,m_mean,m_median,mdd,m202601,m202602,m202603,m202604,m202605,m202606
sharpe_k10_smooth,6,0.0731524047557856,0.8397715515423935,0.6666666666666666,-0.055632668215655885,0.012192067459297599,0.0035248083537258996,0.14459046399069014,0.0161,0.0037,-0.0556,-0.0008,0.0033,0.1064
sortino_k5,6,0.06321475024053796,0.599661029532259,0.5,-0.030359957266190812,0.010535791706756335,0.002196396701390861,0.15908848136519302,0.0046,0.0067,-0.019,-0.0002,-0.0304,0.1015
pmr_k1,6,0.030749935151662904,0.3360930954594067,0.6666666666666666,-0.0411987684464908,0.005124989191943816,0.013592329411399581,0.11850542966666075,0.0227,0.0461,-0.0412,0.0045,-0.0382,0.0369
sharpe_k10_daily,6,0.02476724790171879,0.259885150788686,0.6666666666666666,-0.06977441173817742,0.00412787465028647,0.006608839223083836,0.10109755448686836,0.0115,0.0286,-0.0698,0.0017,-0.0264,0.0791
sharpe_k10_lb3,6,-0.0034502804786691425,-0.027022042375817658,0.3333333333333333,-0.15841279955806542,-0.0005750467464448692,-0.012945137517504542,0.23971296021092242,-0.0164,0.0604,-0.1584,-0.0095,-0.0297,0.1501
score_k10_smooth,6,-0.00512287569665032,-0.0728644587401163,0.5,-0.04106169797398273,-0.0008538126161083851,0.004260931361564886,0.12355786930732009,0.0363,-0.0411,-0.0304,0.0209,0.0216,-0.0124
sharpe_k10_trend,6,-0.028244166946562538,-0.31196607376826874,0.3333333333333333,-0.03388832557836802,-0.004707361157760424,-0.014135999957805881,0.10091755940592018,-0.0339,-0.0099,0.0338,-0.0232,-0.0183,0.0233
sharpe_k10_vol,6,-0.07776936989502155,-0.6543036022888687,0.6666666666666666,-0.09910907656693027,-0.012961561649170256,0.012011133258789296,0.27208194603558583,0.031,0.0113,-0.0991,0.0128,-0.0806,0.0469
score_k10_intraday,6,-0.0782839242005329,-0.7539357849163771,0.5,-0.08520932376063858,-0.01304732070008882,-0.0068691081737950015,0.15885081987212965,0.0146,-0.0199,-0.0541,0.0601,-0.0852,0.0061
sortino_k10,6,-0.09360662212840269,-0.9542773092266201,0.16666666666666666,-0.035457753722727595,-0.015601103688067124,-0.014801398583879183,0.16383527945998316,-0.0055,-0.0001,-0.0355,0.0013,-0.0297,-0.0241
calmar_k1,6,-0.06601219016803862,-0.9807421009136278,0.3333333333333333,-0.028962423141189613,-0.011002031694673104,-0.007308182717545695,0.13529706291200463,-0.0053,-0.029,-0.0277,0.0015,-0.0093,0.0037
sharpe_k1,6,-0.13251531566625618,-1.0017539052289675,0.5,-0.12632457263518562,-0.022085885944376035,-0.016868205186794168,0.2824657686739578,0.0227,0.0461,-0.0412,0.0045,-0.0382,-0.1263
sortino_k1,6,-0.12326726064435896,-1.2357042418921975,0.3333333333333333,-0.07504325582991207,-0.020544543440726495,-0.016090393989085204,0.22568565926199227,0.0227,-0.0163,-0.075,0.004,-0.0159,-0.0428
score_k10_daily,6,-0.1103881837129488,-1.427594806807816,0.3333333333333333,-0.12325332868456385,-0.01839803061882481,-0.015743433116480576,0.169411279580875,-0.0178,0.0387,-0.1233,-0.0414,0.047,-0.0137
sharpe_k10_intraday,6,-0.12540632769768117,-1.4580430958680723,0.3333333333333333,-0.08258987277709293,-0.0209010546162802,-0.03887566672245437,0.15954061112477275,0.0275,-0.0156,-0.0737,0.0811,-0.0826,-0.0621
sharpe_k5,6,-0.17786774672136751,-1.49339492472584,0.0,-0.07746525150556278,-0.029644624453561256,-0.023218827084317842,0.25304200383299547,-0.0119,-0.0015,-0.027,-0.0775,-0.0194,-0.0406
score_k10_trend,6,-0.11811256624622887,-1.5809051503792937,0.3333333333333333,-0.08940927415700904,-0.01968542770770482,-0.013467145489866194,0.19723421399674768,0.0091,-0.0394,-0.0894,-0.0235,-0.0034,0.0285
floor_k5,6,-0.20554697661659896,-1.6951635898470203,0.0,-0.09318729049333302,-0.03425782943609982,-0.02265876458508026,0.27491026077601854,-0.0044,-0.0088,-0.0181,-0.0932,-0.0273,-0.0539
score_k10_eq,6,-0.14338296423508748,-1.9427198852617475,0.16666666666666666,-0.03992409723813615,-0.023897160705847912,-0.02772368384982706,0.17452385341532614,-0.0309,-0.0186,-0.0399,-0.0254,-0.0301,0.0015
pmr_k10,6,-0.25370464173152696,-2.0250863372144194,0.16666666666666666,-0.09084740328619126,-0.042284106955254495,-0.03474580649882185,0.36766434057282377,-0.0164,0.005,-0.082,-0.0359,-0.0336,-0.0908
sharpe_k10_fut,6,-0.20280176271198874,-2.028799918394856,0.16666666666666666,-0.1530148207904734,-0.03380029378533146,-0.018426688280822986,0.2534162644121494,-0.0013,-0.0128,-0.153,0.0458,-0.0574,-0.0241
score_k10_vol,6,-0.1739834255808043,-2.0769199874120394,0.3333333333333333,-0.10510986412005224,-0.02899723759680071,-0.01998898093394911,0.23431126799936797,0.003,-0.0214,-0.1051,-0.041,-0.0186,0.0091
sortino_k20,6,-0.19745259136204388,-2.0950111552101434,0.0,-0.058838158489604095,-0.0329087652270073,-0.030820600847963706,0.2672143718724117,-0.001,-0.0245,-0.0563,-0.0588,-0.0372,-0.0196
pmr_k5,6,-0.2665454894965638,-2.1259160458945385,0.0,-0.10614317742041739,-0.044424248249427305,-0.03558341610848299,0.39674859113611216,-0.0119,-0.0015,-0.027,-0.0442,-0.0758,-0.1061
score_k10_lb3,6,-0.2841413908485061,-2.156366260057192,0.3333333333333333,-0.33913727633492347,-0.047356898474751004,-0.0157166911225689,0.40884005456906697,-0.0103,-0.0211,-0.3391,0.0894,-0.0612,0.0582
score_k10_pmr08,6,-0.19459200723184056,-2.1740869119907384,0.0,-0.0906065080161633,-0.03243200120530676,-0.023111623483478994,0.2755979974457018,-0.0103,-0.0433,-0.0906,-0.0238,-0.0041,-0.0224
score_k1,6,-0.19378828070203824,-2.293213411151826,0.3333333333333333,-0.09172470655796822,-0.03229804678367304,-0.03645950754708583,0.2562589106574742,0.007,-0.0385,-0.0534,-0.0917,0.0172,-0.0344
floor_k1,6,-0.25249553476339137,-2.3926364580438926,0.0,-0.07391730941680907,-0.042082589127231895,-0.036685544253077254,0.25349504052278704,-0.0739,-0.0163,-0.0405,-0.0631,-0.0258,-0.0328
score_k10,6,-0.20742372762570765,-2.41632567060402,0.0,-0.0906065080161633,-0.03457062127095128,-0.02952748368041256,0.2643786141870201,-0.0103,-0.0433,-0.0906,-0.0238,-0.0041,-0.0353
calmar_k5,6,-0.22290410156271057,-2.5501921206296676,0.16666666666666666,-0.11307162748060412,-0.0371506835937851,-0.03495156887327978,0.30142437805752603,-0.0011,-0.0387,-0.1131,-0.113,0.0742,-0.0312
floor_k10,6,-0.282049684604024,-2.6149396777847462,0.0,-0.1256666558759323,-0.04700828076733734,-0.04002629332933467,0.344484997967731,-0.0331,-0.022,-0.0521,-0.1257,-0.0469,-0.0023
sharpe_k10,6,-0.2507287749777932,-2.635446530355668,0.16666666666666666,-0.09284494336658464,-0.04178812916296554,-0.04503668908141254,0.2861243667348825,-0.0164,0.005,-0.0928,-0.0565,-0.0341,-0.056
sharpe_k10_pmr08,6,-0.26142005467254115,-2.7072931297464544,0.16666666666666666,-0.09284494336658464,-0.043570009112090184,-0.04067412383140975,0.3136022779450826,-0.0164,0.005,-0.0928,-0.0759,-0.0315,-0.0499
score_k10_h60,6,-0.2526361565083327,-2.7403561808904127,0.16666666666666666,-0.12457584948159482,-0.042106026084722116,-0.04066315441480871,0.3363306712763844,0.0241,-0.0429,-0.1246,-0.0575,-0.0134,-0.0384
score_k5,6,-0.2193597775204647,-2.962338784672845,0.0,-0.07642202832642701,-0.03655996292007745,-0.033447769574003555,0.27626806442224916,-0.002,-0.0624,-0.0764,-0.0223,-0.0116,-0.0446
sharpe_k10_h60,6,-0.28483443198424596,-2.9878173978625733,0.16666666666666666,-0.1590542336415098,-0.047472405330707644,-0.026811646029210344,0.3032695528661178,-0.0335,-0.0201,-0.1591,-0.0086,0.0011,-0.0646
sharpe_k20,6,-0.2581463587922663,-3.128130850740757,0.16666666666666666,-0.09280589749153481,-0.04302439313204437,-0.037770452198642446,0.28126608902906225,-0.0319,-0.0436,-0.0928,-0.0605,-0.0305,0.0012
score_k10_mr,6,-0.2809924804789645,-3.223692754825959,0.16666666666666666,-0.12978049321808421,-0.046832080079827414,-0.042364783833993835,0.3365430176586398,-0.0048,0.0092,-0.1298,-0.0531,-0.0316,-0.0709
pmr_k20,6,-0.3327749370994244,-3.2401245790371807,0.0,-0.09455306616840109,-0.05546248951657073,-0.0521342295767538,0.40491900999929165,-0.024,-0.0502,-0.0946,-0.0688,-0.0411,-0.0541
sharpe_k30_c05,6,-0.304694197084585,-3.2958044277933083,0.16666666666666666,-0.15197064630299864,-0.050782366180764156,-0.04202609829838093,0.34509479869817783,-0.0441,-0.0263,-0.152,-0.0474,-0.04,0.0051
sharpe_k10_eq,6,-0.2899172740843047,-3.4313827229165836,0.0,-0.09556375136549246,-0.04831954568071744,-0.039866458988161504,0.3324657403420298,-0.0956,-0.0291,-0.0061,-0.0794,-0.0436,-0.0361
calmar_k10,6,-0.39365543964523086,-3.484801400501214,0.16666666666666666,-0.22496055911665483,-0.06560923994087181,-0.05851253658230596,0.4592268735406647,-0.0144,-0.0559,-0.225,-0.0611,0.0573,-0.0946
floor_k20,6,-0.3266559832776218,-3.624844589673237,0.16666666666666666,-0.11410820692209991,-0.05444266387960362,-0.05721339107018974,0.38962146259620434,-0.0377,-0.0363,-0.0767,-0.1141,-0.078,0.0162
score_k10_fut,6,-0.35986098458897,-3.684544907103244,0.0,-0.1877619094383525,-0.05997683076482833,-0.03964860773675566,0.4469521616984312,-0.0049,-0.0438,-0.1878,-0.075,-0.013,-0.0355
sharpe_k10_mr,6,-0.384132320887333,-3.7314301692482568,0.0,-0.12214641058462963,-0.06402205348122218,-0.06002487179103969,0.39540690119738386,-0.0532,-0.0394,-0.0775,-0.0669,-0.025,-0.1221
score_k20,6,-0.356112570437747,-3.7734703286152262,0.0,-0.19687369651429634,-0.059352095072957835,-0.03612259298972084,0.4270860151379154,-0.009,-0.0455,-0.1969,-0.0361,-0.0325,-0.0361
score_k30_c05,6,-0.4480521676703411,-4.095083570602483,0.0,-0.15791452418482244,-0.0746753612783902,-0.06480603987177672,0.525913906374156,-0.0171,-0.057,-0.1579,-0.0865,-0.0591,-0.0705
calmar_k20,6,-0.47522896537033393,-4.653123177414956,0.16666666666666666,-0.21475799583060226,-0.07920482756172235,-0.07559320403032807,0.5149815747313308,-0.0152,-0.0495,-0.2148,-0.1066,0.0125,-0.1017
