path,rows,sha256
data/raw/iss_daily/BR/BRF0.csv,143,e4f6e6f4705f905b35ea87824d3887d4df092c9dc2c5c1fd625ea700d3716e84
data/raw/iss_daily/BR/BRF1.csv,235,53a7162a2227f7aadbaace4cf87adba7e2181ad8aba1f86c6af7ac2355c173bb
data/raw/iss_daily/BR/BRF2.csv,236,609259f0ae2ec51929b724082c216404e9ca5337e4311693a9c948694e0af076
data/raw/iss_daily/BR/BRF3.csv,215,1c6215e546f4b56fc200b471a1976da56d6ed83d919d134c9f9a21ba09c5ee3c
data/raw/iss_daily/BR/BRF4.csv,234,bb3d839ad8e19e6438ef7e3b3eb6785f4417cd889fd65875d7af87f1b49a9c44
data/raw/iss_daily/BR/BRF5.csv,205,a039f6abde5e67b2efa6e03b81a98c9aeab756262cd2370ff704f00dffa26810
data/raw/iss_daily/BR/BRF6.csv,236,df41ac56a995e8952d72fb6e9a5f17c7738d6dacf6bd5346d99c9ea2f71a0151
data/raw/iss_daily/BR/BRG0.csv,155,97181ece56d88e656c039c0beba4f8729cd1f82a47fe6608f3054c29ad77f497
data/raw/iss_daily/BR/BRG1.csv,240,497591b270ea2f298086ac6cc2345dc0d241ec685982c3c773fffb2e2b67de7a
data/raw/iss_daily/BR/BRG2.csv,231,920334e1f985903927a0910026cea8e28663b0c81c100470d89584951e611f43
data/raw/iss_daily/BR/BRG3.csv,214,18f4bbf8065b54c7a08c935bfd3dbf63abf97c74c88afe1a51d3178113d39199
data/raw/iss_daily/BR/BRG4.csv,219,26021914fe18657618d73cab7427c0ec0bc7ed5d5da75d640a8a8832d2593865
data/raw/iss_daily/BR/BRG5.csv,214,0d18b247e323ea5fb70e785f00df9233e22ebe53a17cf3af099ec84cb563dc9d
data/raw/iss_daily/BR/BRG6.csv,226,76316879807a1e46794edd8415b5a6eaf97b4b7109f67da7a5ba59e78142c3a3
data/raw/iss_daily/BR/BRH0.csv,161,f4d56714b6104c8dda6fa4d024f7148af81895154034592561e4dc8dfab32704
data/raw/iss_daily/BR/BRH1.csv,246,92dda968d3c06bfff278ff00d0c6b05f39072aff882a45abed972280e686056b
data/raw/iss_daily/BR/BRH2.csv,248,413e6de8a5605c0d44d416d61201b98471aaeb9d9c830ebc95cafd54ec1623cb
data/raw/iss_daily/BR/BRH3.csv,197,b954a44c80bb8125f5f968e0a9ac81cce66eab253d730736c70968bcb71b73da
data/raw/iss_daily/BR/BRH4.csv,232,e56a5eb280c8e52a2cb92c62ef5e317e6f7e70f96f763e7bdfeaaa2ada3806e0
data/raw/iss_daily/BR/BRH5.csv,197,15f72c563ae384eb45d8719d116b2ee6d17dcdd31b0262f931dae5ec338f73aa
data/raw/iss_daily/BR/BRH6.csv,237,7049295637ed9f71908b60267630db778befe4596f8fcec59d29ac4be0a6e321
data/raw/iss_daily/BR/BRJ0.csv,160,cd629a264856c4a1e78c702990974cffebe882b1a6a54d166b72e59814ed6c98
data/raw/iss_daily/BR/BRJ1.csv,235,b0fd4aeb959e061f8de76f8ad1545194d1729624ce8aeea3f7335f91e040f278
data/raw/iss_daily/BR/BRJ2.csv,231,1a392a1bdb666fe176d8f63ffed09df4df0aa3a28cf027d3b79a9887e40a2dc9
data/raw/iss_daily/BR/BRJ3.csv,169,9b8dd0bc8587f4216fc8077e78e17f5e3c5294dfa2d0a53b39f35b9ce945c7f9
data/raw/iss_daily/BR/BRJ4.csv,218,2584ad9435eeda30214b1a92fec1d157d254936081b6d7a141286d12e8914c95
data/raw/iss_daily/BR/BRJ5.csv,204,5b506ca521023b131eb64323746016e2a47fa6bd359f7d76e1c49491fa54400f
data/raw/iss_daily/BR/BRJ6.csv,241,2e8eb5ae9e30871229280739d3ad90efd89824587266732d98c59c1edd08d6fa
data/raw/iss_daily/BR/BRK0.csv,195,41eae4c9372d5580dab116157a1aa12e0c1a0ace4f788fd30066d997ec34f4eb
data/raw/iss_daily/BR/BRK1.csv,226,df930856f02304b587af424c1d7cd5dbe1effff68344a77b4bf2489de7602aa5
data/raw/iss_daily/BR/BRK2.csv,236,c980b2f8b76963e71825e12457a62de3fcb48587d8d8d78a90f580c80ed55718
data/raw/iss_daily/BR/BRK3.csv,203,da4fb5926189087063d2053dd14881f890e191d637bf6031d1ad061937678f9e
data/raw/iss_daily/BR/BRK4.csv,221,3b71fe2729eef73b11868d706e0c985bfebebef3732543e136ccc24c6e675709
data/raw/iss_daily/BR/BRK5.csv,201,f16b46f8a0d41c9db0282a765a8faea7fb92df1c087b9e7db828ce981e8b76c9
data/raw/iss_daily/BR/BRK6.csv,151,26f356f385cb30de1e1cf40d3cd15e66207f1db07ce40daec57352c1563aac0d
data/raw/iss_daily/BR/BRM0.csv,196,313707d58046cedcef66fe8d2f86979c05e81528294fec0ec961ea80f7afb056
data/raw/iss_daily/BR/BRM1.csv,232,377215ca1e3c623872b05b5cb51d0b1178da2ae7948b9fce584dbe01c0016539
data/raw/iss_daily/BR/BRM2.csv,248,e30143a043fe10d551ccdf8a60243a91ef32ba276baef3faafdb898c92513d5e
data/raw/iss_daily/BR/BRM3.csv,202,26c7691c027bdecf61245421451155e404118c344f4b18383f301ca8bde3976f
data/raw/iss_daily/BR/BRM4.csv,242,359bec9c3d0d12f63d3ad9baea1591e2e8e0c960df5039c8f2e8067ae04d2d4a
data/raw/iss_daily/BR/BRM5.csv,228,a1760f054b0859d6773c25275de52d607b4de89e6efb09d693a3465cf6af3a43
data/raw/iss_daily/BR/BRM6.csv,144,89a05b17fd70a7e5b288a3b8dc48e064f1339f43b13c3499ac883c842be5c8e9
data/raw/iss_daily/BR/BRN0.csv,202,69703e8505a93bd65c2af2c48a9eef66b4d010ffed45a80bb2ae7e7c132767c7
data/raw/iss_daily/BR/BRN1.csv,228,b674eb62264f7f373fd29a8f78ac3acca715c6faacc9396330d28a7ff6c267bd
data/raw/iss_daily/BR/BRN2.csv,251,03d83d493c5422810fc07fa3830062c9b6b2413dfef62295237b54a647e90e1b
data/raw/iss_daily/BR/BRN3.csv,227,800ccb993b02bacca9fcb9a44010e6a09b0ed3e91c949f9af7c7d3707f96b154
data/raw/iss_daily/BR/BRN4.csv,229,7e240cfd6d3c5e92f28212a50be5c7d06f0f794cde368e3062ab74a63867920a
data/raw/iss_daily/BR/BRN5.csv,222,c74a1b4cd34f52af5aaff417046da9a6b3da3b271ea2dba072bb700c56220654
data/raw/iss_daily/BR/BRN6.csv,151,5a9d0e78e48359700cbe47f0884c868b12cdb4078d4297bde2f17f8ef5c7c28c
data/raw/iss_daily/BR/BRQ0.csv,198,1287f786b1db8c5dbb47cf4a8a9e2a28c004f63a78dcb8b827308c92d5eda91d
data/raw/iss_daily/BR/BRQ1.csv,218,5ba34190705a663e641d97a07ce9eabc7c2740bd0c10837eb97e8683c2b30a9c
data/raw/iss_daily/BR/BRQ2.csv,241,e20ac3d7d783673ec8143b3e5d923ad703b424d7870b757b71d6b49c93451f63
data/raw/iss_daily/BR/BRQ3.csv,205,5ffa6436b3ae021a8c1b50eaad302cbf06ab137902e8ccf48bc5b50c3cf75489
data/raw/iss_daily/BR/BRQ4.csv,203,85c0395e35e6b99d8c13c477444652b465b3c0e2bc9974798125593af75e78d8
data/raw/iss_daily/BR/BRQ5.csv,215,3cdaff5610309978fcab6786d9484ec67528f0e24b71517f9d95e4fcbba64988
data/raw/iss_daily/BR/BRQ6.csv,151,9cc5b7b46ba95ad7204f28ab58321e2ce149bfd334fcf0baefc765ec98fa829c
data/raw/iss_daily/BR/BRU0.csv,199,73ad4a2e9326ccd4e3383558958e3dbf84988871a2b8f0319fc8a22ec6722132
data/raw/iss_daily/BR/BRU1.csv,232,7886c832e326c2a3e99863747851f30ada7523779e752d7e882ff39ad5fcd2f9
data/raw/iss_daily/BR/BRU2.csv,247,f25e2777c5551e929d45c964dffa213dcfda9238f6599d83749b39c23cb54cdf
data/raw/iss_daily/BR/BRU3.csv,217,ab484f56248bc0c90104c1de5c4e71a7e38ed8ad5e7e102a93e718394609933f
data/raw/iss_daily/BR/BRU4.csv,230,be5afb9beaa2f854e84a45c3ab8effd8a00a9f8fcd81021c3ebe1524023f8775
data/raw/iss_daily/BR/BRU5.csv,235,5d788eaa77161b043fd9dedab2bb2c5405ce38bb6fc10a0976e2ddfa876d1f3e
data/raw/iss_daily/BR/BRU6.csv,152,dbf4b537066ab3c8cc9782cc6793eca31dc3ab253435b06a6931c61208a9ca9f
data/raw/iss_daily/BR/BRV0.csv,204,739720eecc3d9ae5d3950cf3421dd541acec0ea6fd57df8471c3d4d99b4c67f6
data/raw/iss_daily/BR/BRV1.csv,227,9b20a313d446a58b949a1bf1473c0c16813e8e134b0335a8d2a4126e9bade4c5
data/raw/iss_daily/BR/BRV2.csv,241,f562a112fa5c8312ca8eaad19a51afcb86206f09d2a2823b6c30c08d14199940
data/raw/iss_daily/BR/BRV3.csv,192,a6ff1fe8ad759645ce1bb5a3cd973e3d3ead572d9fd0b12041fa9bfe879d8a68
data/raw/iss_daily/BR/BRV4.csv,234,d47b1e87fbb25c8c61fafdf1f112c24c1a737e39bce7a99a53fd06beefda5d4f
data/raw/iss_daily/BR/BRV5.csv,238,cd3de19ff60b8e4266f0719d25e403b3c812ab14efdcd19bed76d143be0d87d2
data/raw/iss_daily/BR/BRV6.csv,153,6fd1f41352d90bffceb4f5e0eeced7fa405c05d7ac30d424e762aa3d62bc7384
data/raw/iss_daily/BR/BRX0.csv,301,b2ac2ad741d45c46b7eb308cec0b07b17afb5eb5f5f71d71275f526f8c406667
data/raw/iss_daily/BR/BRX1.csv,240,9a589086f4ffda2b8771a45a51cda59043bd528b01f6fe493140704f4bb2a196
data/raw/iss_daily/BR/BRX2.csv,245,af38417e1c6204983695e0b0cb041a6854c70d827f30aa5f1edfd0db71fc6db0
data/raw/iss_daily/BR/BRX3.csv,221,27bffcda65cb9f514e918323a2c3b3e4103480f6deffa9e51150605950d365a9
data/raw/iss_daily/BR/BRX4.csv,233,52889dd26d5f7cbcd6d45fe32855f7298c1858a22cdbb900b9f38a2df3e8b512
data/raw/iss_daily/BR/BRX5.csv,226,0ae972126a77cf6a5ab0ec4c6baeac40284de871f3280ebd018808c0ce8543ee
data/raw/iss_daily/BR/BRX6.csv,132,650afe28feb84cdac53850d127945b9a099e868434e71b032b965d359c9da8fc
data/raw/iss_daily/BR/BRZ0.csv,247,0bbe1e87fcadeaf4cf52546b0c2970a879e6ca79c5e186331444cc02e5c9e8f8
data/raw/iss_daily/BR/BRZ1.csv,254,55a9eeaed9f651b9a29713154afde2f2568b454a05e4933fe6c688c361c9547b
data/raw/iss_daily/BR/BRZ2.csv,255,9e690d46c54992261828d310154c8bc13b16069f3eddeb4428e673308b6093a2
data/raw/iss_daily/BR/BRZ3.csv,245,6dc3c3c5f24605709329a076547acc01bb47d1011085af749add92571d5a971d
data/raw/iss_daily/BR/BRZ4.csv,222,8692b0e687974818ad39535ca29c5a83f5eb3239f6f2cc3786d4b91d6b40ecfb
data/raw/iss_daily/BR/BRZ5.csv,236,a37116b0566ea43447351e796dcfc88f120c0ce6cb9e1d76c9a01b127f6d14e2
data/raw/iss_daily/BR/BRZ6.csv,109,5cc3e5d85345995b48402cf34262fea3817657f996f806edef49496fa14e3890
data/raw/iss_daily/CR/CRH3.csv,149,7a640f344ce2c6070c529c6b6350bc3962909d5d8fa85e46c371b5e24e5fa75e
data/raw/iss_daily/CR/CRH4.csv,312,6fbcaefec9fc2dde6be9c707bafdabadb676c8925c818da642a10dd942144848
data/raw/iss_daily/CR/CRH5.csv,349,c1492537616b08ae766fb6bf003f2bf252cc5d267b2d31aad216083fadc0446f
data/raw/iss_daily/CR/CRH6.csv,362,b8e733a55a2822ba6c1760ebcd2b99dd4f842c2f42ebad406ffae2f535de2947
data/raw/iss_daily/CR/CRM2.csv,36,aecf4902655e3926cd51224aef5a1a4a48d80b122b8eaddad0ea63f83413f537
data/raw/iss_daily/CR/CRM3.csv,189,94f30f70965708f9ee541e492ef2b38cd9922edce443d43cc7dc585b2ae3ded8
data/raw/iss_daily/CR/CRM4.csv,362,f3266767133bdb58bec407587ad7561a1f56c2dea44d1ff89f7fb605cd649901
data/raw/iss_daily/CR/CRM5.csv,343,3763a0bf61e4f3c67fb4237f38a5185a2041838eebade416f1b7f755b31f6c56
data/raw/iss_daily/CR/CRM6.csv,368,6da1ca9c24e05a23c9c385b5be97672f3782db8486a1a85d8fcdf5408ea63491
data/raw/iss_daily/CR/CRU2.csv,90,1926220b30a3d2612e2891cbed2f41df2b6cf639331249c8f149b9b87c286be8
data/raw/iss_daily/CR/CRU3.csv,212,c1d749759fe5b192bc313c05b2bfb25c70f9038e8978ccc3827d90afd5df4b44
data/raw/iss_daily/CR/CRU4.csv,355,0a86cef77e746df7498a951b44f129e70bcc866f46a60476dd440dace69ac157
data/raw/iss_daily/CR/CRU5.csv,359,4cd646805723ed6d102d7adde1aae978aa86693470f709175367e75e74fc568b
data/raw/iss_daily/CR/CRU6.csv,370,563719e7e7faf810cee2184d9ad8cafd05067b4d71ab4e2a3b9f7767e2d03bd1
data/raw/iss_daily/CR/CRZ2.csv,128,5fdca5f06fd719e1327c3f0af07eff31f40c15239d7d05a61736c03b62ca362e
data/raw/iss_daily/CR/CRZ3.csv,272,18eeadb24b79a846d5f69ed5781aef568a238e6fabf767055eef81b1ef1401d1
data/raw/iss_daily/CR/CRZ4.csv,364,8d64bf1684901e306db9038fcfe200ea8cf51aaa01d81923b2073dbcd2eb95ad
data/raw/iss_daily/CR/CRZ5.csv,367,aaee7859e5d8e201c98dea3bdd930e9623363d03017092ea4f722479f4ce41de
data/raw/iss_daily/CR/CRZ6.csv,322,c8c0f3342b0771e99efc46ed2ab21e6ec174ad9732de6090ad2b6861735c75a3
data/raw/iss_daily/GD/GDH0.csv,192,f35203928beaff1938d09c6de7f330da5c9fa2b686adb4632b45a59a041d281b
data/raw/iss_daily/GD/GDH1.csv,244,3447e60d74c74880e6e8e90def402bbc192112175e85453874b1ef73caffb4c7
data/raw/iss_daily/GD/GDH2.csv,252,536abb4c34c110916c25ed3727e1112b165a8c2cc71c5e9acd6dc3989ae49a2a
data/raw/iss_daily/GD/GDH3.csv,223,187c81206fe4c2540dc5f259279b0f5aa0424db41f5fa4610960aaf927f7055b
data/raw/iss_daily/GD/GDH4.csv,267,ece6a0df798492fb453a08b1b888cc6969ed1df6ff10771f8f8bb0de7d8024ec
data/raw/iss_daily/GD/GDH5.csv,265,adf62ae5a9ccb10fd4ec1c7b476c634f950855186bed2298cbbe475d152028d0
data/raw/iss_daily/GD/GDH6.csv,261,e3b86d8c15cd635b04fc42de07974e5b4161f5b2b33012fadbea68f35ea069ab
data/raw/iss_daily/GD/GDM0.csv,226,e397b0513231a4926524745f1f0efc0c143271535298dfbd62fd2ef8a70cfd49
data/raw/iss_daily/GD/GDM1.csv,246,e23c17e8e701cf34eded1e4c8b3a683f49cf78769cc8d9d863d5c29fa6c97a58
data/raw/iss_daily/GD/GDM2.csv,251,a07a46eb3fd0eb04002e425eb5e022beec58c5de0e7884a960e20388340706f5
data/raw/iss_daily/GD/GDM3.csv,255,ea8530b312006c50a9f028ff7eed9a6c966f4f72333aaf2971c8cffc49998349
data/raw/iss_daily/GD/GDM4.csv,263,2a63b26a84564f2e1a457fa90b0c98fe186359484248454f1922b2898c08cfc6
data/raw/iss_daily/GD/GDM5.csv,259,5c1ab7503260b7f0c4ed021e58443ccfa10cfff8dca440e8a7013280fa0999f5
data/raw/iss_daily/GD/GDM6.csv,205,bee857b3678251b43e72c0acb6b130fa13ea7cb27520eae6ab1680138acaa44f
data/raw/iss_daily/GD/GDU0.csv,232,1ed447ff7bba96e208d9743831124dbab58d6d38cbccd956886c8aefe2cd06a5
data/raw/iss_daily/GD/GDU1.csv,244,327055fc6ddd5ddd46d4399ba0eca2cafc50d1dac10cc4518ebb553fa6b66f86
data/raw/iss_daily/GD/GDU2.csv,244,adf02d882ca05ddefc38653e91720ffaab9e26f827d7b2d0ca6a7e9766dcd492
data/raw/iss_daily/GD/GDU3.csv,262,aee9bbec43cf763960dbee9bfd7aefb32308c08090a9ceaf867da3d10cc6a09d
data/raw/iss_daily/GD/GDU4.csv,256,00c1141512011e1c0244938bba92b3b258052a8d16ee55955437c6c34f7edcec
data/raw/iss_daily/GD/GDU5.csv,260,cb236f704b6a64f32a76ed2630e8b332fa806e3d8da9806e64b8c44835e125cc
data/raw/iss_daily/GD/GDU6.csv,257,fb7cbdad1a22e3bff9d06a189d337aa5ac596547b205d10de1dd62a2b56b5d43
data/raw/iss_daily/GD/GDZ0.csv,251,c36fa05590b00969ee2448741d035b7b880a99560555e2b913e70107cc0e6648
data/raw/iss_daily/GD/GDZ1.csv,260,8e6537dd423839c9b4e61dae50a82d8b415bc6b96dcb8859d2f911987d4bd097
data/raw/iss_daily/GD/GDZ2.csv,256,4b1b4cee5b71f09706653c6de9c0ada1775956b3275e20209e399930f4dfc8c8
data/raw/iss_daily/GD/GDZ3.csv,265,2563f149be881fc4d6ecb73f4187ff356d7170d509fd3ba1d972331049532b3f
data/raw/iss_daily/GD/GDZ4.csv,263,913e79791954070c8417f33f8687c23e692caa9509512be006a6526b8a74d157
data/raw/iss_daily/GD/GDZ5.csv,258,91e3d8d82e64e02a2e0260050c804503a567338f56d2e15474f4b580fe8a6153
data/raw/iss_daily/GD/GDZ6.csv,198,cfd3cc6ab2a069698decf97514234e86500c660f360832c2e6b322aa5ab1414a
data/raw/iss_daily/GZ/GZH0.csv,179,69ca5f5dc8285c1b6a2ffb4b0e8f97d0db684df251b23281f1146fea9116cf93
data/raw/iss_daily/GZ/GZH1.csv,197,51d85234ccc247019bb6df4d6b81a8fa10e67aa59882d5906036e60d758bb588
data/raw/iss_daily/GZ/GZH2.csv,246,aef64fe10bd58888aab2a2f49e6d8dff2da7cccd315133067cb10b41861ad820
data/raw/iss_daily/GZ/GZH3.csv,232,b63d49cc6f9753edad468ce71041c40a966b8f6c687f01135e2b197069bdcf79
data/raw/iss_daily/GZ/GZH4.csv,265,8d5967f137dc5d9ec428c0187aa87ce3be2dcb311b3800bbc13ef1e6bdb5012c
data/raw/iss_daily/GZ/GZH5.csv,564,5936acffcebca63c89f2ba5f9e35533aa598d8fc463fbf0163a4495d443f6de1
data/raw/iss_daily/GZ/GZH6.csv,569,d05f8794f172f808b449bcd096b62ea56077fdec9229106fcdda601bb1264517
data/raw/iss_daily/GZ/GZM0.csv,186,f2290bb09f2bb6f568a8c173f98155509dd58d180c4a972d85fe0a5548111fd5
data/raw/iss_daily/GZ/GZM1.csv,196,c50cfefec066c21a37fd83133cac45472742bf65bd23d0bc31d06e29bf696963
data/raw/iss_daily/GZ/GZM2.csv,242,e1fac7a2542553ae456d185b2d11311ad2a0cd999bf956d8ade8d8ed5fdae384
data/raw/iss_daily/GZ/GZM3.csv,248,cefa548a2d4c9082a3b674706bbf2496b8dd2a47f9c83bf349609b3fc319438b
data/raw/iss_daily/GZ/GZM4.csv,633,6d4a8b9ede8f795a927598f5ef24126529af1dca1e17b43a9f5ac931de93ec43
data/raw/iss_daily/GZ/GZM5.csv,413,debf3527df26db877d864709f346704b2f37b1dc83a77d1cc42e2ab851086099
data/raw/iss_daily/GZ/GZM6.csv,635,693b11278f7a73f8861e2987048c2df484e5a42c78e1358ef79bf23858375d12
data/raw/iss_daily/GZ/GZU0.csv,220,8e4e1fb31a1dbe92fa169b69cbaffb0e340ec1352d57304400263d4622d50e4e
data/raw/iss_daily/GZ/GZU1.csv,234,796f33eabb20b273acf28680f743bc6d71aa16732bc98f5d52ad7dafaad67992
data/raw/iss_daily/GZ/GZU2.csv,245,3ed40ac7dc84c595ad1c6b568ad861a1dbf162f36bd56c60b137d06faf6f37cc
data/raw/iss_daily/GZ/GZU3.csv,246,c28c95b81a5cdeecc6ad3234a21bf6fb7ce0b1ef5ef4cf413c48fd1b30bb6015
data/raw/iss_daily/GZ/GZU4.csv,643,4b6949dfe86c801f5a64b2b37d831d68a891ce70dc02bf6cd471b566c55cc147
data/raw/iss_daily/GZ/GZU5.csv,555,e96a6e9c3f25f59988053447a1bedb23d6a8799f181c38ea7b803ee750a01677
data/raw/iss_daily/GZ/GZU6.csv,260,a180877a2cd3fd4113b96404408af50ba184f5c6f5d4d6741bde529740f41a8e
data/raw/iss_daily/GZ/GZZ0.csv,213,7b8d2d72363ebcac04ce5dcb4298286463ab7d1ab0eec063b8f13b7c4295ce9e
data/raw/iss_daily/GZ/GZZ1.csv,232,b43d72b9c0213508e61041b41847c90b6408553660789b3fe740d47eb4580085
data/raw/iss_daily/GZ/GZZ2.csv,244,dc43d4002de4c72cb9638d005993c19386fa840ef8977fcafb12afda70ebe4ae
data/raw/iss_daily/GZ/GZZ3.csv,235,e40fb5da5954a571fefc6cc6dc36c002a46f679f3c15960754e00ba6319cc1a5
data/raw/iss_daily/GZ/GZZ4.csv,632,c92785359bbaa9dc78b9a31258fa495bd151d78a6a319a9c67100a74b7be5ea1
data/raw/iss_daily/GZ/GZZ5.csv,566,ad20d0d9aa78267b446b12ae038952696cd1fcb0608a67f846d77d01cd0034c0
data/raw/iss_daily/GZ/GZZ6.csv,203,c8883a258af8970590d53b765ba52a792f921cdafc655b1d860729bbfd49be00
data/raw/iss_daily/MX/MXH0.csv,138,3c3cfb64b74817cbbbc7d79210d1ca02a7acd3d419c6746215639712416d756b
data/raw/iss_daily/MX/MXH1.csv,137,5633c8ff6cc3d80a05c0d927cdba38336f3adbdd1090aecf9228878ff64eb82f
data/raw/iss_daily/MX/MXH2.csv,154,bdfc55e60892c12686834620becf86f933217b80b2362054eea45456d01e286f
data/raw/iss_daily/MX/MXH3.csv,163,1ef8998ffe0312d827405b0e6c3888d61e1436f3c8a01eeca1a5f3ca19908cdb
data/raw/iss_daily/MX/MXH4.csv,196,97991b030cbee3ff949dda67b388c0c5dee0e95c14730564f8e517b4df7bdc26
data/raw/iss_daily/MX/MXH5.csv,208,e088dd1cf88c9642e099b582423ec9171451df793c128edd161b310b908509ef
data/raw/iss_daily/MX/MXH6.csv,224,131219d21fddfb28d51cef31640d5c3c3b88b00bce1249443db649f55ede17b9
data/raw/iss_daily/MX/MXM0.csv,156,0ef897a7d246266c58ead5f9284dfe799fb094fdf8e24e8984fbc4229447d689
data/raw/iss_daily/MX/MXM1.csv,132,a4df19cdd9dee61b25f9a148cfdb0eda8b540308741d283afdeead02c843031e
data/raw/iss_daily/MX/MXM2.csv,168,1b63cfb0347a59ba57c3cdb61699e6788dfc059f913b8bdea81678bb78228548
data/raw/iss_daily/MX/MXM3.csv,187,834b88b5a088c43ddddb7669f186babc719faca0278a0d9f5ba766b6405e5382
data/raw/iss_daily/MX/MXM4.csv,226,68efb851829559e002ae7fcb0741c4bd51340da1e1fd2ee373bbe3e66bced2f4
data/raw/iss_daily/MX/MXM5.csv,208,5cfd337a62c29d769b4b1dda70b45af47e232fa6cb999070954825137ebd9bc4
data/raw/iss_daily/MX/MXM6.csv,234,3ab1a222cb39555ceb3f59355fb869fd2c5dd0fba1b01aa57102cb4343f753b8
data/raw/iss_daily/MX/MXU0.csv,176,92b2be7d2ed142cb1ebbfd59b6ca34ad3c869ad98140475d6f91abd3260c0791
data/raw/iss_daily/MX/MXU1.csv,140,fa8bb2dbdf7355e41879214e1db1af05b900f03170fcf06d76ad8f3b383e159c
data/raw/iss_daily/MX/MXU2.csv,188,bcbe16dba2c0e174fe23d8c6f0032b2709befcd11a9eae643c84e286673a6d72
data/raw/iss_daily/MX/MXU3.csv,175,98c95251f5a29851d820d2009c6c02597e2c4fa630caf1257dc4e1eb94a4e8c4
data/raw/iss_daily/MX/MXU4.csv,188,a4c37573f5fcd9c6342b7102119d9f0aaca7e2c33a8f8d063b68b4c150f85aae
data/raw/iss_daily/MX/MXU5.csv,228,116df7a281f61f4ac82ccf63f3265b40b63e90afafb23c8b83283f0047956643
data/raw/iss_daily/MX/MXU6.csv,254,e8596f3c47a4ad4e41461963b8e5431b70b3a55f5af002e349be7b0e2a656b78
data/raw/iss_daily/MX/MXZ0.csv,170,0e96a3116a19a1c321506c2655c677eacfc970ca61909540cd0c7faef6d9f93d
data/raw/iss_daily/MX/MXZ1.csv,144,0a2d2a8a8d82192680c7db3a2f9ebf74e1843a2136288b84503a02f7de122a10
data/raw/iss_daily/MX/MXZ2.csv,181,6c2784f5598d89e1b1fb49a30b4f43b5ed7bbf5bd4b0fc8ed16afeb98bae9800
data/raw/iss_daily/MX/MXZ3.csv,211,b0c24184329a1f1d6e0ea93d3dc22dd44059ecc11d85d9963c13a0f82517650b
data/raw/iss_daily/MX/MXZ4.csv,222,3b8ae33545a2c36465aab1a8f3925e5d8a90fb87b7cfc272479ef4e49740f7d7
data/raw/iss_daily/MX/MXZ5.csv,227,6804be340f6134288702fc4c7915507e81ed569f125a56835b9720f7052c87ae
data/raw/iss_daily/MX/MXZ6.csv,240,b6850f54d8479c98770d6e21dc39e1aeeff2b73650fd6e34cfffeb209e96f3f4
data/raw/iss_daily/RI/RIH0.csv,186,3380abd591769272e4e9bd308f14b001f104090d2ed4c12ccfa31792fe93c8dd
data/raw/iss_daily/RI/RIH1.csv,261,eac425c38010cc52be75e407b19efb925f384abbf9dd4ce569925818a73c6bd6
data/raw/iss_daily/RI/RIH2.csv,308,4d9a11fe9f08911cd90b15bd62a660542c368271a7b30175f2678aecf62b4475
data/raw/iss_daily/RI/RIH3.csv,345,b0cef795757bd2b2bc13585edbf96b9654671b375b399244ad3b34304154943a
data/raw/iss_daily/RI/RIH4.csv,283,04bd6839bdf30e500959a83818280b3317a4e3c96b13487a7b8c11270be4f8f0
data/raw/iss_daily/RI/RIH5.csv,241,f01ab3a09ce8cd35b006d7df79127a36e9a4538e478278b5b29640b8ec7d9b88
data/raw/iss_daily/RI/RIH6.csv,284,8624dd2e42242105dbe73c58772b711cc5411df4b76c5389a43c7f60024ef26a
data/raw/iss_daily/RI/RIM0.csv,185,fc75e90f2f09f3be84951a8369d7696271de709c97e6a3886378736aa10a7454
data/raw/iss_daily/RI/RIM1.csv,284,524679bd810b57a85ef4dbd4f7a6683397a5d9cc867fbc72eac0cb4d48a1266a
data/raw/iss_daily/RI/RIM2.csv,324,e5e8c2e0ea04ab7280b0869312f8f58b4327609df7bb7cc3b3a4aac4e6945c69
data/raw/iss_daily/RI/RIM3.csv,357,75746b9268de4dc9b243541d91a066fe42d05fcf57a5198054d5bbfb48f1032d
data/raw/iss_daily/RI/RIM4.csv,261,1ee8d8f800d55d7d79d3130c4b9930f8d95872cd0dc0fc0a43d8d88bce6277bf
data/raw/iss_daily/RI/RIM5.csv,350,7a84842b07d599751c052c740e279883b7997b798c92556494c4ccd28b0e68ba
data/raw/iss_daily/RI/RIM6.csv,289,5f1fffe744e0c842ea4a9a9052815d651ad96902446b0baa843bcb3ac67f0334
data/raw/iss_daily/RI/RIU0.csv,192,b6a9e81c4fe8aa5ecec364eb9ddaf00c795547c76160788f1f651ee6d6a2812d
data/raw/iss_daily/RI/RIU1.csv,310,5715c6a4fb0770dc68294c412292bcca53cfd9309b58a195cc63185edf907bb5
data/raw/iss_daily/RI/RIU2.csv,302,b9ae9f0feb8ce7e8b473c5395b8925b8c842bef4775708ca7eca42f414b78ab7
data/raw/iss_daily/RI/RIU3.csv,363,a349ef5886d5fa010daa8d28627c9786bd974cad75efedadf3a5ef11977aea80
data/raw/iss_daily/RI/RIU4.csv,255,24fd5002a6a83fcafdf9a8018a1cb2c59aec0cfbeecfae2101e56565d0f1d116
data/raw/iss_daily/RI/RIU5.csv,237,78fca0960c2e48d65b61239660ac23ba5171676f6c8ad243f9f05ce71ed9d1e2
data/raw/iss_daily/RI/RIU6.csv,282,6c88ff1f673cf403d25d13122bc6729929df4e7999a623f4c15ebb59d7169276
data/raw/iss_daily/RI/RIZ0.csv,262,b0b3ce43c335b9ebc29e9611ba00ffb708a00a737888db58fda2821c7a49afb8
data/raw/iss_daily/RI/RIZ1.csv,349,d8a34894a597f2fb64462d55df77385c566008d208fb7c1c9081b70c3c00695d
data/raw/iss_daily/RI/RIZ2.csv,364,77d4fae0c5712e2f2d2ad927183e923ce1fd3376cc1fc89bf332efd3ed9332d2
data/raw/iss_daily/RI/RIZ3.csv,366,b91557599eae7a73825117e4cba94b285368d5750cac573eb6872797f7de67dc
data/raw/iss_daily/RI/RIZ4.csv,301,05f35a442f71e7dece8a6d5ce7faabc5c2183ac83151fd369d4ed329c5a3c6d8
data/raw/iss_daily/RI/RIZ5.csv,277,8eea750ee91aa4b51102ac47e00f2423c3ee4bf208114ffdef2765b0e2bc7697
data/raw/iss_daily/RI/RIZ6.csv,286,db5b1b887e1a6ad561ae5d82ceac27fd49b5b17f5bc6123e27e7c00f1da83c37
data/raw/iss_daily/SR/SRH0.csv,187,383f9a2619878225d006c369ef07e52e8a3c05159b4a834a997de00aeef2ec37
data/raw/iss_daily/SR/SRH1.csv,195,6b4e6a0c6bad860ce70ff68ff680d99aa769fa4b9a285f289fc905c306755a9b
data/raw/iss_daily/SR/SRH2.csv,226,10407e2d2d8f9b70c5b336039e57561527f7b2d5f6b722e8e03762622cc785d1
data/raw/iss_daily/SR/SRH3.csv,244,86452009917002bee7d4833401421c2f75303c9517e03af54c7120e858f7e4fe
data/raw/iss_daily/SR/SRH4.csv,266,1fe567c74c46d98a70b7436c95fc99ca11162dc3683200eda02ea2a482da97c6
data/raw/iss_daily/SR/SRH5.csv,264,abec5b787842b05f91e29a8690d7389cc2a82e386747c1350d4c23276f0f3db1
data/raw/iss_daily/SR/SRH6.csv,135,eae4ec50ed601f4e3a696b00498c77a7e5a118751288a4f8f264ff18bf062936
data/raw/iss_daily/SR/SRM0.csv,187,ac2f48357425482908cc4413476b278150c57c5b9f8cbbb51c250108f2917ba8
data/raw/iss_daily/SR/SRM1.csv,204,90c6e51913717a8c404aeebf6b954786f8ac25a145a6b73a82af2483df387c9d
data/raw/iss_daily/SR/SRM2.csv,225,763cf00f0798a455bf4d720863c2d1b95248c9120bed5e24f6d0d065a41251fb
data/raw/iss_daily/SR/SRM3.csv,253,0819fa5d01b599de5781390d9dfe2247f9a56c1348a5147bcb5c3c4257a4590a
data/raw/iss_daily/SR/SRM4.csv,266,cd41af870448845d21cc7e438edc0c32832246b71646d13aab34419cad9ab6e2
data/raw/iss_daily/SR/SRM5.csv,250,661fab29d4fc96582234b11419f0be671b68e4c2530ffae7b13440c80dc801c7
data/raw/iss_daily/SR/SRM6.csv,191,3c864037d1875fe3224ba4a1fa4f4f50f2bf3cc916653155e7a75ee4001c3c0d
data/raw/iss_daily/SR/SRU0.csv,207,7f49876376114a0ab612380559987f746ef9776723d8a3ac81412eefd686314a
data/raw/iss_daily/SR/SRU1.csv,234,270ad5bb720f8b73730d783db79a6fc22d6d58a936ad2eec78ea431221f5df9b
data/raw/iss_daily/SR/SRU2.csv,245,50ac1a43c69a8895dfbab0f4b7b89818363feb92a5c6f1359de65827f4f1721d
data/raw/iss_daily/SR/SRU3.csv,259,618fe60ba7605b8f4a21bba190d81ac2e7d9df69c4821c1532eede083a92452b
data/raw/iss_daily/SR/SRU4.csv,263,64b50d8df032cfc263994eb3cb40c89902aa6eb45411b445e32b16c74f218382
data/raw/iss_daily/SR/SRU5.csv,140,a1dfcfeb3e89046bccb575bc6af4513cfb1f1ae83579c5f0099c0e847bbb8280
data/raw/iss_daily/SR/SRU6.csv,250,3eb0ba92073fb110dc852ca92fd45a8dfc5e7febb075b456562f694c5eb83e7c
data/raw/iss_daily/SR/SRZ0.csv,222,9400b87a421b57dfc5aa121fe2e462ea23a8f77b6c11690baea76d36034d5054
data/raw/iss_daily/SR/SRZ1.csv,238,67e45abd8d664ebd8121bd92b2abea075975dac1ff63237dce8e82e389d05307
data/raw/iss_daily/SR/SRZ2.csv,243,2e9bd3be2035998bab7a24b153b6b8e54d33b23cadefbaa2e2bf7611602e19c9
data/raw/iss_daily/SR/SRZ3.csv,264,a8911161e5fe9cceae3d4051d1c5b315a5782919e4f560087a9982f50d15ad35
data/raw/iss_daily/SR/SRZ4.csv,251,c0208db662a515774cef63f01f3f7ac25f39b02f33dee0aca1663f0bb52d4621
data/raw/iss_daily/SR/SRZ5.csv,141,4b80f41b323db1c4418f9e6734902cc9a78fca7f33134409014af626c40e723f
data/raw/iss_daily/SR/SRZ6.csv,188,ed37be34a6f34fdbe706ae07d0a5ac09b8cf3e8683520ebc1919cfe5dd514f05
data/raw/iss_daily/Si/SiH0.csv,200,24aba93176a00c16d2796b54c657e80a81906dbbf555f5d8db9d9d3e8bdbe97e
data/raw/iss_daily/Si/SiH1.csv,414,17fb468ce055f1c4b249d6706096e3a21e0eeb56ad722b4eb72edb3fd2e52ba6
data/raw/iss_daily/Si/SiH2.csv,479,0c0573a18c62cc520db427a99bd5f1780d563da08f192de10b9be9b5bee0d2f9
data/raw/iss_daily/Si/SiH3.csv,432,55fd1ce4dd7f8ab66f7d7654e22e88f8067a80fdbac6afc2a61e0cf73e9e77c3
data/raw/iss_daily/Si/SiH4.csv,447,0fb9e6f07f0edf8616059c02a4a69e78fafc416330fb8bbb82990a5ccde95ef8
data/raw/iss_daily/Si/SiH5.csv,477,b75ae20e0abb5ba553b3c8ae62311236bec69a93ae1ba57701ef166ad2d30ba0
data/raw/iss_daily/Si/SiH6.csv,440,11b6b740609c020ffe8ca39046388d5a90abe7973bb9fb3a10e2cbdc3cf0fd56
data/raw/iss_daily/Si/SiM0.csv,261,2131122866f1ab17948e13152ee385bc957844a707cd4784f5f130921c3e5d59
data/raw/iss_daily/Si/SiM1.csv,440,38e4eff6ee15151f95d0b76081d57c95e3f044cd6dfd0695f7832a7230621d0e
data/raw/iss_daily/Si/SiM2.csv,449,ad340a5bac4135295e9d39a4a69939765c1bc5d2d7ef47a4baae4bffae296c81
data/raw/iss_daily/Si/SiM3.csv,457,03a62f8aa6e5491214e729d88ac91fccf6f698cfe44af3eaa5cdc625ac5da09d
data/raw/iss_daily/Si/SiM4.csv,492,bcbfddd99009e48d2ba818fe1fd14f6d1f5b195d5a0ee6f7952ef0ee39fb69e2
data/raw/iss_daily/Si/SiM5.csv,476,e86371edb39d76c4684ab1f03b42d46a5dd0b606160a135dada1fdf3c958ddbc
data/raw/iss_daily/Si/SiM6.csv,451,5bc02d9c7d089301ba60e81b5e85f8b5e4e2688bbafffdd53b54a7f5de37e47e
data/raw/iss_daily/Si/SiU0.csv,294,e3da5de646d16de5584bb9b0b4457a6e9021846c68329bfd717fb5fea8787993
data/raw/iss_daily/Si/SiU1.csv,482,d6c2339a98af1aa8a4fc290448c5b1cc669dee44e6902b1e5973a7798e24e41d
data/raw/iss_daily/Si/SiU2.csv,474,898eb70aa1bfa13279465c1e5160afc5c260e1be1bb20cb1d82f06551c09bc47
data/raw/iss_daily/Si/SiU3.csv,496,ca88629baf2b7a01da515695280ab17588c6619f133253e6505e79131a77c556
data/raw/iss_daily/Si/SiU4.csv,490,2989c82c3e481280f766d3dae07635ee9bb8b0bce003151587dec13b6b0b9a43
data/raw/iss_daily/Si/SiU5.csv,495,9ca9431beafdfb3e7a58e22df0096c67cd3c6b857fc4e68cbe9a680df0f79350
data/raw/iss_daily/Si/SiU6.csv,478,c7842bb209286cc8aaee608a3eaff59d2dc844a5a3a06710d166abed6c3cae1a
data/raw/iss_daily/Si/SiZ0.csv,360,2528bce3a7926e7f5cf1798275ce02c43d27faf77b6c5d992a46fabfbdfed0ba
data/raw/iss_daily/Si/SiZ1.csv,485,079a21131c8ef45f3074c6a0860076cb7799d2fae6165c3db915063e0beda471
data/raw/iss_daily/Si/SiZ2.csv,496,2dcb1fa40d9d1a60af75d2150d2e402c3f42ef712bfe85be5592cdce3f1e346f
data/raw/iss_daily/Si/SiZ3.csv,512,d8099757a41c2fa842abfb702f324929002c0903234ef73d04f75ff7e49c1775
data/raw/iss_daily/Si/SiZ4.csv,487,be7be930bd458ba820742a3bc381f75e5bc10c64e0af8a649ffde41894da6a11
data/raw/iss_daily/Si/SiZ5.csv,450,c276d3a643f4e6b53a469c73311e20a62ca9a6a2392c7b444e6deef11b96e136
data/raw/iss_daily/Si/SiZ6.csv,426,2dcfe62342e48e4e370335ec03296397f82a781d84a1b9e897a4f1353d869fd6
data/raw/iss_equity_daily/AFLT.csv,1961,4015f2580cdace331b8cd42e25c2f7a5de1b04beac1af30c84fc3b74502c2d5e
data/raw/iss_equity_daily/ALRS.csv,1961,e904e6b7a2af8c64e59f1dffca631150e13906c791841ebca72a38bffc0c6d64
data/raw/iss_equity_daily/GAZP.csv,1961,30d600c56f41930a0eb46bcf269fbbe0f26b38b54df7483ce01efe46c01e555b
data/raw/iss_equity_daily/GMKN.csv,1957,e04bad9d99038b7354819566d9444a06bd7427ff51ba407a29e3cc82c28484c4
data/raw/iss_equity_daily/LKOH.csv,1961,5e307530aa0f4252913fbba13b4aaecd0b0ddedc1164038fd1d27989781616a5
data/raw/iss_equity_daily/MGNT.csv,1961,57a34fef9f7dc365485c59b7f94bd689b1e44a814bb767147dd039b0dff1f67f
data/raw/iss_equity_daily/NVTK.csv,1957,a80391ea81009ba72140d99ea2d4b476e9fff63fcb3091eb424185849a616186
data/raw/iss_equity_daily/PLZL.csv,1954,7a5acb0d544569bae8e6e48699f2c4bdf7729496fd6e7d70399647e270ac34fb
data/raw/iss_equity_daily/ROSN.csv,1961,00fe16d364d92840e2b9c527cc8cbbc7e5bdd9eb285921e6a92270f3499be72b
data/raw/iss_equity_daily/SBER.csv,1961,d86b8270afd67ff55a2ab6f99b624d5395a65f1a2e853d7cc03c62463476a87d
data/raw/iss_equity_daily/TATN.csv,1959,45d551f63436322e068844261bcc101397ad13239f845648832eb51c6bf06c40
data/raw/iss_equity_daily/VTBR.csv,1957,45fed32d879ff5fc426fcbe4694ca8beb373b99dd103a2c7494629b2de2fd0fb
