candidate,risk_per_trade,leverage_vs_vt10,ann_vol,hist_m_mean,hist_m_median,hist_m_min,hist_mdd,hist_total,mc_monthly_median,mc_mdd_median,mc_mdd_p95,p_dd10,p_dd20,p_dd30,p_dd50,p_dd70,p_ruin,p_loss_year
C1_TREND_FUT_ENS,0.001,0.06383006598026411,0.0063830065980264115,0.0005102912985491915,0.0004965490155894869,-0.002063121812853952,0.0051592611269594135,0.0056027486962879625,0.0004797263717564171,0.006134574666525117,0.011828833319617973,0.0,0.0,0.0,0.0,0.0,0.0,0.228
C1_TREND_FUT_ENS,0.0025,0.15957516495066026,0.015957516495066028,0.0012747866218402787,0.0012391310903001607,-0.005162712539626857,0.012862708030492054,0.013956258297360247,0.0011903522114404819,0.015295430892174056,0.029375172778314494,0.0,0.0,0.0,0.0,0.0,0.0,0.22966
C1_TREND_FUT_ENS,0.005,0.31915032990132053,0.031915032990132056,0.00254635991238675,0.002470773667918147,-0.010341576357609461,0.02560761246166099,0.02773741254333051,0.002350299353246932,0.030448510046053257,0.058111492993412936,0.00042,0.0,0.0,0.0,0.0,0.0,0.2323
C1_TREND_FUT_ENS,0.0075,0.47872549485198074,0.047872549485198077,0.003814577826451711,0.003694895887682348,-0.015536200086708085,0.03823536115470971,0.04133148904726269,0.0034787092028896183,0.04546457379306773,0.08619798904212585,0.01862,0.0,0.0,0.0,0.0,0.0,0.23568
C1_TREND_FUT_ENS,0.01,0.6383006598026411,0.06383006598026411,0.005079294924094626,0.004911466000265152,-0.020746192434538013,0.050746601482989706,0.05472654463249027,0.004575692697077471,0.060347769340409585,0.11365750755363342,0.09818,0.00018,0.0,0.0,0.0,0.0,0.23832
C1_TREND_FUT_ENS,0.015,0.9574509897039615,0.09574509897039615,0.007597627886316652,0.007321823390903814,-0.031210718395652814,0.07542214398590008,0.08087206926835111,0.006674893586444242,0.08970667863136705,0.16667665512157745,0.38844,0.01302,4e-05,0.0,0.0,0.0,0.24408
C1_TREND_FUT_ENS,0.02,1.2766013196052821,0.12766013196052822,0.01010012708043172,0.009701593794613883,-0.04173202669225373,0.09963940848264052,0.10607966386682,0.008655085950923791,0.11850935662915846,0.21716120198963157,0.6795,0.08114,0.00302,0.0,0.0,0.0,0.25058
C1_TREND_FUT_ENS,0.03,1.914901979407923,0.1914901979407923,0.015052423229785243,0.014368373429720638,-0.06293249801803902,0.14671973185952714,0.15331192767777946,0.012221149880488946,0.17460151318748002,0.3113109097845248,0.95074,0.3554,0.0631,0.00014,0.0,0.0,0.26244
C1_TREND_FUT_ENS,0.05,3.1915032990132053,0.31915032990132053,0.02470671891168522,0.02332397854271706,-0.10587772215277436,0.23560738394463887,0.23260482610779554,0.017872122428781667,0.2802633688280845,0.4730342387122708,0.99972,0.84688,0.42104,0.03086,0.00012,0.0,0.28938
C1_TREND_FUT_ENS,0.075,4.7872549485198075,0.4787254948519808,0.036175324960955504,0.033269892922634936,-0.16032507467728419,0.33725096356228335,0.29704573800427414,0.022055040660458713,0.40024562215864123,0.6315058787244113,1.0,0.99038,0.82424,0.2316,0.01408,0.0,0.32324
C1_TREND_FUT_ENS,0.1,6.383006598026411,0.6383006598026411,0.04676893800717838,0.03892011709120591,-0.21526861750244097,0.4289655952771344,0.31667274068761997,0.022963026532667685,0.5072752562322353,0.7500923968503281,1.0,0.99956,0.96572,0.52028,0.10102,0.00022,0.36014
C2_TREND_ALL_ENS,0.001,0.06290584392500824,0.0062905843925008245,0.00044440233999561276,0.00011655538377741692,-0.0018685572685711582,0.005111329719025948,0.00488329795416953,0.0004227745201166311,0.0058720845393513965,0.011403984135069168,0.0,0.0,0.0,0.0,0.0,0.0,0.23562
C2_TREND_ALL_ENS,0.0025,0.15726460981252058,0.01572646098125206,0.0011069593216753411,0.00028016667942498685,-0.004673948266576744,0.01274363248948196,0.012143699754906256,0.0010475714132605063,0.014649482269488812,0.02833607765107251,0.0,0.0,0.0,0.0,0.0,0.0,0.23764
C2_TREND_ALL_ENS,0.005,0.31452921962504116,0.03145292196250412,0.0022002797477983908,0.0005228336498281916,-0.00935626932280531,0.025371967885737035,0.02406633241463596,0.002064805603072317,0.029178892865760087,0.05607178437506524,0.00018,0.0,0.0,0.0,0.0,0.0,0.24066
C2_TREND_ALL_ENS,0.0075,0.4717938294375617,0.047179382943756176,0.0032796779452655134,0.0007278262395813417,-0.014046693257730447,0.03788564713131848,0.035756863013657325,0.0030523347867323913,0.04358437165465762,0.08320844014540592,0.01378,0.0,0.0,0.0,0.0,0.0,0.24386
C2_TREND_ALL_ENS,0.01,0.6290584392500823,0.06290584392500824,0.004344868760164166,0.0008949715750032894,-0.018744950867269794,0.050285309918969956,0.04720435827127534,0.0040056872473432925,0.05790075672218309,0.1097763518091682,0.08242,8e-05,0.0,0.0,0.0,0.0,0.2468
C2_TREND_ALL_ENS,0.015,0.9435876588751234,0.09435876588751235,0.006431478815429614,0.0011150381187745584,-0.028163893909049165,0.07474513858871001,0.06932711211612896,0.005825194524285537,0.08614920381243951,0.16122184162895326,0.3488,0.0098,4e-05,0.0,0.0,0.0,0.2539
C2_TREND_ALL_ENS,0.02,1.2581168785001646,0.12581168785001648,0.00845779414073624,0.001181687142979948,-0.037610959462977434,0.09875654610161733,0.09034975703989057,0.007513870241200538,0.11394150580269524,0.21038130555410092,0.63722,0.0678,0.002,0.0,0.0,0.0,0.26116
C2_TREND_ALL_ENS,0.03,1.8871753177502468,0.1887175317750247,0.012320149666909268,0.0008495001781176903,-0.056580963399443185,0.1454543633820503,0.12876901085064052,0.010507992244676911,0.16819699230757518,0.3024402000238782,0.93514,0.3187,0.05258,8e-05,0.0,0.0,0.27578
C2_TREND_ALL_ENS,0.05,3.145292196250412,0.3145292196250412,0.019216769602745643,-0.0009319714536514256,-0.09476572702436004,0.23769021902291754,0.18902519216909974,0.014992323722279322,0.27090104847418706,0.462133412895978,0.99954,0.81548,0.38546,0.02462,6e-05,0.0,0.30458
C2_TREND_ALL_ENS,0.075,4.717938294375617,0.47179382943756176,0.026083181068275774,-0.0022645478597400626,-0.14278600935841346,0.35007556425007613,0.22831132079938055,0.017598597284175455,0.3889831622706447,0.6199958038968393,1.0,0.98692,0.7924,0.20692,0.0107,0.0,0.34438
C2_TREND_ALL_ENS,0.1,6.290584392500824,0.6290584392500824,0.030710291931645994,-0.0041735032301847275,-0.1908950895875302,0.45507147202125686,0.22338796647209103,0.016995103217360086,0.49563309848697784,0.7394976170631745,1.0,0.99944,0.95596,0.4872,0.08802,0.00016,0.3853
C3_XSMOM_EQ_ENS,0.001,0.06408482317952233,0.006408482317952233,-0.000631898364008444,-0.0005625118442927901,-0.0033984348218180083,0.011866485638630686,-0.006944358030791853,-0.0006240080643201695,0.012114507042463807,0.02351979659860935,0.0,0.0,0.0,0.0,0.0,0.0,0.83112
C3_XSMOM_EQ_ENS,0.0025,0.1602120579488058,0.01602120579488058,-0.0015835565465645623,-0.0014108647957254972,-0.008489873016599203,0.029482061481608035,-0.017377153993121675,-0.0015691456857621633,0.030095052954910606,0.05789949955459112,8e-05,0.0,0.0,0.0,0.0,0.0,0.83214
C3_XSMOM_EQ_ENS,0.005,0.3204241158976116,0.03204241158976116,-0.0031798230392626648,-0.002836972198523524,-0.016958896053390737,0.058352512668599754,-0.034802262477100054,-0.0031678973675536293,0.0595412893727601,0.11284319442898148,0.10334,2e-05,0.0,0.0,0.0,0.0,0.83454
C3_XSMOM_EQ_ENS,0.0075,0.48063617384641744,0.048063617384641745,-0.004788812569813248,-0.004278244428815414,-0.025406814532302535,0.08661570637756744,-0.05226369630002581,-0.00479615634552133,0.08835763951692394,0.1649488786867268,0.39272,0.0097,0.0,0.0,0.0,0.0,0.83664
C3_XSMOM_EQ_ENS,0.01,0.6408482317952232,0.06408482317952233,-0.0064105358035094154,-0.005734603307710584,-0.03383337602988978,0.11427624699220595,-0.0697499494542031,-0.00645632719835787,0.11654821743456362,0.2144087055229422,0.62424,0.07952,0.00138,0.0,0.0,0.0,0.83884
C3_XSMOM_EQ_ENS,0.015,0.9612723476928349,0.09612723476928349,-0.00969221393592612,-0.008692266325796782,-0.05062142920567392,0.16780898356126606,-0.10475157597858309,-0.00986494223359835,0.17103528903030796,0.30557568125374623,0.8596,0.35556,0.0576,2e-05,0.0,0.0,0.84334
C3_XSMOM_EQ_ENS,0.02,1.2816964635904464,0.12816964635904465,-0.013024894413861747,-0.0117093280041084,-0.06732107956879363,0.2189922050266383,-0.1397179973401218,-0.01339067745823197,0.22297655088845003,0.3874357927401583,0.9509,0.5962,0.22138,0.00218,0.0,0.0,0.84762
C3_XSMOM_EQ_ENS,0.03,1.9225446953856697,0.19225446953856698,-0.019843218255724115,-0.017919083967324334,-0.10044744272423556,0.3144926302203088,-0.20920242649869525,-0.020814278512399365,0.3199258392281608,0.5260813267161953,0.99348,0.84738,0.56266,0.07832,0.00032,0.0,0.85546
C3_XSMOM_EQ_ENS,0.05,3.2042411589761164,0.32042411589761166,-0.034089287265627106,-0.03102285688069195,-0.16555629473217137,0.4794617566207645,-0.34416317244831707,-0.03709508150491947,0.4870480977755664,0.7232947823247783,0.99992,0.98046,0.8778,0.46932,0.07454,2e-05,0.87114
C3_XSMOM_EQ_ENS,0.075,4.806361738464174,0.48063617384641744,-0.053023267565111006,-0.05519239707410761,-0.2446528823783657,0.6415791089189162,-0.4997979170219855,-0.06022012385272291,0.6508723096080433,0.8657926655383795,1.0,0.99834,0.97722,0.78472,0.38556,0.01392,0.8892
C3_XSMOM_EQ_ENS,0.1,6.408482317952233,0.6408482317952233,-0.07316947758934936,-0.09265341791321768,-0.321017912707527,0.7618841596357965,-0.6351465149045187,-0.08640935597852673,0.7710973658546657,0.9391344420564812,1.0,0.99988,0.99534,0.91656,0.65594,0.1115,0.9056
C4_CARRY_FX,0.001,0.07910578435367216,0.007910578435367216,5.711391007604235e-05,0.00028768242590948567,-0.005068698667143545,0.010021463013617504,0.0005800668256155106,5.35730180102334e-05,0.00872921921977371,0.017458116889625813,0.0,0.0,0.0,0.0,0.0,0.0,0.46794
C4_CARRY_FX,0.0025,0.1977644608841804,0.01977644608841804,0.0001494657393712462,0.0007138149744294608,-0.012637710933538937,0.024899776821268094,0.001342843752192513,0.00012364773591655442,0.021725238825615945,0.04315472372451203,0.0,0.0,0.0,0.0,0.0,0.0,0.47038
C4_CARRY_FX,0.005,0.3955289217683608,0.03955289217683608,0.00032118815089944195,0.0014096507039074169,-0.02516219074986059,0.04929050232802512,0.0023272856740270687,0.000213525114008295,0.04312505255783139,0.08472242284839544,0.01624,0.0,0.0,0.0,0.0,0.0,0.47496
C4_CARRY_FX,0.0075,0.5932933826525412,0.05932933826525412,0.0005151412279403553,0.0020874908691730365,-0.03757385828764925,0.07317944936772103,0.002952336035373593,0.0002721821292963611,0.06421269868168833,0.12473398901326184,0.14746,0.00044,0.0,0.0,0.0,0.0,0.47922
C4_CARRY_FX,0.01,0.7910578435367216,0.07910578435367216,0.0007312970692014369,0.0027473198437995006,-0.04987313822456674,0.09657387281864649,0.0032173800119270624,0.0002951940823101573,0.08498405126627429,0.16326469829300685,0.35216,0.01088,2e-05,0.0,0.0,0.0,0.48262
C4_CARRY_FX,0.015,1.1865867653050823,0.11865867653050824,0.0012300960848135034,0.0040128851793255205,-0.07413626257953276,0.14190806258235578,0.0026668692922020565,0.000243906911103986,0.125544549392259,0.23597155270717077,0.70438,0.12278,0.00658,0.0,0.0,0.0,0.4907
C4_CARRY_FX,0.02,1.5821156870734432,0.15821156870734432,0.0018173248464257365,0.005206235553378846,-0.09795507408340343,0.1853506512148938,0.0006783544388293539,6.181479438804871e-05,0.164814066047399,0.30324105229924453,0.8937,0.31968,0.05344,2e-05,0.0,0.0,0.49812
C4_CARRY_FX,0.03,2.3731735306101647,0.23731735306101648,0.003255885581041426,0.007375902180397631,-0.1442742304450979,0.26678901439701386,-0.007572367314995887,-0.0006942771238068746,0.23966674116635617,0.4223948902575298,0.99236,0.6742,0.28198,0.00982,0.0,0.0,0.5136
C4_CARRY_FX,0.05,3.955289217683608,0.39552892176836085,0.007179561122852078,0.010844993958296856,-0.2317444774924181,0.4094412538047174,-0.040560600818169035,-0.003761080526918259,0.37507910707721276,0.6090595747814169,0.99996,0.96272,0.72732,0.19264,0.0086,0.0,0.5438
C4_CARRY_FX,0.075,5.932933826525411,0.5932933826525412,0.014010915973267474,0.013546185029521984,-0.3317217202918431,0.5542557986562423,-0.1095934370235937,-0.010562949415371392,0.5188670611860775,0.7667579548533657,1.0,0.99834,0.9524,0.54642,0.1272,0.00046,0.58048
C4_CARRY_FX,0.1,7.910578435367216,0.7910578435367217,0.022921625180696837,0.014430731290916876,-0.42179304265222783,0.6676781539770316,-0.20305002218178048,-0.020473667421119335,0.6370886269041334,0.8653900857138583,1.0,0.99994,0.99442,0.79394,0.35578,0.01236,0.61678
C5_TREND_FUT_LONGONLY,0.001,0.06557503046557385,0.006557503046557386,0.0003754760235471701,5.08142882122975e-05,-0.001673287144471236,0.006622441589135608,0.0041222398578113495,0.0003687412307198379,0.005825733197949046,0.011241246760075083,0.0,0.0,0.0,0.0,0.0,0.0,0.25022
C5_TREND_FUT_LONGONLY,0.0025,0.16393757616393462,0.016393757616393462,0.0009344746558895026,0.00012006282858756379,-0.004179708614475031,0.01648266420696043,0.010228415337825147,0.0009122250110835672,0.014533380000597063,0.02794370482051521,0.0,0.0,0.0,0.0,0.0,0.0,0.2526
C5_TREND_FUT_LONGONLY,0.005,0.32787515232786923,0.032787515232786925,0.0018548119997900251,0.00021687957544203051,-0.00834772348534396,0.03272221618417914,0.020194232263385903,0.0017930321481014477,0.028959433438043414,0.05532745078377291,8e-05,0.0,0.0,0.0,0.0,0.0,0.25684
C5_TREND_FUT_LONGONLY,0.0075,0.49181272849180385,0.04918127284918039,0.0027608498740434684,0.00029044513066645017,-0.01250405170956681,0.04872179674477661,0.029887588717763203,0.002642155186519224,0.04329417488307691,0.08215342104876956,0.01288,0.0,0.0,0.0,0.0,0.0,0.26046
C5_TREND_FUT_LONGONLY,0.01,0.6557503046557385,0.06557503046557385,0.003652424619194915,0.00034075549107237535,-0.016648700498115843,0.06448451260845212,0.03929879968053984,0.003457004707377198,0.05751205881563909,0.1084299458210302,0.07654,6e-05,0.0,0.0,0.0,0.0,0.26466
C5_TREND_FUT_LONGONLY,0.015,0.9836254569836077,0.09836254569836078,0.005391522448963197,0.0003716001562350524,-0.02490298917919187,0.09531160834407393,0.05723701958938654,0.004985648116289543,0.08564462755666619,0.1594077972119305,0.34198,0.0087,2e-05,0.0,0.0,0.0,0.27238
C5_TREND_FUT_LONGONLY,0.02,1.311500609311477,0.1311500609311477,0.0070707653774199075,0.0003094037292747931,-0.03311064947808451,0.12522768594520317,0.07393551534485132,0.0063988039403275465,0.11336224195050015,0.20830028344327042,0.63842,0.0624,0.00164,0.0,0.0,0.0,0.28004
C5_TREND_FUT_LONGONLY,0.03,1.9672509139672154,0.19672509139672156,0.010244198544648723,-9.40627963603724e-05,-0.0493863336775785,0.1824208877723691,0.1033391180344041,0.008808977368290893,0.16750432581889968,0.2995627824829921,0.94714,0.31212,0.04952,6e-05,0.0,0.0,0.29672
C5_TREND_FUT_LONGONLY,0.05,3.2787515232786926,0.3278751523278693,0.015810942696198104,-0.002015943664136599,-0.08138099639938234,0.2868816223467553,0.144512614149235,0.012073162558736028,0.2706898405480959,0.45856723092099366,0.9997,0.82356,0.38064,0.02338,2e-05,0.0,0.3322
C5_TREND_FUT_LONGONLY,0.075,4.918127284918039,0.4918127284918039,0.021182016946741176,-0.006500421055949057,-0.12033634895361833,0.40058287377531876,0.15940882707370863,0.01311146721361367,0.3896664888480772,0.6182574033240767,1.0,0.98806,0.80156,0.20722,0.01026,0.0,0.37506
C5_TREND_FUT_LONGONLY,0.1,6.557503046557385,0.6557503046557386,0.024598860200528018,-0.01327811811816515,-0.1644498707805615,0.49869709354949754,0.13174501561252527,0.010849577796121057,0.4972795882128109,0.7388127802407082,1.0,0.99956,0.96384,0.49268,0.08634,0.00014,0.42242
C6_WF_PANEL_SHARPE_K10_SMOOTH,0.001,0.07478829123087923,0.007478829123087923,0.0007871019199293548,-3.4714425477866406e-05,-0.0012294742258741609,0.004276366763384165,0.007094113455389017,0.0008502790646307545,0.005031259766142326,0.009426774285915878,0.0,0.0,0.0,0.0,0.0,0.0,0.08564
C6_WF_PANEL_SHARPE_K10_SMOOTH,0.0025,0.18697072807719806,0.018697072807719806,0.0019649942197083664,-8.750745384611402e-05,-0.0030754591028838707,0.010670772896997693,0.01774817348129476,0.0021174674652726377,0.012549239473195029,0.023441903179266924,0.0,0.0,0.0,0.0,0.0,0.0,0.08646
C6_WF_PANEL_SHARPE_K10_SMOOTH,0.005,0.3739414561543961,0.03739414561543961,0.003920602555721773,-0.00017741942326765514,-0.006156779975348248,0.021274319328318025,0.035534946350195495,0.004208884897277665,0.025004520229591987,0.04648566103211915,0.0,0.0,0.0,0.0,0.0,0.0,0.08786
C6_WF_PANEL_SHARPE_K10_SMOOTH,0.0075,0.5609121842315942,0.05609121842315942,0.005866479440819651,-0.0002697356775849258,-0.009243868880309813,0.03181049513679457,0.053352025796600255,0.006271453263376525,0.037365390227832584,0.06910820669416101,0.00318,0.0,0.0,0.0,0.0,0.0,0.08948
C6_WF_PANEL_SHARPE_K10_SMOOTH,0.01,0.7478829123087922,0.07478829123087923,0.007802278354363102,-0.000364455972357014,-0.012336632173194362,0.04227916442369306,0.07119096092639232,0.008306275285285825,0.049618614229719415,0.09141967337339835,0.02914,0.0,0.0,0.0,0.0,0.0,0.09114
C6_WF_PANEL_SHARPE_K10_SMOOTH,0.015,1.1218243684631883,0.11218243684631884,0.0116422519520494,-0.0005611076367081358,-0.01853880782541084,0.06301348078829194,0.10689983631173305,0.012290918982613253,0.07385134844059921,0.13471146825429978,0.20014,0.0019,0.0,0.0,0.0,0.0,0.0943
C6_WF_PANEL_SHARPE_K10_SMOOTH,0.02,1.4957658246175844,0.14957658246175845,0.015437735521524942,-0.0007673721856070737,-0.02476255974205488,0.08347634422394712,0.1425910115251845,0.016164907265903805,0.09769468195075853,0.1763920760577065,0.47398,0.02142,0.00022,0.0,0.0,0.0,0.0971
C6_WF_PANEL_SHARPE_K10_SMOOTH,0.03,2.2436487369263767,0.2243648736926377,0.022884036962106453,-0.0012087299133571872,-0.03727181208270325,0.12358465573308486,0.21362740404789893,0.023560836885693437,0.14428255333071965,0.2552343292066446,0.87836,0.1729,0.01548,0.0,0.0,0.0,0.10414
C6_WF_PANEL_SHARPE_K10_SMOOTH,0.05,3.739414561543961,0.3739414561543961,0.03711941699738346,-0.0022066773926373573,-0.06251655334897865,0.20051719541015278,0.3521694194983269,0.036932594722854484,0.23296527337402734,0.395498080172926,0.9994,0.68714,0.2188,0.00568,0.0,0.0,0.11812
C6_WF_PANEL_SHARPE_K10_SMOOTH,0.075,5.6091218423159415,0.5609121842315942,0.05345105920953636,-0.0036698742285932173,-0.09443603559922065,0.29051223631375234,0.512132797375124,0.050879847583719995,0.3356121299641435,0.5417530945929525,1.0,0.96746,0.64774,0.08836,0.00176,0.0,0.13852
C6_WF_PANEL_SHARPE_K10_SMOOTH,0.1,7.478829123087922,0.7478829123087922,0.06783935542241887,-0.00537228367699083,-0.12667484737029688,0.3736849463204258,0.6480297148226899,0.061756390952806495,0.42923115816317325,0.6589205846460765,1.0,0.99902,0.90626,0.29144,0.0257,0.0,0.16052
C7_WF_PANEL_SORTINO_K1,0.001,0.07302206236506341,0.007302206236506341,0.0011705873315835391,0.0005161651543694745,-0.0008057692508676162,0.003945687046540303,0.009392488369143859,0.001139335716260348,0.0042750131851793105,0.007695387370009515,0.0,0.0,0.0,0.0,0.0,0.0,0.02968
C7_WF_PANEL_SORTINO_K1,0.0025,0.18255515591265853,0.018255515591265852,0.0029239178368196256,0.0012883427175340856,-0.0020146833817932253,0.009851647663218888,0.02356490650935772,0.0028413081033151766,0.010666471634392882,0.01915635957258552,0.0,0.0,0.0,0.0,0.0,0.0,0.02998
C7_WF_PANEL_SORTINO_K1,0.005,0.36511031182531706,0.036511031182531704,0.005839059715572997,0.0025697653952068134,-0.004030224032533614,0.019661085625303776,0.04740584289348537,0.005658052024167803,0.021268498483871856,0.03806086018390281,0.0,0.0,0.0,0.0,0.0,0.0,0.03078
C7_WF_PANEL_SORTINO_K1,0.0075,0.5476654677379755,0.05476654677379755,0.008744909298116194,0.003844231579169022,-0.006046602759927522,0.029427741415427477,0.07151712467341209,0.008449637851362768,0.03180867405230614,0.05669883495579413,0.00038,0.0,0.0,0.0,0.0,0.0,0.03138
C7_WF_PANEL_SORTINO_K1,0.01,0.7302206236506341,0.07302206236506341,0.011640947292473933,0.005111704921963778,-0.008063800402315802,0.03915105558970289,0.09589275004001996,0.011216051424816076,0.04227680373877102,0.07508236228393297,0.0073,0.0,0.0,0.0,0.0,0.0,0.03198
C7_WF_PANEL_SORTINO_K1,0.015,1.095330935475951,0.1095330935475951,0.017401497526439713,0.0076255282349105835,-0.012100575939536506,0.058465485880217716,0.14541143063713502,0.01667978427455652,0.06303249030290753,0.11111841382160656,0.0907,0.0003,0.0,0.0,0.0,0.0,0.03362
C7_WF_PANEL_SORTINO_K1,0.02,1.4604412473012682,0.14604412473012682,0.02311650305272646,0.010110946737601378,-0.01614039796959299,0.07760015786796959,0.19590748533359714,0.022039419996397802,0.08352076366870265,0.14610475140864226,0.29448,0.00504,2e-05,0.0,0.0,0.0,0.03516
C7_WF_PANEL_SORTINO_K1,0.03,2.190661870951902,0.2190661870951902,0.034392871390177784,0.01499542395098108,-0.024228573316194102,0.11531436087699531,0.2995885235739173,0.0324454696903278,0.12367291182444923,0.21308060851946917,0.7604,0.0741,0.00328,0.0,0.0,0.0,0.03808
C7_WF_PANEL_SORTINO_K1,0.05,3.651103118253171,0.3651103118253171,0.05621052961598681,0.0244110274424596,-0.04043482038758095,0.18842212083225474,0.5157202009797162,0.051980575050119215,0.20087827975780315,0.33603474260535127,0.99518,0.50568,0.10272,0.00092,0.0,0.0,0.04488
C7_WF_PANEL_SORTINO_K1,0.075,5.476654677379756,0.5476654677379756,0.0817466466360259,0.03549518451998013,-0.06073635463668148,0.2752072135481354,0.7952764651404733,0.07390461845903085,0.29185026436228195,0.47010592007243895,0.99996,0.91706,0.46202,0.03064,0.0002,0.0,0.05542
C7_WF_PANEL_SORTINO_K1,0.1,7.302206236506342,0.7302206236506342,0.10485305073609415,0.045786592104281154,-0.08106928762192356,0.3566129192419647,1.0732886827615542,0.09293948226162785,0.3763501838811276,0.5841862066814354,1.0,0.99416,0.80362,0.15438,0.0063,0.0,0.0668
C8_WF_PANEL_FLOOR_K5,0.001,0.07631670896667593,0.007631670896667594,0.00034663935446530323,0.00033880735137570284,-0.0026803592187996106,0.00741418858500531,0.003108722535271502,0.0003666470378747011,0.007222327475055079,0.014517644208992216,0.0,0.0,0.0,0.0,0.0,0.0,0.2975
C8_WF_PANEL_FLOOR_K5,0.0025,0.19079177241668982,0.019079177241668983,0.0008643166508386368,0.0008410400333933588,-0.006698541684728165,0.018443622976252794,0.007709626643431999,0.0009070275115532489,0.01798348012061446,0.03596019666445311,0.0,0.0,0.0,0.0,0.0,0.0,0.29946
C8_WF_PANEL_FLOOR_K5,0.005,0.38158354483337964,0.038158354483337965,0.0017208956283078442,0.0016621264835547933,-0.013388941193334114,0.03658344906824962,0.015209370878312312,0.0017835791421798586,0.03572228598501104,0.07080014172547625,0.00372,0.0,0.0,0.0,0.0,0.0,0.30276
C8_WF_PANEL_FLOOR_K5,0.0075,0.5723753172500695,0.05723753172500695,0.0025694882976851196,0.0024632116362219847,-0.020070664368145308,0.05442387657895176,0.022494410670063525,0.0026303056331342667,0.053240575531128265,0.10453668335324431,0.06438,0.0,0.0,0.0,0.0,0.0,0.30584
C8_WF_PANEL_FLOOR_K5,0.01,0.7631670896667593,0.07631670896667593,0.0034098440082850593,0.003244248699346919,-0.02674318496087691,0.07196924946444272,0.029560057319450106,0.0034453331673061083,0.0704980192827323,0.1372078851219839,0.2022,0.00254,0.0,0.0,0.0,0.0,0.30876
C8_WF_PANEL_FLOOR_K5,0.015,1.144750634500139,0.1144750634500139,0.005064832293037286,0.004745996021068066,-0.04005855272891412,0.10619193867034449,0.0430151115134787,0.004976673121811714,0.1043494657242694,0.1994684519886703,0.54296,0.04928,0.00132,0.0,0.0,0.0,0.3152
C8_WF_PANEL_FLOOR_K5,0.02,1.5263341793335186,0.15263341793335186,0.006683817649840076,0.00616701268993558,-0.05333099126209895,0.13928520172975323,0.055539868011759363,0.006386554347137752,0.13732307068041555,0.25788589647905025,0.78788,0.17422,0.01678,0.0,0.0,0.0,0.32166
C8_WF_PANEL_FLOOR_K5,0.03,2.289501269000278,0.2289501269000278,0.009805472284643742,0.008765506022387903,-0.07973148685588494,0.2022140286834363,0.07767207138078258,0.008831637188940977,0.2004680410389849,0.3636829445919669,0.9694,0.5026,0.14682,0.0021,0.0,0.0,0.33434
C8_WF_PANEL_FLOOR_K5,0.05,3.8158354483337966,0.3815835448333797,0.015524086823380813,0.012979746553896554,-0.13185259805235716,0.3159100031156187,0.10953167494394278,0.012277415965581184,0.316370431638598,0.5370318343420009,0.99986,0.89936,0.56166,0.08566,0.00162,0.0,0.36168
C8_WF_PANEL_FLOOR_K5,0.075,5.723753172500695,0.5723753172500695,0.021509416371632076,0.016383418169311215,-0.19545680231296403,0.43759929616376114,0.12464991906476319,0.013753523118382738,0.4435512210532152,0.6949677362552419,1.0,0.993,0.87908,0.35446,0.0461,0.0,0.39556
C8_WF_PANEL_FLOOR_K5,0.1,7.631670896667593,0.7631670896667594,0.025945875731351566,0.01769279116884137,-0.2570093504125358,0.5396120924681354,0.11171343100820152,0.012241246466694777,0.5528913908949589,0.8038007118636573,1.0,0.99986,0.9765,0.63396,0.1848,0.00216,0.42916
C9_META_RP,0.001,0.08432393763225594,0.008432393763225595,1.0065546891180333e-05,-0.00028797557230197945,-0.003950122805991163,0.006227841962507363,7.088940099087004e-05,1.9766524438802335e-05,0.009074433855140118,0.01866824786077786,0.0,0.0,0.0,0.0,0.0,0.0,0.48938
C9_META_RP,0.0025,0.21080984408063988,0.02108098440806399,2.6521107970933767e-05,-0.0007301740089748487,-0.009859967545287951,0.015515669820403533,7.919297157354954e-05,3.934332179422739e-05,0.0225784821861838,0.04611020128288371,0.0,0.0,0.0,0.0,0.0,0.0,0.49152
C9_META_RP,0.005,0.42161968816127976,0.04216196881612798,5.752635096125669e-05,-0.00149446971319539,-0.01966871707526685,0.030852217680338967,-0.00016859165429394807,4.52467814684443e-05,0.04479634248482334,0.09035578393589459,0.02704,0.0,0.0,0.0,0.0,0.0,0.495
C9_META_RP,0.0075,0.6324295322419196,0.06324295322419196,9.293983050142617e-05,-0.002292893198757362,-0.029426089346694217,0.04601088500050132,-0.0007435469970660247,1.964249449470934e-05,0.06666753505859907,0.13283318605651218,0.17946,0.00136,0.0,0.0,0.0,0.0,0.49836
C9_META_RP,0.01,0.8432393763225595,0.08432393763225596,0.00013268426653602062,-0.0031254461577662207,-0.03913192949321753,0.060992914348126814,-0.0016455593357866949,-3.735916487868085e-05,0.08815390154512026,0.17361092833513142,0.38846,0.01876,6e-05,0.0,0.0,0.0,0.50224
C9_META_RP,0.015,1.2648590644838391,0.12648590644838392,0.00022484996686521485,-0.004892925266942683,-0.058388415765867285,0.09043203430513769,-0.004428763496525545,-0.0002522238076614336,0.1301341636852844,0.25025776270561706,0.72392,0.1546,0.01152,0.0,0.0,0.0,0.50916
C9_META_RP,0.02,1.686478752645119,0.16864787526451192,0.00033337749793821425,-0.006796832536269337,-0.07743702408539088,0.11917953583534213,-0.00851115082773557,-0.0005911465207907307,0.17066534904208602,0.32057071976088786,0.89706,0.35488,0.07362,0.00016,0.0,0.0,0.51634
C9_META_RP,0.03,2.5297181289676782,0.25297181289676784,0.0005968229739747088,-0.011013280839054729,-0.11490634582958792,0.17463956098287126,-0.020520851247509797,-0.0016744241711992291,0.24791234890984476,0.44444715735809476,0.98874,0.69708,0.31786,0.01744,2e-05,0.0,0.53082
C9_META_RP,0.05,4.216196881612798,0.4216196881612798,0.0012891579399514131,-0.021072206602478938,-0.18730742007331425,0.27769891862069573,-0.059285757028679775,-0.005437029363078771,0.3866975519645695,0.6349609763862818,1.0,0.95694,0.74626,0.2292,0.01558,0.0,0.56012
C9_META_RP,0.075,6.324295322419196,0.6324295322419196,0.0023999434653833363,-0.036652211563118486,-0.2729909263429977,0.39295423356644765,-0.13243637904287686,-0.013170943883417885,0.5333726932115408,0.7910205604988281,1.0,0.99744,0.9489,0.57774,0.16282,0.00126,0.59696
C9_META_RP,0.1,8.432393763225596,0.8432393763225596,0.003681115951520042,-0.055480152774476266,-0.3532672773158313,0.5018405359284893,-0.22714366648896056,-0.024239371107412144,0.6529705465517712,0.8848196447905342,1.0,0.99996,0.9921,0.80746,0.39512,0.0204,0.63244
